2026-09-25T00:01:59.834+05:30 DEBUG 37120 --- [student-management-system] [http-nio-8080-exec-2] org.hibernate.SQL                        : 
    select
        u1_0.id,
        u1_0.created_at,
        u1_0.password,
        u1_0.role,
        u1_0.updated_at,
        u1_0.username 
    from
        users u1_0 
    where
        u1_0.username=?
2026-09-25T00:01:59.834+05:30 DEBUG 37120 --- [student-management-system] [http-nio-8080-exec-10] org.hibernate.SQL                        : 
    select
        u1_0.id,
        u1_0.created_at,
        u1_0.password,
        u1_0.role,
        u1_0.updated_at,
        u1_0.username 
    from
        users u1_0 
    where
        u1_0.username=?
2026-09-25T00:01:59.878+05:30 TRACE 37120 --- [student-management-system] [http-nio-8080-exec-2] org.hibernate.orm.jdbc.bind              : binding parameter (1:VARCHAR) <- [admin]
2026-09-25T00:01:59.834+05:30 DEBUG 37120 --- [student-management-system] [http-nio-8080-exec-4] org.hibernate.SQL                        : 
    select
        u1_0.id,
        u1_0.created_at,
        u1_0.password,
        u1_0.role,
        u1_0.updated_at,
        u1_0.username 
    from
        users u1_0 
    where
        u1_0.username=?
2026-09-25T00:01:59.880+05:30 TRACE 37120 --- [student-management-system] [http-nio-8080-exec-10] org.hibernate.orm.jdbc.bind              : binding parameter (1:VARCHAR) <- [admin]
2026-09-25T00:01:59.880+05:30 TRACE 37120 --- [student-management-system] [http-nio-8080-exec-4] org.hibernate.orm.jdbc.bind              : binding parameter (1:VARCHAR) <- [admin]
2026-09-25T00:01:59.941+05:30 DEBUG 37120 --- [student-management-system] [http-nio-8080-exec-10] org.hibernate.SQL                        : 
    select
        s1_0.id,
        s1_0.address,
        s1_0.created_at,
        s1_0.date_of_birth,
        s1_0.email,
        s1_0.first_name,
        s1_0.last_name,
        s1_0.phone,
        s1_0.updated_at 
    from
        students s1_0 
    order by
        s1_0.id 
    limit
        ?, ?
2026-09-25T00:01:59.941+05:30 DEBUG 37120 --- [student-management-system] [http-nio-8080-exec-2] org.hibernate.SQL                        : 
    select
        c1_0.id,
        c1_0.course_code,
        c1_0.course_name,
        c1_0.created_at,
        c1_0.description,
        c1_0.duration,
        c1_0.fees,
        c1_0.updated_at 
    from
        courses c1_0 
    order by
        c1_0.id 
    limit
        ?, ?
2026-09-25T00:01:59.941+05:30 DEBUG 37120 --- [student-management-system] [http-nio-8080-exec-4] org.hibernate.SQL                        : 
    select
        e1_0.id,
        e1_0.course_id,
        c1_0.id,
        c1_0.course_code,
        c1_0.course_name,
        c1_0.created_at,
        c1_0.description,
        c1_0.duration,
        c1_0.fees,
        c1_0.updated_at,
        e1_0.created_at,
        e1_0.enrollment_date,
        e1_0.status,
        e1_0.student_id,
        s1_0.id,
        s1_0.address,
        s1_0.created_at,
        s1_0.date_of_birth,
        s1_0.email,
        s1_0.first_name,
        s1_0.last_name,
        s1_0.phone,
        s1_0.updated_at,
        e1_0.updated_at 
    from
        enrollments e1_0 
    join
        courses c1_0 
            on c1_0.id=e1_0.course_id 
    join
        students s1_0 
            on s1_0.id=e1_0.student_id 
    limit
        ?, ?
2026-09-25T00:01:59.941+05:30 TRACE 37120 --- [student-management-system] [http-nio-8080-exec-10] org.hibernate.orm.jdbc.bind              : binding parameter (1:INTEGER) <- [0]
2026-09-25T00:01:59.942+05:30 TRACE 37120 --- [student-management-system] [http-nio-8080-exec-2] org.hibernate.orm.jdbc.bind              : binding parameter (1:INTEGER) <- [0]
2026-09-25T00:01:59.942+05:30 TRACE 37120 --- [student-management-system] [http-nio-8080-exec-10] org.hibernate.orm.jdbc.bind              : binding parameter (2:INTEGER) <- [100]
2026-09-25T00:01:59.942+05:30 TRACE 37120 --- [student-management-system] [http-nio-8080-exec-2] org.hibernate.orm.jdbc.bind              : binding parameter (2:INTEGER) <- [100]
2026-09-25T00:01:59.942+05:30 TRACE 37120 --- [student-management-system] [http-nio-8080-exec-4] org.hibernate.orm.jdbc.bind              : binding parameter (1:INTEGER) <- [0]
2026-09-25T00:01:59.942+05:30 TRACE 37120 --- [student-management-system] [http-nio-8080-exec-4] org.hibernate.orm.jdbc.bind              : binding parameter (2:INTEGER) <- [10]
2026-09-25T00:01:59.955+05:30 DEBUG 37120 --- [student-management-system] [http-nio-8080-exec-5] org.hibernate.SQL                        : 
    select
        u1_0.id,
        u1_0.created_at,
        u1_0.password,
        u1_0.role,
        u1_0.updated_at,
        u1_0.username 
    from
        users u1_0 
    where
        u1_0.username=?
2026-09-25T00:01:59.955+05:30 DEBUG 37120 --- [student-management-system] [http-nio-8080-exec-8] org.hibernate.SQL                        : 
    select
        u1_0.id,
        u1_0.created_at,
        u1_0.password,
        u1_0.role,
        u1_0.updated_at,
        u1_0.username 
    from
        users u1_0 
    where
        u1_0.username=?
2026-09-25T00:01:59.955+05:30 TRACE 37120 --- [student-management-system] [http-nio-8080-exec-5] org.hibernate.orm.jdbc.bind              : binding parameter (1:VARCHAR) <- [admin]
2026-09-25T00:01:59.956+05:30 TRACE 37120 --- [student-management-system] [http-nio-8080-exec-8] org.hibernate.orm.jdbc.bind              : binding parameter (1:VARCHAR) <- [admin]
2026-09-25T00:01:59.959+05:30 DEBUG 37120 --- [student-management-system] [http-nio-8080-exec-4] org.hibernate.SQL                        : 
    select
        u1_0.id,
        u1_0.created_at,
        u1_0.password,
        u1_0.role,
        u1_0.updated_at,
        u1_0.username 
    from
        users u1_0 
    where
        u1_0.username=?
2026-09-25T00:01:59.959+05:30 TRACE 37120 --- [student-management-system] [http-nio-8080-exec-4] org.hibernate.orm.jdbc.bind              : binding parameter (1:VARCHAR) <- [admin]
2026-09-25T00:01:59.961+05:30 DEBUG 37120 --- [student-management-system] [http-nio-8080-exec-5] org.hibernate.SQL                        : 
    select
        s1_0.id,
        s1_0.address,
        s1_0.created_at,
        s1_0.date_of_birth,
        s1_0.email,
        s1_0.first_name,
        s1_0.last_name,
        s1_0.phone,
        s1_0.updated_at 
    from
        students s1_0 
    order by
        s1_0.id 
    limit
        ?, ?
2026-09-25T00:01:59.961+05:30 DEBUG 37120 --- [student-management-system] [http-nio-8080-exec-8] org.hibernate.SQL                        : 
    select
        c1_0.id,
        c1_0.course_code,
        c1_0.course_name,
        c1_0.created_at,
        c1_0.description,
        c1_0.duration,
        c1_0.fees,
        c1_0.updated_at 
    from
        courses c1_0 
    order by
        c1_0.id 
    limit
        ?, ?
2026-09-25T00:01:59.961+05:30 TRACE 37120 --- [student-management-system] [http-nio-8080-exec-5] org.hibernate.orm.jdbc.bind              : binding parameter (1:INTEGER) <- [0]
2026-09-25T00:01:59.961+05:30 TRACE 37120 --- [student-management-system] [http-nio-8080-exec-8] org.hibernate.orm.jdbc.bind              : binding parameter (1:INTEGER) <- [0]
2026-09-25T00:01:59.961+05:30 TRACE 37120 --- [student-management-system] [http-nio-8080-exec-5] org.hibernate.orm.jdbc.bind              : binding parameter (2:INTEGER) <- [100]
2026-09-25T00:01:59.961+05:30 TRACE 37120 --- [student-management-system] [http-nio-8080-exec-8] org.hibernate.orm.jdbc.bind              : binding parameter (2:INTEGER) <- [100]
2026-09-25T00:01:59.963+05:30 DEBUG 37120 --- [student-management-system] [http-nio-8080-exec-4] org.hibernate.SQL                        : 
    select
        e1_0.id,
        e1_0.course_id,
        c1_0.id,
        c1_0.course_code,
        c1_0.course_name,
        c1_0.created_at,
        c1_0.description,
        c1_0.duration,
        c1_0.fees,
        c1_0.updated_at,
        e1_0.created_at,
        e1_0.enrollment_date,
        e1_0.status,
        e1_0.student_id,
        s1_0.id,
        s1_0.address,
        s1_0.created_at,
        s1_0.date_of_birth,
        s1_0.email,
        s1_0.first_name,
        s1_0.last_name,
        s1_0.phone,
        s1_0.updated_at,
        e1_0.updated_at 
    from
        enrollments e1_0 
    join
        courses c1_0 
            on c1_0.id=e1_0.course_id 
    join
        students s1_0 
            on s1_0.id=e1_0.student_id 
    limit
        ?, ?
2026-09-25T00:01:59.964+05:30 TRACE 37120 --- [student-management-system] [http-nio-8080-exec-4] org.hibernate.orm.jdbc.bind              : binding parameter (1:INTEGER) <- [0]
2026-09-25T00:01:59.964+05:30 TRACE 37120 --- [student-management-system] [http-nio-8080-exec-4] org.hibernate.orm.jdbc.bind              : binding parameter (2:INTEGER) <- [10]
2026-09-25T00:02:03.326+05:30 DEBUG 37120 --- [student-management-system] [http-nio-8080-exec-9] org.hibernate.SQL                        : 
    select
        u1_0.id,
        u1_0.created_at,
        u1_0.password,
        u1_0.role,
        u1_0.updated_at,
        u1_0.username 
    from
        users u1_0 
    where
        u1_0.username=?
2026-09-25T00:02:03.326+05:30 TRACE 37120 --- [student-management-system] [http-nio-8080-exec-9] org.hibernate.orm.jdbc.bind              : binding parameter (1:VARCHAR) <- [admin]
2026-09-25T00:02:03.336+05:30 DEBUG 37120 --- [student-management-system] [http-nio-8080-exec-9] org.hibernate.SQL                        : 
    select
        e1_0.id,
        e1_0.course_id,
        e1_0.created_at,
        e1_0.enrollment_date,
        e1_0.status,
        e1_0.student_id,
        e1_0.updated_at 
    from
        enrollments e1_0 
    where
        e1_0.id=?
2026-09-25T00:02:03.338+05:30 TRACE 37120 --- [student-management-system] [http-nio-8080-exec-9] org.hibernate.orm.jdbc.bind              : binding parameter (1:BIGINT) <- [2]
2026-09-25T00:02:03.352+05:30 DEBUG 37120 --- [student-management-system] [http-nio-8080-exec-9] org.hibernate.SQL                        : 
    delete 
    from
        enrollments 
    where
        id=?
2026-09-25T00:02:03.352+05:30 TRACE 37120 --- [student-management-system] [http-nio-8080-exec-9] org.hibernate.orm.jdbc.bind              : binding parameter (1:BIGINT) <- [2]
2026-09-25T00:02:03.382+05:30 DEBUG 37120 --- [student-management-system] [http-nio-8080-exec-7] org.hibernate.SQL                        : 
    select
        u1_0.id,
        u1_0.created_at,
        u1_0.password,
        u1_0.role,
        u1_0.updated_at,
        u1_0.username 
    from
        users u1_0 
    where
        u1_0.username=?
2026-09-25T00:02:03.382+05:30 DEBUG 37120 --- [student-management-system] [http-nio-8080-exec-1] org.hibernate.SQL                        : 
    select
        u1_0.id,
        u1_0.created_at,
        u1_0.password,
        u1_0.role,
        u1_0.updated_at,
        u1_0.username 
    from
        users u1_0 
    where
        u1_0.username=?
2026-09-25T00:02:03.382+05:30 TRACE 37120 --- [student-management-system] [http-nio-8080-exec-7] org.hibernate.orm.jdbc.bind              : binding parameter (1:VARCHAR) <- [admin]
2026-09-25T00:02:03.382+05:30 TRACE 37120 --- [student-management-system] [http-nio-8080-exec-1] org.hibernate.orm.jdbc.bind              : binding parameter (1:VARCHAR) <- [admin]
2026-09-25T00:02:03.383+05:30 DEBUG 37120 --- [student-management-system] [http-nio-8080-exec-10] org.hibernate.SQL                        : 
    select
        u1_0.id,
        u1_0.created_at,
        u1_0.password,
        u1_0.role,
        u1_0.updated_at,
        u1_0.username 
    from
        users u1_0 
    where
        u1_0.username=?
2026-09-25T00:02:03.384+05:30 TRACE 37120 --- [student-management-system] [http-nio-8080-exec-10] org.hibernate.orm.jdbc.bind              : binding parameter (1:VARCHAR) <- [admin]
2026-09-25T00:02:03.392+05:30 DEBUG 37120 --- [student-management-system] [http-nio-8080-exec-7] org.hibernate.SQL                        : 
    select
        s1_0.id,
        s1_0.address,
        s1_0.created_at,
        s1_0.date_of_birth,
        s1_0.email,
        s1_0.first_name,
        s1_0.last_name,
        s1_0.phone,
        s1_0.updated_at 
    from
        students s1_0 
    order by
        s1_0.id 
    limit
        ?, ?
2026-09-25T00:02:03.392+05:30 DEBUG 37120 --- [student-management-system] [http-nio-8080-exec-10] org.hibernate.SQL                        : 
    select
        c1_0.id,
        c1_0.course_code,
        c1_0.course_name,
        c1_0.created_at,
        c1_0.description,
        c1_0.duration,
        c1_0.fees,
        c1_0.updated_at 
    from
        courses c1_0 
    order by
        c1_0.id 
    limit
        ?, ?
2026-09-25T00:02:03.392+05:30 DEBUG 37120 --- [student-management-system] [http-nio-8080-exec-1] org.hibernate.SQL                        : 
    select
        e1_0.id,
        e1_0.course_id,
        c1_0.id,
        c1_0.course_code,
        c1_0.course_name,
        c1_0.created_at,
        c1_0.description,
        c1_0.duration,
        c1_0.fees,
        c1_0.updated_at,
        e1_0.created_at,
        e1_0.enrollment_date,
        e1_0.status,
        e1_0.student_id,
        s1_0.id,
        s1_0.address,
        s1_0.created_at,
        s1_0.date_of_birth,
        s1_0.email,
        s1_0.first_name,
        s1_0.last_name,
        s1_0.phone,
        s1_0.updated_at,
        e1_0.updated_at 
    from
        enrollments e1_0 
    join
        courses c1_0 
            on c1_0.id=e1_0.course_id 
    join
        students s1_0 
            on s1_0.id=e1_0.student_id 
    limit
        ?, ?
2026-09-25T00:02:03.392+05:30 TRACE 37120 --- [student-management-system] [http-nio-8080-exec-7] org.hibernate.orm.jdbc.bind              : binding parameter (1:INTEGER) <- [0]
2026-09-25T00:02:03.393+05:30 TRACE 37120 --- [student-management-system] [http-nio-8080-exec-7] org.hibernate.orm.jdbc.bind              : binding parameter (2:INTEGER) <- [100]
2026-09-25T00:02:03.393+05:30 TRACE 37120 --- [student-management-system] [http-nio-8080-exec-10] org.hibernate.orm.jdbc.bind              : binding parameter (1:INTEGER) <- [0]
2026-09-25T00:02:03.393+05:30 TRACE 37120 --- [student-management-system] [http-nio-8080-exec-1] org.hibernate.orm.jdbc.bind              : binding parameter (1:INTEGER) <- [0]
2026-09-25T00:02:03.393+05:30 TRACE 37120 --- [student-management-system] [http-nio-8080-exec-10] org.hibernate.orm.jdbc.bind              : binding parameter (2:INTEGER) <- [100]
2026-09-25T00:02:03.393+05:30 TRACE 37120 --- [student-management-system] [http-nio-8080-exec-1] org.hibernate.orm.jdbc.bind              : binding parameter (2:INTEGER) <- [10]
2026-09-25T00:03:14.740+05:30 DEBUG 37120 --- [student-management-system] [http-nio-8080-exec-5] org.hibernate.SQL                        : 
    select
        u1_0.id,
        u1_0.created_at,
        u1_0.password,
        u1_0.role,
        u1_0.updated_at,
        u1_0.username 
    from
        users u1_0 
    where
        u1_0.username=?
2026-09-25T00:03:14.740+05:30 DEBUG 37120 --- [student-management-system] [http-nio-8080-exec-4] org.hibernate.SQL                        : 
    select
        u1_0.id,
        u1_0.created_at,
        u1_0.password,
        u1_0.role,
        u1_0.updated_at,
        u1_0.username 
    from
        users u1_0 
    where
        u1_0.username=?
2026-09-25T00:03:14.740+05:30 DEBUG 37120 --- [student-management-system] [http-nio-8080-exec-8] org.hibernate.SQL                        : 
    select
        u1_0.id,
        u1_0.created_at,
        u1_0.password,
        u1_0.role,
        u1_0.updated_at,
        u1_0.username 
    from
        users u1_0 
    where
        u1_0.username=?
2026-09-25T00:03:14.742+05:30 TRACE 37120 --- [student-management-system] [http-nio-8080-exec-4] org.hibernate.orm.jdbc.bind              : binding parameter (1:VARCHAR) <- [admin]
2026-09-25T00:03:14.742+05:30 TRACE 37120 --- [student-management-system] [http-nio-8080-exec-8] org.hibernate.orm.jdbc.bind              : binding parameter (1:VARCHAR) <- [admin]
2026-09-25T00:03:14.742+05:30 TRACE 37120 --- [student-management-system] [http-nio-8080-exec-5] org.hibernate.orm.jdbc.bind              : binding parameter (1:VARCHAR) <- [admin]
2026-09-25T00:03:14.823+05:30 DEBUG 37120 --- [student-management-system] [http-nio-8080-exec-8] org.hibernate.SQL                        : 
    select
        s1_0.id,
        s1_0.address,
        s1_0.created_at,
        s1_0.date_of_birth,
        s1_0.email,
        s1_0.first_name,
        s1_0.last_name,
        s1_0.phone,
        s1_0.updated_at 
    from
        students s1_0 
    order by
        s1_0.id 
    limit
        ?, ?
2026-09-25T00:03:14.823+05:30 DEBUG 37120 --- [student-management-system] [http-nio-8080-exec-5] org.hibernate.SQL                        : 
    select
        c1_0.id,
        c1_0.course_code,
        c1_0.course_name,
        c1_0.created_at,
        c1_0.description,
        c1_0.duration,
        c1_0.fees,
        c1_0.updated_at 
    from
        courses c1_0 
    order by
        c1_0.id 
    limit
        ?, ?
2026-09-25T00:03:14.823+05:30 TRACE 37120 --- [student-management-system] [http-nio-8080-exec-5] org.hibernate.orm.jdbc.bind              : binding parameter (1:INTEGER) <- [0]
2026-09-25T00:03:14.823+05:30 TRACE 37120 --- [student-management-system] [http-nio-8080-exec-5] org.hibernate.orm.jdbc.bind              : binding parameter (2:INTEGER) <- [100]
2026-09-25T00:03:14.823+05:30 TRACE 37120 --- [student-management-system] [http-nio-8080-exec-8] org.hibernate.orm.jdbc.bind              : binding parameter (1:INTEGER) <- [0]
2026-09-25T00:03:14.823+05:30 TRACE 37120 --- [student-management-system] [http-nio-8080-exec-8] org.hibernate.orm.jdbc.bind              : binding parameter (2:INTEGER) <- [100]
2026-09-25T00:03:14.823+05:30 DEBUG 37120 --- [student-management-system] [http-nio-8080-exec-4] org.hibernate.SQL                        : 
    select
        e1_0.id,
        e1_0.course_id,
        c1_0.id,
        c1_0.course_code,
        c1_0.course_name,
        c1_0.created_at,
        c1_0.description,
        c1_0.duration,
        c1_0.fees,
        c1_0.updated_at,
        e1_0.created_at,
        e1_0.enrollment_date,
        e1_0.status,
        e1_0.student_id,
        s1_0.id,
        s1_0.address,
        s1_0.created_at,
        s1_0.date_of_birth,
        s1_0.email,
        s1_0.first_name,
        s1_0.last_name,
        s1_0.phone,
        s1_0.updated_at,
        e1_0.updated_at 
    from
        enrollments e1_0 
    join
        courses c1_0 
            on c1_0.id=e1_0.course_id 
    join
        students s1_0 
            on s1_0.id=e1_0.student_id 
    limit
        ?, ?
2026-09-25T00:03:14.824+05:30 TRACE 37120 --- [student-management-system] [http-nio-8080-exec-4] org.hibernate.orm.jdbc.bind              : binding parameter (1:INTEGER) <- [0]
2026-09-25T00:03:14.824+05:30 TRACE 37120 --- [student-management-system] [http-nio-8080-exec-4] org.hibernate.orm.jdbc.bind              : binding parameter (2:INTEGER) <- [10]
2026-09-25T00:03:14.841+05:30 DEBUG 37120 --- [student-management-system] [http-nio-8080-exec-3] org.hibernate.SQL                        : 
    select
        u1_0.id,
        u1_0.created_at,
        u1_0.password,
        u1_0.role,
        u1_0.updated_at,
        u1_0.username 
    from
        users u1_0 
    where
        u1_0.username=?
2026-09-25T00:03:14.841+05:30 DEBUG 37120 --- [student-management-system] [http-nio-8080-exec-6] org.hibernate.SQL                        : 
    select
        u1_0.id,
        u1_0.created_at,
        u1_0.password,
        u1_0.role,
        u1_0.updated_at,
        u1_0.username 
    from
        users u1_0 
    where
        u1_0.username=?
2026-09-25T00:03:14.841+05:30 DEBUG 37120 --- [student-management-system] [http-nio-8080-exec-1] org.hibernate.SQL                        : 
    select
        u1_0.id,
        u1_0.created_at,
        u1_0.password,
        u1_0.role,
        u1_0.updated_at,
        u1_0.username 
    from
        users u1_0 
    where
        u1_0.username=?
2026-09-25T00:03:14.841+05:30 TRACE 37120 --- [student-management-system] [http-nio-8080-exec-3] org.hibernate.orm.jdbc.bind              : binding parameter (1:VARCHAR) <- [admin]
2026-09-25T00:03:14.841+05:30 TRACE 37120 --- [student-management-system] [http-nio-8080-exec-6] org.hibernate.orm.jdbc.bind              : binding parameter (1:VARCHAR) <- [admin]
2026-09-25T00:03:14.841+05:30 TRACE 37120 --- [student-management-system] [http-nio-8080-exec-1] org.hibernate.orm.jdbc.bind              : binding parameter (1:VARCHAR) <- [admin]
2026-09-25T00:03:14.848+05:30 DEBUG 37120 --- [student-management-system] [http-nio-8080-exec-6] org.hibernate.SQL                        : 
    select
        c1_0.id,
        c1_0.course_code,
        c1_0.course_name,
        c1_0.created_at,
        c1_0.description,
        c1_0.duration,
        c1_0.fees,
        c1_0.updated_at 
    from
        courses c1_0 
    order by
        c1_0.id 
    limit
        ?, ?
2026-09-25T00:03:14.848+05:30 DEBUG 37120 --- [student-management-system] [http-nio-8080-exec-3] org.hibernate.SQL                        : 
    select
        s1_0.id,
        s1_0.address,
        s1_0.created_at,
        s1_0.date_of_birth,
        s1_0.email,
        s1_0.first_name,
        s1_0.last_name,
        s1_0.phone,
        s1_0.updated_at 
    from
        students s1_0 
    order by
        s1_0.id 
    limit
        ?, ?
2026-09-25T00:03:14.848+05:30 TRACE 37120 --- [student-management-system] [http-nio-8080-exec-6] org.hibernate.orm.jdbc.bind              : binding parameter (1:INTEGER) <- [0]
2026-09-25T00:03:14.848+05:30 TRACE 37120 --- [student-management-system] [http-nio-8080-exec-3] org.hibernate.orm.jdbc.bind              : binding parameter (1:INTEGER) <- [0]
2026-09-25T00:03:14.849+05:30 TRACE 37120 --- [student-management-system] [http-nio-8080-exec-3] org.hibernate.orm.jdbc.bind              : binding parameter (2:INTEGER) <- [100]
2026-09-25T00:03:14.849+05:30 TRACE 37120 --- [student-management-system] [http-nio-8080-exec-6] org.hibernate.orm.jdbc.bind              : binding parameter (2:INTEGER) <- [100]
2026-09-25T00:03:14.849+05:30 DEBUG 37120 --- [student-management-system] [http-nio-8080-exec-1] org.hibernate.SQL                        : 
    select
        e1_0.id,
        e1_0.course_id,
        c1_0.id,
        c1_0.course_code,
        c1_0.course_name,
        c1_0.created_at,
        c1_0.description,
        c1_0.duration,
        c1_0.fees,
        c1_0.updated_at,
        e1_0.created_at,
        e1_0.enrollment_date,
        e1_0.status,
        e1_0.student_id,
        s1_0.id,
        s1_0.address,
        s1_0.created_at,
        s1_0.date_of_birth,
        s1_0.email,
        s1_0.first_name,
        s1_0.last_name,
        s1_0.phone,
        s1_0.updated_at,
        e1_0.updated_at 
    from
        enrollments e1_0 
    join
        courses c1_0 
            on c1_0.id=e1_0.course_id 
    join
        students s1_0 
            on s1_0.id=e1_0.student_id 
    limit
        ?, ?
2026-09-25T00:03:14.850+05:30 TRACE 37120 --- [student-management-system] [http-nio-8080-exec-1] org.hibernate.orm.jdbc.bind              : binding parameter (1:INTEGER) <- [0]
2026-09-25T00:03:14.850+05:30 TRACE 37120 --- [student-management-system] [http-nio-8080-exec-1] org.hibernate.orm.jdbc.bind              : binding parameter (2:INTEGER) <- [10]
2026-09-25T00:03:31.178+05:30 DEBUG 37120 --- [student-management-system] [http-nio-8080-exec-1] org.hibernate.SQL                        : 
    select
        u1_0.id,
        u1_0.created_at,
        u1_0.password,
        u1_0.role,
        u1_0.updated_at,
        u1_0.username 
    from
        users u1_0 
    where
        u1_0.username=?
2026-09-25T00:03:31.178+05:30 DEBUG 37120 --- [student-management-system] [http-nio-8080-exec-6] org.hibernate.SQL                        : 
    select
        u1_0.id,
        u1_0.created_at,
        u1_0.password,
        u1_0.role,
        u1_0.updated_at,
        u1_0.username 
    from
        users u1_0 
    where
        u1_0.username=?
2026-09-25T00:03:31.178+05:30 DEBUG 37120 --- [student-management-system] [http-nio-8080-exec-4] org.hibernate.SQL                        : 
    select
        u1_0.id,
        u1_0.created_at,
        u1_0.password,
        u1_0.role,
        u1_0.updated_at,
        u1_0.username 
    from
        users u1_0 
    where
        u1_0.username=?
2026-09-25T00:03:31.180+05:30 TRACE 37120 --- [student-management-system] [http-nio-8080-exec-4] org.hibernate.orm.jdbc.bind              : binding parameter (1:VARCHAR) <- [admin]
2026-09-25T00:03:31.180+05:30 TRACE 37120 --- [student-management-system] [http-nio-8080-exec-6] org.hibernate.orm.jdbc.bind              : binding parameter (1:VARCHAR) <- [admin]
2026-09-25T00:03:31.180+05:30 TRACE 37120 --- [student-management-system] [http-nio-8080-exec-1] org.hibernate.orm.jdbc.bind              : binding parameter (1:VARCHAR) <- [admin]
2026-09-25T00:03:31.198+05:30 DEBUG 37120 --- [student-management-system] [http-nio-8080-exec-1] org.hibernate.SQL                        : 
    select
        s1_0.id,
        s1_0.address,
        s1_0.created_at,
        s1_0.date_of_birth,
        s1_0.email,
        s1_0.first_name,
        s1_0.last_name,
        s1_0.phone,
        s1_0.updated_at 
    from
        students s1_0 
    order by
        s1_0.id 
    limit
        ?, ?
2026-09-25T00:03:31.198+05:30 DEBUG 37120 --- [student-management-system] [http-nio-8080-exec-6] org.hibernate.SQL                        : 
    select
        e1_0.id,
        e1_0.course_id,
        c1_0.id,
        c1_0.course_code,
        c1_0.course_name,
        c1_0.created_at,
        c1_0.description,
        c1_0.duration,
        c1_0.fees,
        c1_0.updated_at,
        e1_0.created_at,
        e1_0.enrollment_date,
        e1_0.status,
        e1_0.student_id,
        s1_0.id,
        s1_0.address,
        s1_0.created_at,
        s1_0.date_of_birth,
        s1_0.email,
        s1_0.first_name,
        s1_0.last_name,
        s1_0.phone,
        s1_0.updated_at,
        e1_0.updated_at 
    from
        enrollments e1_0 
    join
        courses c1_0 
            on c1_0.id=e1_0.course_id 
    join
        students s1_0 
            on s1_0.id=e1_0.student_id 
    limit
        ?, ?
2026-09-25T00:03:31.198+05:30 DEBUG 37120 --- [student-management-system] [http-nio-8080-exec-4] org.hibernate.SQL                        : 
    select
        c1_0.id,
        c1_0.course_code,
        c1_0.course_name,
        c1_0.created_at,
        c1_0.description,
        c1_0.duration,
        c1_0.fees,
        c1_0.updated_at 
    from
        courses c1_0 
    order by
        c1_0.id 
    limit
        ?, ?
2026-09-25T00:03:31.199+05:30 TRACE 37120 --- [student-management-system] [http-nio-8080-exec-4] org.hibernate.orm.jdbc.bind              : binding parameter (1:INTEGER) <- [0]
2026-09-25T00:03:31.199+05:30 TRACE 37120 --- [student-management-system] [http-nio-8080-exec-1] org.hibernate.orm.jdbc.bind              : binding parameter (1:INTEGER) <- [0]
2026-09-25T00:03:31.199+05:30 TRACE 37120 --- [student-management-system] [http-nio-8080-exec-6] org.hibernate.orm.jdbc.bind              : binding parameter (1:INTEGER) <- [0]
2026-09-25T00:03:31.199+05:30 TRACE 37120 --- [student-management-system] [http-nio-8080-exec-6] org.hibernate.orm.jdbc.bind              : binding parameter (2:INTEGER) <- [10]
2026-09-25T00:03:31.199+05:30 TRACE 37120 --- [student-management-system] [http-nio-8080-exec-4] org.hibernate.orm.jdbc.bind              : binding parameter (2:INTEGER) <- [100]
2026-09-25T00:03:31.199+05:30 TRACE 37120 --- [student-management-system] [http-nio-8080-exec-1] org.hibernate.orm.jdbc.bind              : binding parameter (2:INTEGER) <- [100]
2026-09-25T00:03:31.210+05:30 DEBUG 37120 --- [student-management-system] [http-nio-8080-exec-7] org.hibernate.SQL                        : 
    select
        u1_0.id,
        u1_0.created_at,
        u1_0.password,
        u1_0.role,
        u1_0.updated_at,
        u1_0.username 
    from
        users u1_0 
    where
        u1_0.username=?
2026-09-25T00:03:31.210+05:30 DEBUG 37120 --- [student-management-system] [http-nio-8080-exec-3] org.hibernate.SQL                        : 
    select
        u1_0.id,
        u1_0.created_at,
        u1_0.password,
        u1_0.role,
        u1_0.updated_at,
        u1_0.username 
    from
        users u1_0 
    where
        u1_0.username=?
2026-09-25T00:03:31.210+05:30 DEBUG 37120 --- [student-management-system] [http-nio-8080-exec-6] org.hibernate.SQL                        : 
    select
        u1_0.id,
        u1_0.created_at,
        u1_0.password,
        u1_0.role,
        u1_0.updated_at,
        u1_0.username 
    from
        users u1_0 
    where
        u1_0.username=?
2026-09-25T00:03:31.210+05:30 TRACE 37120 --- [student-management-system] [http-nio-8080-exec-7] org.hibernate.orm.jdbc.bind              : binding parameter (1:VARCHAR) <- [admin]
2026-09-25T00:03:31.210+05:30 TRACE 37120 --- [student-management-system] [http-nio-8080-exec-3] org.hibernate.orm.jdbc.bind              : binding parameter (1:VARCHAR) <- [admin]
2026-09-25T00:03:31.210+05:30 TRACE 37120 --- [student-management-system] [http-nio-8080-exec-6] org.hibernate.orm.jdbc.bind              : binding parameter (1:VARCHAR) <- [admin]
2026-09-25T00:03:31.215+05:30 DEBUG 37120 --- [student-management-system] [http-nio-8080-exec-6] org.hibernate.SQL                        : 
    select
        s1_0.id,
        s1_0.address,
        s1_0.created_at,
        s1_0.date_of_birth,
        s1_0.email,
        s1_0.first_name,
        s1_0.last_name,
        s1_0.phone,
        s1_0.updated_at 
    from
        students s1_0 
    order by
        s1_0.id 
    limit
        ?, ?
2026-09-25T00:03:31.215+05:30 DEBUG 37120 --- [student-management-system] [http-nio-8080-exec-3] org.hibernate.SQL                        : 
    select
        c1_0.id,
        c1_0.course_code,
        c1_0.course_name,
        c1_0.created_at,
        c1_0.description,
        c1_0.duration,
        c1_0.fees,
        c1_0.updated_at 
    from
        courses c1_0 
    order by
        c1_0.id 
    limit
        ?, ?
2026-09-25T00:03:31.215+05:30 TRACE 37120 --- [student-management-system] [http-nio-8080-exec-6] org.hibernate.orm.jdbc.bind              : binding parameter (1:INTEGER) <- [0]
2026-09-25T00:03:31.216+05:30 TRACE 37120 --- [student-management-system] [http-nio-8080-exec-6] org.hibernate.orm.jdbc.bind              : binding parameter (2:INTEGER) <- [100]
2026-09-25T00:03:31.215+05:30 TRACE 37120 --- [student-management-system] [http-nio-8080-exec-3] org.hibernate.orm.jdbc.bind              : binding parameter (1:INTEGER) <- [0]
2026-09-25T00:03:31.216+05:30 DEBUG 37120 --- [student-management-system] [http-nio-8080-exec-7] org.hibernate.SQL                        : 
    select
        e1_0.id,
        e1_0.course_id,
        c1_0.id,
        c1_0.course_code,
        c1_0.course_name,
        c1_0.created_at,
        c1_0.description,
        c1_0.duration,
        c1_0.fees,
        c1_0.updated_at,
        e1_0.created_at,
        e1_0.enrollment_date,
        e1_0.status,
        e1_0.student_id,
        s1_0.id,
        s1_0.address,
        s1_0.created_at,
        s1_0.date_of_birth,
        s1_0.email,
        s1_0.first_name,
        s1_0.last_name,
        s1_0.phone,
        s1_0.updated_at,
        e1_0.updated_at 
    from
        enrollments e1_0 
    join
        courses c1_0 
            on c1_0.id=e1_0.course_id 
    join
        students s1_0 
            on s1_0.id=e1_0.student_id 
    limit
        ?, ?
2026-09-25T00:03:31.216+05:30 TRACE 37120 --- [student-management-system] [http-nio-8080-exec-3] org.hibernate.orm.jdbc.bind              : binding parameter (2:INTEGER) <- [100]
2026-09-25T00:03:31.217+05:30 TRACE 37120 --- [student-management-system] [http-nio-8080-exec-7] org.hibernate.orm.jdbc.bind              : binding parameter (1:INTEGER) <- [0]
2026-09-25T00:03:31.217+05:30 TRACE 37120 --- [student-management-system] [http-nio-8080-exec-7] org.hibernate.orm.jdbc.bind              : binding parameter (2:INTEGER) <- [10]
2026-09-25T00:03:38.679+05:30 DEBUG 37120 --- [student-management-system] [http-nio-8080-exec-8] org.hibernate.SQL                        : 
    select
        u1_0.id,
        u1_0.created_at,
        u1_0.password,
        u1_0.role,
        u1_0.updated_at,
        u1_0.username 
    from
        users u1_0 
    where
        u1_0.username=?
2026-09-25T00:03:38.679+05:30 TRACE 37120 --- [student-management-system] [http-nio-8080-exec-8] org.hibernate.orm.jdbc.bind              : binding parameter (1:VARCHAR) <- [admin]
2026-09-25T00:03:38.763+05:30 DEBUG 37120 --- [student-management-system] [http-nio-8080-exec-8] org.hibernate.SQL                        : 
    select
        count(*) 
    from
        students s1_0 
    where
        s1_0.id=?
2026-09-25T00:03:38.763+05:30 TRACE 37120 --- [student-management-system] [http-nio-8080-exec-8] org.hibernate.orm.jdbc.bind              : binding parameter (1:BIGINT) <- [4]
2026-09-25T00:03:38.770+05:30 DEBUG 37120 --- [student-management-system] [http-nio-8080-exec-8] org.hibernate.SQL                        : 
    select
        e1_0.id,
        e1_0.course_id,
        e1_0.created_at,
        e1_0.enrollment_date,
        e1_0.status,
        e1_0.student_id,
        e1_0.updated_at 
    from
        enrollments e1_0 
    where
        e1_0.student_id=? 
    limit
        ?
2026-09-25T00:03:38.771+05:30 TRACE 37120 --- [student-management-system] [http-nio-8080-exec-8] org.hibernate.orm.jdbc.bind              : binding parameter (1:BIGINT) <- [4]
2026-09-25T00:03:38.771+05:30 TRACE 37120 --- [student-management-system] [http-nio-8080-exec-8] org.hibernate.orm.jdbc.bind              : binding parameter (2:INTEGER) <- [10]
2026-09-25T00:03:43.055+05:30 DEBUG 37120 --- [student-management-system] [http-nio-8080-exec-2] org.hibernate.SQL                        : 
    select
        u1_0.id,
        u1_0.created_at,
        u1_0.password,
        u1_0.role,
        u1_0.updated_at,
        u1_0.username 
    from
        users u1_0 
    where
        u1_0.username=?
2026-09-25T00:03:43.055+05:30 TRACE 37120 --- [student-management-system] [http-nio-8080-exec-2] org.hibernate.orm.jdbc.bind              : binding parameter (1:VARCHAR) <- [admin]
2026-09-25T00:03:43.062+05:30 DEBUG 37120 --- [student-management-system] [http-nio-8080-exec-2] org.hibernate.SQL                        : 
    select
        count(*) 
    from
        students s1_0 
    where
        s1_0.id=?
2026-09-25T00:03:43.062+05:30 TRACE 37120 --- [student-management-system] [http-nio-8080-exec-2] org.hibernate.orm.jdbc.bind              : binding parameter (1:BIGINT) <- [1]
2026-09-25T00:03:43.066+05:30 DEBUG 37120 --- [student-management-system] [http-nio-8080-exec-2] org.hibernate.SQL                        : 
    select
        e1_0.id,
        e1_0.course_id,
        e1_0.created_at,
        e1_0.enrollment_date,
        e1_0.status,
        e1_0.student_id,
        e1_0.updated_at 
    from
        enrollments e1_0 
    where
        e1_0.student_id=? 
    limit
        ?
2026-09-25T00:03:43.066+05:30 TRACE 37120 --- [student-management-system] [http-nio-8080-exec-2] org.hibernate.orm.jdbc.bind              : binding parameter (1:BIGINT) <- [1]
2026-09-25T00:03:43.066+05:30 TRACE 37120 --- [student-management-system] [http-nio-8080-exec-2] org.hibernate.orm.jdbc.bind              : binding parameter (2:INTEGER) <- [10]
2026-09-25T00:03:43.074+05:30 DEBUG 37120 --- [student-management-system] [http-nio-8080-exec-2] org.hibernate.SQL                        : 
    select
        s1_0.id,
        s1_0.address,
        s1_0.created_at,
        s1_0.date_of_birth,
        s1_0.email,
        s1_0.first_name,
        s1_0.last_name,
        s1_0.phone,
        s1_0.updated_at 
    from
        students s1_0 
    where
        s1_0.id=?
2026-09-25T00:03:43.075+05:30 TRACE 37120 --- [student-management-system] [http-nio-8080-exec-2] org.hibernate.orm.jdbc.bind              : binding parameter (1:BIGINT) <- [1]
2026-09-25T00:03:43.076+05:30 DEBUG 37120 --- [student-management-system] [http-nio-8080-exec-2] org.hibernate.SQL                        : 
    select
        c1_0.id,
        c1_0.course_code,
        c1_0.course_name,
        c1_0.created_at,
        c1_0.description,
        c1_0.duration,
        c1_0.fees,
        c1_0.updated_at 
    from
        courses c1_0 
    where
        c1_0.id=?
2026-09-25T00:03:43.077+05:30 TRACE 37120 --- [student-management-system] [http-nio-8080-exec-2] org.hibernate.orm.jdbc.bind              : binding parameter (1:BIGINT) <- [1]
2026-09-25T00:03:47.819+05:30 DEBUG 37120 --- [student-management-system] [http-nio-8080-exec-10] org.hibernate.SQL                        : 
    select
        u1_0.id,
        u1_0.created_at,
        u1_0.password,
        u1_0.role,
        u1_0.updated_at,
        u1_0.username 
    from
        users u1_0 
    where
        u1_0.username=?
2026-09-25T00:03:47.819+05:30 TRACE 37120 --- [student-management-system] [http-nio-8080-exec-10] org.hibernate.orm.jdbc.bind              : binding parameter (1:VARCHAR) <- [admin]
2026-09-25T00:03:47.827+05:30 DEBUG 37120 --- [student-management-system] [http-nio-8080-exec-10] org.hibernate.SQL                        : 
    select
        e1_0.id,
        e1_0.course_id,
        c1_0.id,
        c1_0.course_code,
        c1_0.course_name,
        c1_0.created_at,
        c1_0.description,
        c1_0.duration,
        c1_0.fees,
        c1_0.updated_at,
        e1_0.created_at,
        e1_0.enrollment_date,
        e1_0.status,
        e1_0.student_id,
        s1_0.id,
        s1_0.address,
        s1_0.created_at,
        s1_0.date_of_birth,
        s1_0.email,
        s1_0.first_name,
        s1_0.last_name,
        s1_0.phone,
        s1_0.updated_at,
        e1_0.updated_at 
    from
        enrollments e1_0 
    join
        courses c1_0 
            on c1_0.id=e1_0.course_id 
    join
        students s1_0 
            on s1_0.id=e1_0.student_id 
    limit
        ?, ?
2026-09-25T00:03:47.830+05:30 TRACE 37120 --- [student-management-system] [http-nio-8080-exec-10] org.hibernate.orm.jdbc.bind              : binding parameter (1:INTEGER) <- [0]
2026-09-25T00:03:47.831+05:30 TRACE 37120 --- [student-management-system] [http-nio-8080-exec-10] org.hibernate.orm.jdbc.bind              : binding parameter (2:INTEGER) <- [10]
2026-09-25T00:05:22.353+05:30 DEBUG 37120 --- [student-management-system] [http-nio-8080-exec-7] org.hibernate.SQL                        : 
    select
        u1_0.id,
        u1_0.created_at,
        u1_0.password,
        u1_0.role,
        u1_0.updated_at,
        u1_0.username 
    from
        users u1_0 
    where
        u1_0.username=?
2026-09-25T00:05:22.353+05:30 DEBUG 37120 --- [student-management-system] [http-nio-8080-exec-9] org.hibernate.SQL                        : 
    select
        u1_0.id,
        u1_0.created_at,
        u1_0.password,
        u1_0.role,
        u1_0.updated_at,
        u1_0.username 
    from
        users u1_0 
    where
        u1_0.username=?
2026-09-25T00:05:22.353+05:30 DEBUG 37120 --- [student-management-system] [http-nio-8080-exec-4] org.hibernate.SQL                        : 
    select
        u1_0.id,
        u1_0.created_at,
        u1_0.password,
        u1_0.role,
        u1_0.updated_at,
        u1_0.username 
    from
        users u1_0 
    where
        u1_0.username=?
2026-09-25T00:05:22.354+05:30 TRACE 37120 --- [student-management-system] [http-nio-8080-exec-7] org.hibernate.orm.jdbc.bind              : binding parameter (1:VARCHAR) <- [admin]
2026-09-25T00:05:22.354+05:30 TRACE 37120 --- [student-management-system] [http-nio-8080-exec-9] org.hibernate.orm.jdbc.bind              : binding parameter (1:VARCHAR) <- [admin]
2026-09-25T00:05:22.354+05:30 TRACE 37120 --- [student-management-system] [http-nio-8080-exec-4] org.hibernate.orm.jdbc.bind              : binding parameter (1:VARCHAR) <- [admin]
2026-09-25T00:05:22.458+05:30 DEBUG 37120 --- [student-management-system] [http-nio-8080-exec-4] org.hibernate.SQL                        : 
    select
        c1_0.id,
        c1_0.course_code,
        c1_0.course_name,
        c1_0.created_at,
        c1_0.description,
        c1_0.duration,
        c1_0.fees,
        c1_0.updated_at 
    from
        courses c1_0 
    order by
        c1_0.id 
    limit
        ?, ?
2026-09-25T00:05:22.458+05:30 DEBUG 37120 --- [student-management-system] [http-nio-8080-exec-7] org.hibernate.SQL                        : 
    select
        s1_0.id,
        s1_0.address,
        s1_0.created_at,
        s1_0.date_of_birth,
        s1_0.email,
        s1_0.first_name,
        s1_0.last_name,
        s1_0.phone,
        s1_0.updated_at 
    from
        students s1_0 
    order by
        s1_0.id 
    limit
        ?, ?
2026-09-25T00:05:22.458+05:30 DEBUG 37120 --- [student-management-system] [http-nio-8080-exec-9] org.hibernate.SQL                        : 
    select
        e1_0.id,
        e1_0.course_id,
        c1_0.id,
        c1_0.course_code,
        c1_0.course_name,
        c1_0.created_at,
        c1_0.description,
        c1_0.duration,
        c1_0.fees,
        c1_0.updated_at,
        e1_0.created_at,
        e1_0.enrollment_date,
        e1_0.status,
        e1_0.student_id,
        s1_0.id,
        s1_0.address,
        s1_0.created_at,
        s1_0.date_of_birth,
        s1_0.email,
        s1_0.first_name,
        s1_0.last_name,
        s1_0.phone,
        s1_0.updated_at,
        e1_0.updated_at 
    from
        enrollments e1_0 
    join
        courses c1_0 
            on c1_0.id=e1_0.course_id 
    join
        students s1_0 
            on s1_0.id=e1_0.student_id 
    limit
        ?, ?
2026-09-25T00:05:22.459+05:30 TRACE 37120 --- [student-management-system] [http-nio-8080-exec-7] org.hibernate.orm.jdbc.bind              : binding parameter (1:INTEGER) <- [0]
2026-09-25T00:05:22.459+05:30 TRACE 37120 --- [student-management-system] [http-nio-8080-exec-4] org.hibernate.orm.jdbc.bind              : binding parameter (1:INTEGER) <- [0]
2026-09-25T00:05:22.459+05:30 TRACE 37120 --- [student-management-system] [http-nio-8080-exec-9] org.hibernate.orm.jdbc.bind              : binding parameter (1:INTEGER) <- [0]
2026-09-25T00:05:22.459+05:30 TRACE 37120 --- [student-management-system] [http-nio-8080-exec-4] org.hibernate.orm.jdbc.bind              : binding parameter (2:INTEGER) <- [1]
2026-09-25T00:05:22.459+05:30 TRACE 37120 --- [student-management-system] [http-nio-8080-exec-7] org.hibernate.orm.jdbc.bind              : binding parameter (2:INTEGER) <- [1]
2026-09-25T00:05:22.459+05:30 TRACE 37120 --- [student-management-system] [http-nio-8080-exec-9] org.hibernate.orm.jdbc.bind              : binding parameter (2:INTEGER) <- [100]
2026-09-25T00:05:22.474+05:30 DEBUG 37120 --- [student-management-system] [http-nio-8080-exec-6] org.hibernate.SQL                        : 
    select
        u1_0.id,
        u1_0.created_at,
        u1_0.password,
        u1_0.role,
        u1_0.updated_at,
        u1_0.username 
    from
        users u1_0 
    where
        u1_0.username=?
2026-09-25T00:05:22.474+05:30 DEBUG 37120 --- [student-management-system] [http-nio-8080-exec-7] org.hibernate.SQL                        : 
    select
        count(s1_0.id) 
    from
        students s1_0
2026-09-25T00:05:22.474+05:30 DEBUG 37120 --- [student-management-system] [http-nio-8080-exec-4] org.hibernate.SQL                        : 
    select
        count(c1_0.id) 
    from
        courses c1_0
2026-09-25T00:05:22.474+05:30 TRACE 37120 --- [student-management-system] [http-nio-8080-exec-6] org.hibernate.orm.jdbc.bind              : binding parameter (1:VARCHAR) <- [admin]
2026-09-25T00:05:22.479+05:30 DEBUG 37120 --- [student-management-system] [http-nio-8080-exec-1] org.hibernate.SQL                        : 
    select
        u1_0.id,
        u1_0.created_at,
        u1_0.password,
        u1_0.role,
        u1_0.updated_at,
        u1_0.username 
    from
        users u1_0 
    where
        u1_0.username=?
2026-09-25T00:05:22.479+05:30 DEBUG 37120 --- [student-management-system] [http-nio-8080-exec-3] org.hibernate.SQL                        : 
    select
        u1_0.id,
        u1_0.created_at,
        u1_0.password,
        u1_0.role,
        u1_0.updated_at,
        u1_0.username 
    from
        users u1_0 
    where
        u1_0.username=?
2026-09-25T00:05:22.480+05:30 TRACE 37120 --- [student-management-system] [http-nio-8080-exec-1] org.hibernate.orm.jdbc.bind              : binding parameter (1:VARCHAR) <- [admin]
2026-09-25T00:05:22.480+05:30 TRACE 37120 --- [student-management-system] [http-nio-8080-exec-3] org.hibernate.orm.jdbc.bind              : binding parameter (1:VARCHAR) <- [admin]
2026-09-25T00:05:22.480+05:30 DEBUG 37120 --- [student-management-system] [http-nio-8080-exec-6] org.hibernate.SQL                        : 
    select
        e1_0.id,
        e1_0.course_id,
        c1_0.id,
        c1_0.course_code,
        c1_0.course_name,
        c1_0.created_at,
        c1_0.description,
        c1_0.duration,
        c1_0.fees,
        c1_0.updated_at,
        e1_0.created_at,
        e1_0.enrollment_date,
        e1_0.status,
        e1_0.student_id,
        s1_0.id,
        s1_0.address,
        s1_0.created_at,
        s1_0.date_of_birth,
        s1_0.email,
        s1_0.first_name,
        s1_0.last_name,
        s1_0.phone,
        s1_0.updated_at,
        e1_0.updated_at 
    from
        enrollments e1_0 
    join
        courses c1_0 
            on c1_0.id=e1_0.course_id 
    join
        students s1_0 
            on s1_0.id=e1_0.student_id 
    limit
        ?, ?
2026-09-25T00:05:22.480+05:30 TRACE 37120 --- [student-management-system] [http-nio-8080-exec-6] org.hibernate.orm.jdbc.bind              : binding parameter (1:INTEGER) <- [0]
2026-09-25T00:05:22.480+05:30 TRACE 37120 --- [student-management-system] [http-nio-8080-exec-6] org.hibernate.orm.jdbc.bind              : binding parameter (2:INTEGER) <- [100]
2026-09-25T00:05:22.486+05:30 DEBUG 37120 --- [student-management-system] [http-nio-8080-exec-3] org.hibernate.SQL                        : 
    select
        c1_0.id,
        c1_0.course_code,
        c1_0.course_name,
        c1_0.created_at,
        c1_0.description,
        c1_0.duration,
        c1_0.fees,
        c1_0.updated_at 
    from
        courses c1_0 
    order by
        c1_0.id 
    limit
        ?, ?
2026-09-25T00:05:22.486+05:30 DEBUG 37120 --- [student-management-system] [http-nio-8080-exec-1] org.hibernate.SQL                        : 
    select
        s1_0.id,
        s1_0.address,
        s1_0.created_at,
        s1_0.date_of_birth,
        s1_0.email,
        s1_0.first_name,
        s1_0.last_name,
        s1_0.phone,
        s1_0.updated_at 
    from
        students s1_0 
    order by
        s1_0.id 
    limit
        ?, ?
2026-09-25T00:05:22.486+05:30 TRACE 37120 --- [student-management-system] [http-nio-8080-exec-1] org.hibernate.orm.jdbc.bind              : binding parameter (1:INTEGER) <- [0]
2026-09-25T00:05:22.486+05:30 TRACE 37120 --- [student-management-system] [http-nio-8080-exec-3] org.hibernate.orm.jdbc.bind              : binding parameter (1:INTEGER) <- [0]
2026-09-25T00:05:22.486+05:30 TRACE 37120 --- [student-management-system] [http-nio-8080-exec-3] org.hibernate.orm.jdbc.bind              : binding parameter (2:INTEGER) <- [1]
2026-09-25T00:05:22.486+05:30 TRACE 37120 --- [student-management-system] [http-nio-8080-exec-1] org.hibernate.orm.jdbc.bind              : binding parameter (2:INTEGER) <- [1]
2026-09-25T00:05:22.493+05:30 DEBUG 37120 --- [student-management-system] [http-nio-8080-exec-1] org.hibernate.SQL                        : 
    select
        count(s1_0.id) 
    from
        students s1_0
2026-09-25T00:05:22.493+05:30 DEBUG 37120 --- [student-management-system] [http-nio-8080-exec-3] org.hibernate.SQL                        : 
    select
        count(c1_0.id) 
    from
        courses c1_0
2026-09-25T00:05:47.970+05:30 DEBUG 37120 --- [student-management-system] [http-nio-8080-exec-5] org.hibernate.SQL                        : 
    select
        u1_0.id,
        u1_0.created_at,
        u1_0.password,
        u1_0.role,
        u1_0.updated_at,
        u1_0.username 
    from
        users u1_0 
    where
        u1_0.username=?
2026-09-25T00:05:47.971+05:30 TRACE 37120 --- [student-management-system] [http-nio-8080-exec-5] org.hibernate.orm.jdbc.bind              : binding parameter (1:VARCHAR) <- [admin]
2026-09-25T00:05:47.976+05:30 DEBUG 37120 --- [student-management-system] [http-nio-8080-exec-5] org.hibernate.SQL                        : 
    select
        s1_0.id,
        s1_0.address,
        s1_0.created_at,
        s1_0.date_of_birth,
        s1_0.email,
        s1_0.first_name,
        s1_0.last_name,
        s1_0.phone,
        s1_0.updated_at 
    from
        students s1_0 
    order by
        s1_0.id 
    limit
        ?, ?
2026-09-25T00:05:47.977+05:30 TRACE 37120 --- [student-management-system] [http-nio-8080-exec-5] org.hibernate.orm.jdbc.bind              : binding parameter (1:INTEGER) <- [0]
2026-09-25T00:05:47.977+05:30 TRACE 37120 --- [student-management-system] [http-nio-8080-exec-5] org.hibernate.orm.jdbc.bind              : binding parameter (2:INTEGER) <- [10]
2026-09-25T00:05:47.992+05:30 DEBUG 37120 --- [student-management-system] [http-nio-8080-exec-8] org.hibernate.SQL                        : 
    select
        u1_0.id,
        u1_0.created_at,
        u1_0.password,
        u1_0.role,
        u1_0.updated_at,
        u1_0.username 
    from
        users u1_0 
    where
        u1_0.username=?
2026-09-25T00:05:47.992+05:30 TRACE 37120 --- [student-management-system] [http-nio-8080-exec-8] org.hibernate.orm.jdbc.bind              : binding parameter (1:VARCHAR) <- [admin]
2026-09-25T00:05:47.996+05:30 DEBUG 37120 --- [student-management-system] [http-nio-8080-exec-8] org.hibernate.SQL                        : 
    select
        s1_0.id,
        s1_0.address,
        s1_0.created_at,
        s1_0.date_of_birth,
        s1_0.email,
        s1_0.first_name,
        s1_0.last_name,
        s1_0.phone,
        s1_0.updated_at 
    from
        students s1_0 
    order by
        s1_0.id 
    limit
        ?, ?
2026-09-25T00:05:47.996+05:30 TRACE 37120 --- [student-management-system] [http-nio-8080-exec-8] org.hibernate.orm.jdbc.bind              : binding parameter (1:INTEGER) <- [0]
2026-09-25T00:05:47.996+05:30 TRACE 37120 --- [student-management-system] [http-nio-8080-exec-8] org.hibernate.orm.jdbc.bind              : binding parameter (2:INTEGER) <- [10]
2026-09-25T00:05:49.611+05:30 DEBUG 37120 --- [student-management-system] [http-nio-8080-exec-7] org.hibernate.SQL                        : 
    select
        u1_0.id,
        u1_0.created_at,
        u1_0.password,
        u1_0.role,
        u1_0.updated_at,
        u1_0.username 
    from
        users u1_0 
    where
        u1_0.username=?
2026-09-25T00:05:49.612+05:30 TRACE 37120 --- [student-management-system] [http-nio-8080-exec-7] org.hibernate.orm.jdbc.bind              : binding parameter (1:VARCHAR) <- [admin]
2026-09-25T00:05:49.619+05:30 DEBUG 37120 --- [student-management-system] [http-nio-8080-exec-7] org.hibernate.SQL                        : 
    select
        c1_0.id,
        c1_0.course_code,
        c1_0.course_name,
        c1_0.created_at,
        c1_0.description,
        c1_0.duration,
        c1_0.fees,
        c1_0.updated_at 
    from
        courses c1_0 
    order by
        c1_0.id 
    limit
        ?, ?
2026-09-25T00:05:49.620+05:30 TRACE 37120 --- [student-management-system] [http-nio-8080-exec-7] org.hibernate.orm.jdbc.bind              : binding parameter (1:INTEGER) <- [0]
2026-09-25T00:05:49.620+05:30 TRACE 37120 --- [student-management-system] [http-nio-8080-exec-7] org.hibernate.orm.jdbc.bind              : binding parameter (2:INTEGER) <- [10]
2026-09-25T00:05:49.634+05:30 DEBUG 37120 --- [student-management-system] [http-nio-8080-exec-6] org.hibernate.SQL                        : 
    select
        u1_0.id,
        u1_0.created_at,
        u1_0.password,
        u1_0.role,
        u1_0.updated_at,
        u1_0.username 
    from
        users u1_0 
    where
        u1_0.username=?
2026-09-25T00:05:49.634+05:30 TRACE 37120 --- [student-management-system] [http-nio-8080-exec-6] org.hibernate.orm.jdbc.bind              : binding parameter (1:VARCHAR) <- [admin]
2026-09-25T00:05:49.640+05:30 DEBUG 37120 --- [student-management-system] [http-nio-8080-exec-6] org.hibernate.SQL                        : 
    select
        c1_0.id,
        c1_0.course_code,
        c1_0.course_name,
        c1_0.created_at,
        c1_0.description,
        c1_0.duration,
        c1_0.fees,
        c1_0.updated_at 
    from
        courses c1_0 
    order by
        c1_0.id 
    limit
        ?, ?
2026-09-25T00:05:49.640+05:30 TRACE 37120 --- [student-management-system] [http-nio-8080-exec-6] org.hibernate.orm.jdbc.bind              : binding parameter (1:INTEGER) <- [0]
2026-09-25T00:05:49.640+05:30 TRACE 37120 --- [student-management-system] [http-nio-8080-exec-6] org.hibernate.orm.jdbc.bind              : binding parameter (2:INTEGER) <- [10]
2026-09-25T00:05:50.261+05:30 DEBUG 37120 --- [student-management-system] [http-nio-8080-exec-7] org.hibernate.SQL                        : 
    select
        u1_0.id,
        u1_0.created_at,
        u1_0.password,
        u1_0.role,
        u1_0.updated_at,
        u1_0.username 
    from
        users u1_0 
    where
        u1_0.username=?
2026-09-25T00:05:50.261+05:30 DEBUG 37120 --- [student-management-system] [http-nio-8080-exec-9] org.hibernate.SQL                        : 
    select
        u1_0.id,
        u1_0.created_at,
        u1_0.password,
        u1_0.role,
        u1_0.updated_at,
        u1_0.username 
    from
        users u1_0 
    where
        u1_0.username=?
2026-09-25T00:05:50.261+05:30 TRACE 37120 --- [student-management-system] [http-nio-8080-exec-9] org.hibernate.orm.jdbc.bind              : binding parameter (1:VARCHAR) <- [admin]
2026-09-25T00:05:50.261+05:30 TRACE 37120 --- [student-management-system] [http-nio-8080-exec-7] org.hibernate.orm.jdbc.bind              : binding parameter (1:VARCHAR) <- [admin]
2026-09-25T00:05:50.262+05:30 DEBUG 37120 --- [student-management-system] [http-nio-8080-exec-4] org.hibernate.SQL                        : 
    select
        u1_0.id,
        u1_0.created_at,
        u1_0.password,
        u1_0.role,
        u1_0.updated_at,
        u1_0.username 
    from
        users u1_0 
    where
        u1_0.username=?
2026-09-25T00:05:50.262+05:30 TRACE 37120 --- [student-management-system] [http-nio-8080-exec-4] org.hibernate.orm.jdbc.bind              : binding parameter (1:VARCHAR) <- [admin]
2026-09-25T00:05:50.274+05:30 DEBUG 37120 --- [student-management-system] [http-nio-8080-exec-7] org.hibernate.SQL                        : 
    select
        e1_0.id,
        e1_0.course_id,
        c1_0.id,
        c1_0.course_code,
        c1_0.course_name,
        c1_0.created_at,
        c1_0.description,
        c1_0.duration,
        c1_0.fees,
        c1_0.updated_at,
        e1_0.created_at,
        e1_0.enrollment_date,
        e1_0.status,
        e1_0.student_id,
        s1_0.id,
        s1_0.address,
        s1_0.created_at,
        s1_0.date_of_birth,
        s1_0.email,
        s1_0.first_name,
        s1_0.last_name,
        s1_0.phone,
        s1_0.updated_at,
        e1_0.updated_at 
    from
        enrollments e1_0 
    join
        courses c1_0 
            on c1_0.id=e1_0.course_id 
    join
        students s1_0 
            on s1_0.id=e1_0.student_id 
    limit
        ?, ?
2026-09-25T00:05:50.275+05:30 TRACE 37120 --- [student-management-system] [http-nio-8080-exec-7] org.hibernate.orm.jdbc.bind              : binding parameter (1:INTEGER) <- [0]
2026-09-25T00:05:50.275+05:30 TRACE 37120 --- [student-management-system] [http-nio-8080-exec-7] org.hibernate.orm.jdbc.bind              : binding parameter (2:INTEGER) <- [10]
2026-09-25T00:05:50.278+05:30 DEBUG 37120 --- [student-management-system] [http-nio-8080-exec-4] org.hibernate.SQL                        : 
    select
        s1_0.id,
        s1_0.address,
        s1_0.created_at,
        s1_0.date_of_birth,
        s1_0.email,
        s1_0.first_name,
        s1_0.last_name,
        s1_0.phone,
        s1_0.updated_at 
    from
        students s1_0 
    order by
        s1_0.id 
    limit
        ?, ?
2026-09-25T00:05:50.278+05:30 DEBUG 37120 --- [student-management-system] [http-nio-8080-exec-9] org.hibernate.SQL                        : 
    select
        c1_0.id,
        c1_0.course_code,
        c1_0.course_name,
        c1_0.created_at,
        c1_0.description,
        c1_0.duration,
        c1_0.fees,
        c1_0.updated_at 
    from
        courses c1_0 
    order by
        c1_0.id 
    limit
        ?, ?
2026-09-25T00:05:50.279+05:30 TRACE 37120 --- [student-management-system] [http-nio-8080-exec-9] org.hibernate.orm.jdbc.bind              : binding parameter (1:INTEGER) <- [0]
2026-09-25T00:05:50.279+05:30 TRACE 37120 --- [student-management-system] [http-nio-8080-exec-9] org.hibernate.orm.jdbc.bind              : binding parameter (2:INTEGER) <- [100]
2026-09-25T00:05:50.279+05:30 TRACE 37120 --- [student-management-system] [http-nio-8080-exec-4] org.hibernate.orm.jdbc.bind              : binding parameter (1:INTEGER) <- [0]
2026-09-25T00:05:50.279+05:30 TRACE 37120 --- [student-management-system] [http-nio-8080-exec-4] org.hibernate.orm.jdbc.bind              : binding parameter (2:INTEGER) <- [100]
2026-09-25T00:05:50.287+05:30 DEBUG 37120 --- [student-management-system] [http-nio-8080-exec-6] org.hibernate.SQL                        : 
    select
        u1_0.id,
        u1_0.created_at,
        u1_0.password,
        u1_0.role,
        u1_0.updated_at,
        u1_0.username 
    from
        users u1_0 
    where
        u1_0.username=?
2026-09-25T00:05:50.288+05:30 TRACE 37120 --- [student-management-system] [http-nio-8080-exec-6] org.hibernate.orm.jdbc.bind              : binding parameter (1:VARCHAR) <- [admin]
2026-09-25T00:05:50.289+05:30 DEBUG 37120 --- [student-management-system] [http-nio-8080-exec-3] org.hibernate.SQL                        : 
    select
        u1_0.id,
        u1_0.created_at,
        u1_0.password,
        u1_0.role,
        u1_0.updated_at,
        u1_0.username 
    from
        users u1_0 
    where
        u1_0.username=?
2026-09-25T00:05:50.289+05:30 DEBUG 37120 --- [student-management-system] [http-nio-8080-exec-10] org.hibernate.SQL                        : 
    select
        u1_0.id,
        u1_0.created_at,
        u1_0.password,
        u1_0.role,
        u1_0.updated_at,
        u1_0.username 
    from
        users u1_0 
    where
        u1_0.username=?
2026-09-25T00:05:50.289+05:30 TRACE 37120 --- [student-management-system] [http-nio-8080-exec-3] org.hibernate.orm.jdbc.bind              : binding parameter (1:VARCHAR) <- [admin]
2026-09-25T00:05:50.290+05:30 TRACE 37120 --- [student-management-system] [http-nio-8080-exec-10] org.hibernate.orm.jdbc.bind              : binding parameter (1:VARCHAR) <- [admin]
2026-09-25T00:05:50.295+05:30 DEBUG 37120 --- [student-management-system] [http-nio-8080-exec-3] org.hibernate.SQL                        : 
    select
        s1_0.id,
        s1_0.address,
        s1_0.created_at,
        s1_0.date_of_birth,
        s1_0.email,
        s1_0.first_name,
        s1_0.last_name,
        s1_0.phone,
        s1_0.updated_at 
    from
        students s1_0 
    order by
        s1_0.id 
    limit
        ?, ?
2026-09-25T00:05:50.295+05:30 DEBUG 37120 --- [student-management-system] [http-nio-8080-exec-6] org.hibernate.SQL                        : 
    select
        c1_0.id,
        c1_0.course_code,
        c1_0.course_name,
        c1_0.created_at,
        c1_0.description,
        c1_0.duration,
        c1_0.fees,
        c1_0.updated_at 
    from
        courses c1_0 
    order by
        c1_0.id 
    limit
        ?, ?
2026-09-25T00:05:50.296+05:30 DEBUG 37120 --- [student-management-system] [http-nio-8080-exec-10] org.hibernate.SQL                        : 
    select
        e1_0.id,
        e1_0.course_id,
        c1_0.id,
        c1_0.course_code,
        c1_0.course_name,
        c1_0.created_at,
        c1_0.description,
        c1_0.duration,
        c1_0.fees,
        c1_0.updated_at,
        e1_0.created_at,
        e1_0.enrollment_date,
        e1_0.status,
        e1_0.student_id,
        s1_0.id,
        s1_0.address,
        s1_0.created_at,
        s1_0.date_of_birth,
        s1_0.email,
        s1_0.first_name,
        s1_0.last_name,
        s1_0.phone,
        s1_0.updated_at,
        e1_0.updated_at 
    from
        enrollments e1_0 
    join
        courses c1_0 
            on c1_0.id=e1_0.course_id 
    join
        students s1_0 
            on s1_0.id=e1_0.student_id 
    limit
        ?, ?
2026-09-25T00:05:50.296+05:30 TRACE 37120 --- [student-management-system] [http-nio-8080-exec-3] org.hibernate.orm.jdbc.bind              : binding parameter (1:INTEGER) <- [0]
2026-09-25T00:05:50.296+05:30 TRACE 37120 --- [student-management-system] [http-nio-8080-exec-6] org.hibernate.orm.jdbc.bind              : binding parameter (1:INTEGER) <- [0]
2026-09-25T00:05:50.296+05:30 TRACE 37120 --- [student-management-system] [http-nio-8080-exec-3] org.hibernate.orm.jdbc.bind              : binding parameter (2:INTEGER) <- [100]
2026-09-25T00:05:50.296+05:30 TRACE 37120 --- [student-management-system] [http-nio-8080-exec-6] org.hibernate.orm.jdbc.bind              : binding parameter (2:INTEGER) <- [100]
2026-09-25T00:05:50.297+05:30 TRACE 37120 --- [student-management-system] [http-nio-8080-exec-10] org.hibernate.orm.jdbc.bind              : binding parameter (1:INTEGER) <- [0]
2026-09-25T00:05:50.297+05:30 TRACE 37120 --- [student-management-system] [http-nio-8080-exec-10] org.hibernate.orm.jdbc.bind              : binding parameter (2:INTEGER) <- [10]
2026-09-25T00:05:51.067+05:30 DEBUG 37120 --- [student-management-system] [http-nio-8080-exec-10] org.hibernate.SQL                        : 
    select
        u1_0.id,
        u1_0.created_at,
        u1_0.password,
        u1_0.role,
        u1_0.updated_at,
        u1_0.username 
    from
        users u1_0 
    where
        u1_0.username=?
2026-09-25T00:05:51.067+05:30 DEBUG 37120 --- [student-management-system] [http-nio-8080-exec-6] org.hibernate.SQL                        : 
    select
        u1_0.id,
        u1_0.created_at,
        u1_0.password,
        u1_0.role,
        u1_0.updated_at,
        u1_0.username 
    from
        users u1_0 
    where
        u1_0.username=?
2026-09-25T00:05:51.068+05:30 TRACE 37120 --- [student-management-system] [http-nio-8080-exec-10] org.hibernate.orm.jdbc.bind              : binding parameter (1:VARCHAR) <- [admin]
2026-09-25T00:05:51.068+05:30 TRACE 37120 --- [student-management-system] [http-nio-8080-exec-6] org.hibernate.orm.jdbc.bind              : binding parameter (1:VARCHAR) <- [admin]
2026-09-25T00:05:51.067+05:30 DEBUG 37120 --- [student-management-system] [http-nio-8080-exec-9] org.hibernate.SQL                        : 
    select
        u1_0.id,
        u1_0.created_at,
        u1_0.password,
        u1_0.role,
        u1_0.updated_at,
        u1_0.username 
    from
        users u1_0 
    where
        u1_0.username=?
2026-09-25T00:05:51.068+05:30 TRACE 37120 --- [student-management-system] [http-nio-8080-exec-9] org.hibernate.orm.jdbc.bind              : binding parameter (1:VARCHAR) <- [admin]
2026-09-25T00:05:51.078+05:30 DEBUG 37120 --- [student-management-system] [http-nio-8080-exec-6] org.hibernate.SQL                        : 
    select
        e1_0.id,
        e1_0.course_id,
        c1_0.id,
        c1_0.course_code,
        c1_0.course_name,
        c1_0.created_at,
        c1_0.description,
        c1_0.duration,
        c1_0.fees,
        c1_0.updated_at,
        e1_0.created_at,
        e1_0.enrollment_date,
        e1_0.status,
        e1_0.student_id,
        s1_0.id,
        s1_0.address,
        s1_0.created_at,
        s1_0.date_of_birth,
        s1_0.email,
        s1_0.first_name,
        s1_0.last_name,
        s1_0.phone,
        s1_0.updated_at,
        e1_0.updated_at 
    from
        enrollments e1_0 
    join
        courses c1_0 
            on c1_0.id=e1_0.course_id 
    join
        students s1_0 
            on s1_0.id=e1_0.student_id 
    limit
        ?, ?
2026-09-25T00:05:51.078+05:30 TRACE 37120 --- [student-management-system] [http-nio-8080-exec-6] org.hibernate.orm.jdbc.bind              : binding parameter (1:INTEGER) <- [0]
2026-09-25T00:05:51.079+05:30 DEBUG 37120 --- [student-management-system] [http-nio-8080-exec-9] org.hibernate.SQL                        : 
    select
        s1_0.id,
        s1_0.address,
        s1_0.created_at,
        s1_0.date_of_birth,
        s1_0.email,
        s1_0.first_name,
        s1_0.last_name,
        s1_0.phone,
        s1_0.updated_at 
    from
        students s1_0 
    order by
        s1_0.id 
    limit
        ?, ?
2026-09-25T00:05:51.079+05:30 TRACE 37120 --- [student-management-system] [http-nio-8080-exec-6] org.hibernate.orm.jdbc.bind              : binding parameter (2:INTEGER) <- [100]
2026-09-25T00:05:51.079+05:30 DEBUG 37120 --- [student-management-system] [http-nio-8080-exec-10] org.hibernate.SQL                        : 
    select
        c1_0.id,
        c1_0.course_code,
        c1_0.course_name,
        c1_0.created_at,
        c1_0.description,
        c1_0.duration,
        c1_0.fees,
        c1_0.updated_at 
    from
        courses c1_0 
    order by
        c1_0.id 
    limit
        ?, ?
2026-09-25T00:05:51.079+05:30 TRACE 37120 --- [student-management-system] [http-nio-8080-exec-10] org.hibernate.orm.jdbc.bind              : binding parameter (1:INTEGER) <- [0]
2026-09-25T00:05:51.079+05:30 TRACE 37120 --- [student-management-system] [http-nio-8080-exec-10] org.hibernate.orm.jdbc.bind              : binding parameter (2:INTEGER) <- [1]
2026-09-25T00:05:51.079+05:30 TRACE 37120 --- [student-management-system] [http-nio-8080-exec-9] org.hibernate.orm.jdbc.bind              : binding parameter (1:INTEGER) <- [0]
2026-09-25T00:05:51.079+05:30 TRACE 37120 --- [student-management-system] [http-nio-8080-exec-9] org.hibernate.orm.jdbc.bind              : binding parameter (2:INTEGER) <- [1]
2026-09-25T00:05:51.087+05:30 DEBUG 37120 --- [student-management-system] [http-nio-8080-exec-10] org.hibernate.SQL                        : 
    select
        count(c1_0.id) 
    from
        courses c1_0
2026-09-25T00:05:51.091+05:30 DEBUG 37120 --- [student-management-system] [http-nio-8080-exec-9] org.hibernate.SQL                        : 
    select
        count(s1_0.id) 
    from
        students s1_0
2026-09-25T00:05:51.095+05:30 DEBUG 37120 --- [student-management-system] [http-nio-8080-exec-3] org.hibernate.SQL                        : 
    select
        u1_0.id,
        u1_0.created_at,
        u1_0.password,
        u1_0.role,
        u1_0.updated_at,
        u1_0.username 
    from
        users u1_0 
    where
        u1_0.username=?
2026-09-25T00:05:51.095+05:30 DEBUG 37120 --- [student-management-system] [http-nio-8080-exec-2] org.hibernate.SQL                        : 
    select
        u1_0.id,
        u1_0.created_at,
        u1_0.password,
        u1_0.role,
        u1_0.updated_at,
        u1_0.username 
    from
        users u1_0 
    where
        u1_0.username=?
2026-09-25T00:05:51.096+05:30 TRACE 37120 --- [student-management-system] [http-nio-8080-exec-2] org.hibernate.orm.jdbc.bind              : binding parameter (1:VARCHAR) <- [admin]
2026-09-25T00:05:51.095+05:30 TRACE 37120 --- [student-management-system] [http-nio-8080-exec-3] org.hibernate.orm.jdbc.bind              : binding parameter (1:VARCHAR) <- [admin]
2026-09-25T00:05:51.097+05:30 DEBUG 37120 --- [student-management-system] [http-nio-8080-exec-9] org.hibernate.SQL                        : 
    select
        u1_0.id,
        u1_0.created_at,
        u1_0.password,
        u1_0.role,
        u1_0.updated_at,
        u1_0.username 
    from
        users u1_0 
    where
        u1_0.username=?
2026-09-25T00:05:51.098+05:30 TRACE 37120 --- [student-management-system] [http-nio-8080-exec-9] org.hibernate.orm.jdbc.bind              : binding parameter (1:VARCHAR) <- [admin]
2026-09-25T00:05:51.100+05:30 DEBUG 37120 --- [student-management-system] [http-nio-8080-exec-3] org.hibernate.SQL                        : 
    select
        c1_0.id,
        c1_0.course_code,
        c1_0.course_name,
        c1_0.created_at,
        c1_0.description,
        c1_0.duration,
        c1_0.fees,
        c1_0.updated_at 
    from
        courses c1_0 
    order by
        c1_0.id 
    limit
        ?, ?
2026-09-25T00:05:51.100+05:30 TRACE 37120 --- [student-management-system] [http-nio-8080-exec-3] org.hibernate.orm.jdbc.bind              : binding parameter (1:INTEGER) <- [0]
2026-09-25T00:05:51.100+05:30 TRACE 37120 --- [student-management-system] [http-nio-8080-exec-3] org.hibernate.orm.jdbc.bind              : binding parameter (2:INTEGER) <- [1]
2026-09-25T00:05:51.100+05:30 DEBUG 37120 --- [student-management-system] [http-nio-8080-exec-2] org.hibernate.SQL                        : 
    select
        e1_0.id,
        e1_0.course_id,
        c1_0.id,
        c1_0.course_code,
        c1_0.course_name,
        c1_0.created_at,
        c1_0.description,
        c1_0.duration,
        c1_0.fees,
        c1_0.updated_at,
        e1_0.created_at,
        e1_0.enrollment_date,
        e1_0.status,
        e1_0.student_id,
        s1_0.id,
        s1_0.address,
        s1_0.created_at,
        s1_0.date_of_birth,
        s1_0.email,
        s1_0.first_name,
        s1_0.last_name,
        s1_0.phone,
        s1_0.updated_at,
        e1_0.updated_at 
    from
        enrollments e1_0 
    join
        courses c1_0 
            on c1_0.id=e1_0.course_id 
    join
        students s1_0 
            on s1_0.id=e1_0.student_id 
    limit
        ?, ?
2026-09-25T00:05:51.100+05:30 TRACE 37120 --- [student-management-system] [http-nio-8080-exec-2] org.hibernate.orm.jdbc.bind              : binding parameter (1:INTEGER) <- [0]
2026-09-25T00:05:51.100+05:30 TRACE 37120 --- [student-management-system] [http-nio-8080-exec-2] org.hibernate.orm.jdbc.bind              : binding parameter (2:INTEGER) <- [100]
2026-09-25T00:05:51.101+05:30 DEBUG 37120 --- [student-management-system] [http-nio-8080-exec-9] org.hibernate.SQL                        : 
    select
        s1_0.id,
        s1_0.address,
        s1_0.created_at,
        s1_0.date_of_birth,
        s1_0.email,
        s1_0.first_name,
        s1_0.last_name,
        s1_0.phone,
        s1_0.updated_at 
    from
        students s1_0 
    order by
        s1_0.id 
    limit
        ?, ?
2026-09-25T00:05:51.101+05:30 DEBUG 37120 --- [student-management-system] [http-nio-8080-exec-3] org.hibernate.SQL                        : 
    select
        count(c1_0.id) 
    from
        courses c1_0
2026-09-25T00:05:51.101+05:30 TRACE 37120 --- [student-management-system] [http-nio-8080-exec-9] org.hibernate.orm.jdbc.bind              : binding parameter (1:INTEGER) <- [0]
2026-09-25T00:05:51.101+05:30 TRACE 37120 --- [student-management-system] [http-nio-8080-exec-9] org.hibernate.orm.jdbc.bind              : binding parameter (2:INTEGER) <- [1]
2026-09-25T00:05:51.102+05:30 DEBUG 37120 --- [student-management-system] [http-nio-8080-exec-9] org.hibernate.SQL                        : 
    select
        count(s1_0.id) 
    from
        students s1_0
2026-09-25T00:08:17.259+05:30 DEBUG 37120 --- [student-management-system] [http-nio-8080-exec-1] org.hibernate.SQL                        : 
    select
        u1_0.id,
        u1_0.created_at,
        u1_0.password,
        u1_0.role,
        u1_0.updated_at,
        u1_0.username 
    from
        users u1_0 
    where
        u1_0.username=?
2026-09-25T00:08:17.259+05:30 DEBUG 37120 --- [student-management-system] [http-nio-8080-exec-10] org.hibernate.SQL                        : 
    select
        u1_0.id,
        u1_0.created_at,
        u1_0.password,
        u1_0.role,
        u1_0.updated_at,
        u1_0.username 
    from
        users u1_0 
    where
        u1_0.username=?
2026-09-25T00:08:17.259+05:30 DEBUG 37120 --- [student-management-system] [http-nio-8080-exec-5] org.hibernate.SQL                        : 
    select
        u1_0.id,
        u1_0.created_at,
        u1_0.password,
        u1_0.role,
        u1_0.updated_at,
        u1_0.username 
    from
        users u1_0 
    where
        u1_0.username=?
2026-09-25T00:08:17.260+05:30 TRACE 37120 --- [student-management-system] [http-nio-8080-exec-5] org.hibernate.orm.jdbc.bind              : binding parameter (1:VARCHAR) <- [admin]
2026-09-25T00:08:17.260+05:30 TRACE 37120 --- [student-management-system] [http-nio-8080-exec-10] org.hibernate.orm.jdbc.bind              : binding parameter (1:VARCHAR) <- [admin]
2026-09-25T00:08:17.260+05:30 TRACE 37120 --- [student-management-system] [http-nio-8080-exec-1] org.hibernate.orm.jdbc.bind              : binding parameter (1:VARCHAR) <- [admin]
2026-09-25T00:08:17.342+05:30 DEBUG 37120 --- [student-management-system] [http-nio-8080-exec-10] org.hibernate.SQL                        : 
    select
        c1_0.id,
        c1_0.course_code,
        c1_0.course_name,
        c1_0.created_at,
        c1_0.description,
        c1_0.duration,
        c1_0.fees,
        c1_0.updated_at 
    from
        courses c1_0 
    order by
        c1_0.id 
    limit
        ?, ?
2026-09-25T00:08:17.342+05:30 DEBUG 37120 --- [student-management-system] [http-nio-8080-exec-5] org.hibernate.SQL                        : 
    select
        s1_0.id,
        s1_0.address,
        s1_0.created_at,
        s1_0.date_of_birth,
        s1_0.email,
        s1_0.first_name,
        s1_0.last_name,
        s1_0.phone,
        s1_0.updated_at 
    from
        students s1_0 
    order by
        s1_0.id 
    limit
        ?, ?
2026-09-25T00:08:17.342+05:30 DEBUG 37120 --- [student-management-system] [http-nio-8080-exec-1] org.hibernate.SQL                        : 
    select
        e1_0.id,
        e1_0.course_id,
        c1_0.id,
        c1_0.course_code,
        c1_0.course_name,
        c1_0.created_at,
        c1_0.description,
        c1_0.duration,
        c1_0.fees,
        c1_0.updated_at,
        e1_0.created_at,
        e1_0.enrollment_date,
        e1_0.status,
        e1_0.student_id,
        s1_0.id,
        s1_0.address,
        s1_0.created_at,
        s1_0.date_of_birth,
        s1_0.email,
        s1_0.first_name,
        s1_0.last_name,
        s1_0.phone,
        s1_0.updated_at,
        e1_0.updated_at 
    from
        enrollments e1_0 
    join
        courses c1_0 
            on c1_0.id=e1_0.course_id 
    join
        students s1_0 
            on s1_0.id=e1_0.student_id 
    limit
        ?, ?
2026-09-25T00:08:17.342+05:30 TRACE 37120 --- [student-management-system] [http-nio-8080-exec-10] org.hibernate.orm.jdbc.bind              : binding parameter (1:INTEGER) <- [0]
2026-09-25T00:08:17.342+05:30 TRACE 37120 --- [student-management-system] [http-nio-8080-exec-5] org.hibernate.orm.jdbc.bind              : binding parameter (1:INTEGER) <- [0]
2026-09-25T00:08:17.342+05:30 TRACE 37120 --- [student-management-system] [http-nio-8080-exec-1] org.hibernate.orm.jdbc.bind              : binding parameter (1:INTEGER) <- [0]
2026-09-25T00:08:17.342+05:30 TRACE 37120 --- [student-management-system] [http-nio-8080-exec-10] org.hibernate.orm.jdbc.bind              : binding parameter (2:INTEGER) <- [1]
2026-09-25T00:08:17.342+05:30 TRACE 37120 --- [student-management-system] [http-nio-8080-exec-5] org.hibernate.orm.jdbc.bind              : binding parameter (2:INTEGER) <- [1]
2026-09-25T00:08:17.343+05:30 TRACE 37120 --- [student-management-system] [http-nio-8080-exec-1] org.hibernate.orm.jdbc.bind              : binding parameter (2:INTEGER) <- [100]
2026-09-25T00:08:17.347+05:30 DEBUG 37120 --- [student-management-system] [http-nio-8080-exec-5] org.hibernate.SQL                        : 
    select
        count(s1_0.id) 
    from
        students s1_0
2026-09-25T00:08:17.348+05:30 DEBUG 37120 --- [student-management-system] [http-nio-8080-exec-10] org.hibernate.SQL                        : 
    select
        count(c1_0.id) 
    from
        courses c1_0
2026-09-25T00:08:17.352+05:30 DEBUG 37120 --- [student-management-system] [http-nio-8080-exec-10] org.hibernate.SQL                        : 
    select
        u1_0.id,
        u1_0.created_at,
        u1_0.password,
        u1_0.role,
        u1_0.updated_at,
        u1_0.username 
    from
        users u1_0 
    where
        u1_0.username=?
2026-09-25T00:08:17.352+05:30 DEBUG 37120 --- [student-management-system] [http-nio-8080-exec-1] org.hibernate.SQL                        : 
    select
        u1_0.id,
        u1_0.created_at,
        u1_0.password,
        u1_0.role,
        u1_0.updated_at,
        u1_0.username 
    from
        users u1_0 
    where
        u1_0.username=?
2026-09-25T00:08:17.352+05:30 DEBUG 37120 --- [student-management-system] [http-nio-8080-exec-6] org.hibernate.SQL                        : 
    select
        u1_0.id,
        u1_0.created_at,
        u1_0.password,
        u1_0.role,
        u1_0.updated_at,
        u1_0.username 
    from
        users u1_0 
    where
        u1_0.username=?
2026-09-25T00:08:17.353+05:30 TRACE 37120 --- [student-management-system] [http-nio-8080-exec-10] org.hibernate.orm.jdbc.bind              : binding parameter (1:VARCHAR) <- [admin]
2026-09-25T00:08:17.353+05:30 TRACE 37120 --- [student-management-system] [http-nio-8080-exec-1] org.hibernate.orm.jdbc.bind              : binding parameter (1:VARCHAR) <- [admin]
2026-09-25T00:08:17.353+05:30 TRACE 37120 --- [student-management-system] [http-nio-8080-exec-6] org.hibernate.orm.jdbc.bind              : binding parameter (1:VARCHAR) <- [admin]
2026-09-25T00:08:17.359+05:30 DEBUG 37120 --- [student-management-system] [http-nio-8080-exec-1] org.hibernate.SQL                        : 
    select
        s1_0.id,
        s1_0.address,
        s1_0.created_at,
        s1_0.date_of_birth,
        s1_0.email,
        s1_0.first_name,
        s1_0.last_name,
        s1_0.phone,
        s1_0.updated_at 
    from
        students s1_0 
    order by
        s1_0.id 
    limit
        ?, ?
2026-09-25T00:08:17.359+05:30 DEBUG 37120 --- [student-management-system] [http-nio-8080-exec-6] org.hibernate.SQL                        : 
    select
        e1_0.id,
        e1_0.course_id,
        c1_0.id,
        c1_0.course_code,
        c1_0.course_name,
        c1_0.created_at,
        c1_0.description,
        c1_0.duration,
        c1_0.fees,
        c1_0.updated_at,
        e1_0.created_at,
        e1_0.enrollment_date,
        e1_0.status,
        e1_0.student_id,
        s1_0.id,
        s1_0.address,
        s1_0.created_at,
        s1_0.date_of_birth,
        s1_0.email,
        s1_0.first_name,
        s1_0.last_name,
        s1_0.phone,
        s1_0.updated_at,
        e1_0.updated_at 
    from
        enrollments e1_0 
    join
        courses c1_0 
            on c1_0.id=e1_0.course_id 
    join
        students s1_0 
            on s1_0.id=e1_0.student_id 
    limit
        ?, ?
2026-09-25T00:08:17.359+05:30 DEBUG 37120 --- [student-management-system] [http-nio-8080-exec-10] org.hibernate.SQL                        : 
    select
        c1_0.id,
        c1_0.course_code,
        c1_0.course_name,
        c1_0.created_at,
        c1_0.description,
        c1_0.duration,
        c1_0.fees,
        c1_0.updated_at 
    from
        courses c1_0 
    order by
        c1_0.id 
    limit
        ?, ?
2026-09-25T00:08:17.359+05:30 TRACE 37120 --- [student-management-system] [http-nio-8080-exec-1] org.hibernate.orm.jdbc.bind              : binding parameter (1:INTEGER) <- [0]
2026-09-25T00:08:17.359+05:30 TRACE 37120 --- [student-management-system] [http-nio-8080-exec-1] org.hibernate.orm.jdbc.bind              : binding parameter (2:INTEGER) <- [1]
2026-09-25T00:08:17.359+05:30 TRACE 37120 --- [student-management-system] [http-nio-8080-exec-10] org.hibernate.orm.jdbc.bind              : binding parameter (1:INTEGER) <- [0]
2026-09-25T00:08:17.359+05:30 TRACE 37120 --- [student-management-system] [http-nio-8080-exec-10] org.hibernate.orm.jdbc.bind              : binding parameter (2:INTEGER) <- [1]
2026-09-25T00:08:17.359+05:30 TRACE 37120 --- [student-management-system] [http-nio-8080-exec-6] org.hibernate.orm.jdbc.bind              : binding parameter (1:INTEGER) <- [0]
2026-09-25T00:08:17.359+05:30 TRACE 37120 --- [student-management-system] [http-nio-8080-exec-6] org.hibernate.orm.jdbc.bind              : binding parameter (2:INTEGER) <- [100]
2026-09-25T00:08:17.360+05:30 DEBUG 37120 --- [student-management-system] [http-nio-8080-exec-1] org.hibernate.SQL                        : 
    select
        count(s1_0.id) 
    from
        students s1_0
2026-09-25T00:08:17.361+05:30 DEBUG 37120 --- [student-management-system] [http-nio-8080-exec-10] org.hibernate.SQL                        : 
    select
        count(c1_0.id) 
    from
        courses c1_0
2026-09-25T00:08:25.565+05:30 DEBUG 37120 --- [student-management-system] [http-nio-8080-exec-7] org.hibernate.SQL                        : 
    select
        u1_0.id,
        u1_0.created_at,
        u1_0.password,
        u1_0.role,
        u1_0.updated_at,
        u1_0.username 
    from
        users u1_0 
    where
        u1_0.username=?
2026-09-25T00:08:25.565+05:30 TRACE 37120 --- [student-management-system] [http-nio-8080-exec-7] org.hibernate.orm.jdbc.bind              : binding parameter (1:VARCHAR) <- [admin]
2026-09-25T00:08:25.610+05:30 DEBUG 37120 --- [student-management-system] [http-nio-8080-exec-7] org.hibernate.SQL                        : 
    select
        s1_0.id,
        s1_0.address,
        s1_0.created_at,
        s1_0.date_of_birth,
        s1_0.email,
        s1_0.first_name,
        s1_0.last_name,
        s1_0.phone,
        s1_0.updated_at 
    from
        students s1_0 
    order by
        s1_0.id 
    limit
        ?, ?
2026-09-25T00:08:25.611+05:30 TRACE 37120 --- [student-management-system] [http-nio-8080-exec-7] org.hibernate.orm.jdbc.bind              : binding parameter (1:INTEGER) <- [0]
2026-09-25T00:08:25.611+05:30 TRACE 37120 --- [student-management-system] [http-nio-8080-exec-7] org.hibernate.orm.jdbc.bind              : binding parameter (2:INTEGER) <- [10]
2026-09-25T00:08:25.622+05:30 DEBUG 37120 --- [student-management-system] [http-nio-8080-exec-7] org.hibernate.SQL                        : 
    select
        u1_0.id,
        u1_0.created_at,
        u1_0.password,
        u1_0.role,
        u1_0.updated_at,
        u1_0.username 
    from
        users u1_0 
    where
        u1_0.username=?
2026-09-25T00:08:25.623+05:30 TRACE 37120 --- [student-management-system] [http-nio-8080-exec-7] org.hibernate.orm.jdbc.bind              : binding parameter (1:VARCHAR) <- [admin]
2026-09-25T00:08:25.631+05:30 DEBUG 37120 --- [student-management-system] [http-nio-8080-exec-7] org.hibernate.SQL                        : 
    select
        s1_0.id,
        s1_0.address,
        s1_0.created_at,
        s1_0.date_of_birth,
        s1_0.email,
        s1_0.first_name,
        s1_0.last_name,
        s1_0.phone,
        s1_0.updated_at 
    from
        students s1_0 
    order by
        s1_0.id 
    limit
        ?, ?
2026-09-25T00:08:25.632+05:30 TRACE 37120 --- [student-management-system] [http-nio-8080-exec-7] org.hibernate.orm.jdbc.bind              : binding parameter (1:INTEGER) <- [0]
2026-09-25T00:08:25.632+05:30 TRACE 37120 --- [student-management-system] [http-nio-8080-exec-7] org.hibernate.orm.jdbc.bind              : binding parameter (2:INTEGER) <- [10]
2026-09-25T00:08:26.415+05:30 DEBUG 37120 --- [student-management-system] [http-nio-8080-exec-1] org.hibernate.SQL                        : 
    select
        u1_0.id,
        u1_0.created_at,
        u1_0.password,
        u1_0.role,
        u1_0.updated_at,
        u1_0.username 
    from
        users u1_0 
    where
        u1_0.username=?
2026-09-25T00:08:26.415+05:30 DEBUG 37120 --- [student-management-system] [http-nio-8080-exec-8] org.hibernate.SQL                        : 
    select
        u1_0.id,
        u1_0.created_at,
        u1_0.password,
        u1_0.role,
        u1_0.updated_at,
        u1_0.username 
    from
        users u1_0 
    where
        u1_0.username=?
2026-09-25T00:08:26.416+05:30 TRACE 37120 --- [student-management-system] [http-nio-8080-exec-8] org.hibernate.orm.jdbc.bind              : binding parameter (1:VARCHAR) <- [admin]
2026-09-25T00:08:26.415+05:30 DEBUG 37120 --- [student-management-system] [http-nio-8080-exec-2] org.hibernate.SQL                        : 
    select
        u1_0.id,
        u1_0.created_at,
        u1_0.password,
        u1_0.role,
        u1_0.updated_at,
        u1_0.username 
    from
        users u1_0 
    where
        u1_0.username=?
2026-09-25T00:08:26.416+05:30 TRACE 37120 --- [student-management-system] [http-nio-8080-exec-1] org.hibernate.orm.jdbc.bind              : binding parameter (1:VARCHAR) <- [admin]
2026-09-25T00:08:26.416+05:30 TRACE 37120 --- [student-management-system] [http-nio-8080-exec-2] org.hibernate.orm.jdbc.bind              : binding parameter (1:VARCHAR) <- [admin]
2026-09-25T00:08:26.437+05:30 DEBUG 37120 --- [student-management-system] [http-nio-8080-exec-2] org.hibernate.SQL                        : 
    select
        e1_0.id,
        e1_0.course_id,
        c1_0.id,
        c1_0.course_code,
        c1_0.course_name,
        c1_0.created_at,
        c1_0.description,
        c1_0.duration,
        c1_0.fees,
        c1_0.updated_at,
        e1_0.created_at,
        e1_0.enrollment_date,
        e1_0.status,
        e1_0.student_id,
        s1_0.id,
        s1_0.address,
        s1_0.created_at,
        s1_0.date_of_birth,
        s1_0.email,
        s1_0.first_name,
        s1_0.last_name,
        s1_0.phone,
        s1_0.updated_at,
        e1_0.updated_at 
    from
        enrollments e1_0 
    join
        courses c1_0 
            on c1_0.id=e1_0.course_id 
    join
        students s1_0 
            on s1_0.id=e1_0.student_id 
    limit
        ?, ?
2026-09-25T00:08:26.438+05:30 TRACE 37120 --- [student-management-system] [http-nio-8080-exec-2] org.hibernate.orm.jdbc.bind              : binding parameter (1:INTEGER) <- [0]
2026-09-25T00:08:26.438+05:30 DEBUG 37120 --- [student-management-system] [http-nio-8080-exec-1] org.hibernate.SQL                        : 
    select
        s1_0.id,
        s1_0.address,
        s1_0.created_at,
        s1_0.date_of_birth,
        s1_0.email,
        s1_0.first_name,
        s1_0.last_name,
        s1_0.phone,
        s1_0.updated_at 
    from
        students s1_0 
    order by
        s1_0.id 
    limit
        ?, ?
2026-09-25T00:08:26.438+05:30 TRACE 37120 --- [student-management-system] [http-nio-8080-exec-2] org.hibernate.orm.jdbc.bind              : binding parameter (2:INTEGER) <- [100]
2026-09-25T00:08:26.438+05:30 TRACE 37120 --- [student-management-system] [http-nio-8080-exec-1] org.hibernate.orm.jdbc.bind              : binding parameter (1:INTEGER) <- [0]
2026-09-25T00:08:26.438+05:30 DEBUG 37120 --- [student-management-system] [http-nio-8080-exec-8] org.hibernate.SQL                        : 
    select
        c1_0.id,
        c1_0.course_code,
        c1_0.course_name,
        c1_0.created_at,
        c1_0.description,
        c1_0.duration,
        c1_0.fees,
        c1_0.updated_at 
    from
        courses c1_0 
    order by
        c1_0.id 
    limit
        ?, ?
2026-09-25T00:08:26.438+05:30 TRACE 37120 --- [student-management-system] [http-nio-8080-exec-1] org.hibernate.orm.jdbc.bind              : binding parameter (2:INTEGER) <- [1]
2026-09-25T00:08:26.438+05:30 TRACE 37120 --- [student-management-system] [http-nio-8080-exec-8] org.hibernate.orm.jdbc.bind              : binding parameter (1:INTEGER) <- [0]
2026-09-25T00:08:26.438+05:30 TRACE 37120 --- [student-management-system] [http-nio-8080-exec-8] org.hibernate.orm.jdbc.bind              : binding parameter (2:INTEGER) <- [1]
2026-09-25T00:08:26.440+05:30 DEBUG 37120 --- [student-management-system] [http-nio-8080-exec-1] org.hibernate.SQL                        : 
    select
        count(s1_0.id) 
    from
        students s1_0
2026-09-25T00:08:26.443+05:30 DEBUG 37120 --- [student-management-system] [http-nio-8080-exec-8] org.hibernate.SQL                        : 
    select
        count(c1_0.id) 
    from
        courses c1_0
2026-09-25T00:08:26.448+05:30 DEBUG 37120 --- [student-management-system] [http-nio-8080-exec-7] org.hibernate.SQL                        : 
    select
        u1_0.id,
        u1_0.created_at,
        u1_0.password,
        u1_0.role,
        u1_0.updated_at,
        u1_0.username 
    from
        users u1_0 
    where
        u1_0.username=?
2026-09-25T00:08:26.448+05:30 DEBUG 37120 --- [student-management-system] [http-nio-8080-exec-8] org.hibernate.SQL                        : 
    select
        u1_0.id,
        u1_0.created_at,
        u1_0.password,
        u1_0.role,
        u1_0.updated_at,
        u1_0.username 
    from
        users u1_0 
    where
        u1_0.username=?
2026-09-25T00:08:26.448+05:30 DEBUG 37120 --- [student-management-system] [http-nio-8080-exec-9] org.hibernate.SQL                        : 
    select
        u1_0.id,
        u1_0.created_at,
        u1_0.password,
        u1_0.role,
        u1_0.updated_at,
        u1_0.username 
    from
        users u1_0 
    where
        u1_0.username=?
2026-09-25T00:08:26.449+05:30 TRACE 37120 --- [student-management-system] [http-nio-8080-exec-7] org.hibernate.orm.jdbc.bind              : binding parameter (1:VARCHAR) <- [admin]
2026-09-25T00:08:26.449+05:30 TRACE 37120 --- [student-management-system] [http-nio-8080-exec-9] org.hibernate.orm.jdbc.bind              : binding parameter (1:VARCHAR) <- [admin]
2026-09-25T00:08:26.449+05:30 TRACE 37120 --- [student-management-system] [http-nio-8080-exec-8] org.hibernate.orm.jdbc.bind              : binding parameter (1:VARCHAR) <- [admin]
2026-09-25T00:08:26.455+05:30 DEBUG 37120 --- [student-management-system] [http-nio-8080-exec-8] org.hibernate.SQL                        : 
    select
        s1_0.id,
        s1_0.address,
        s1_0.created_at,
        s1_0.date_of_birth,
        s1_0.email,
        s1_0.first_name,
        s1_0.last_name,
        s1_0.phone,
        s1_0.updated_at 
    from
        students s1_0 
    order by
        s1_0.id 
    limit
        ?, ?
2026-09-25T00:08:26.455+05:30 DEBUG 37120 --- [student-management-system] [http-nio-8080-exec-7] org.hibernate.SQL                        : 
    select
        e1_0.id,
        e1_0.course_id,
        c1_0.id,
        c1_0.course_code,
        c1_0.course_name,
        c1_0.created_at,
        c1_0.description,
        c1_0.duration,
        c1_0.fees,
        c1_0.updated_at,
        e1_0.created_at,
        e1_0.enrollment_date,
        e1_0.status,
        e1_0.student_id,
        s1_0.id,
        s1_0.address,
        s1_0.created_at,
        s1_0.date_of_birth,
        s1_0.email,
        s1_0.first_name,
        s1_0.last_name,
        s1_0.phone,
        s1_0.updated_at,
        e1_0.updated_at 
    from
        enrollments e1_0 
    join
        courses c1_0 
            on c1_0.id=e1_0.course_id 
    join
        students s1_0 
            on s1_0.id=e1_0.student_id 
    limit
        ?, ?
2026-09-25T00:08:26.455+05:30 DEBUG 37120 --- [student-management-system] [http-nio-8080-exec-9] org.hibernate.SQL                        : 
    select
        c1_0.id,
        c1_0.course_code,
        c1_0.course_name,
        c1_0.created_at,
        c1_0.description,
        c1_0.duration,
        c1_0.fees,
        c1_0.updated_at 
    from
        courses c1_0 
    order by
        c1_0.id 
    limit
        ?, ?
2026-09-25T00:08:26.455+05:30 TRACE 37120 --- [student-management-system] [http-nio-8080-exec-8] org.hibernate.orm.jdbc.bind              : binding parameter (1:INTEGER) <- [0]
2026-09-25T00:08:26.456+05:30 TRACE 37120 --- [student-management-system] [http-nio-8080-exec-8] org.hibernate.orm.jdbc.bind              : binding parameter (2:INTEGER) <- [1]
2026-09-25T00:08:26.456+05:30 TRACE 37120 --- [student-management-system] [http-nio-8080-exec-9] org.hibernate.orm.jdbc.bind              : binding parameter (1:INTEGER) <- [0]
2026-09-25T00:08:26.456+05:30 TRACE 37120 --- [student-management-system] [http-nio-8080-exec-7] org.hibernate.orm.jdbc.bind              : binding parameter (1:INTEGER) <- [0]
2026-09-25T00:08:26.457+05:30 TRACE 37120 --- [student-management-system] [http-nio-8080-exec-9] org.hibernate.orm.jdbc.bind              : binding parameter (2:INTEGER) <- [1]
2026-09-25T00:08:26.457+05:30 TRACE 37120 --- [student-management-system] [http-nio-8080-exec-7] org.hibernate.orm.jdbc.bind              : binding parameter (2:INTEGER) <- [100]
2026-09-25T00:08:26.459+05:30 DEBUG 37120 --- [student-management-system] [http-nio-8080-exec-9] org.hibernate.SQL                        : 
    select
        count(c1_0.id) 
    from
        courses c1_0
2026-09-25T00:08:26.462+05:30 DEBUG 37120 --- [student-management-system] [http-nio-8080-exec-8] org.hibernate.SQL                        : 
    select
        count(s1_0.id) 
    from
        students s1_0
2026-09-25T00:10:32.406+05:30 DEBUG 37120 --- [student-management-system] [http-nio-8080-exec-9] org.hibernate.SQL                        : 
    select
        u1_0.id,
        u1_0.created_at,
        u1_0.password,
        u1_0.role,
        u1_0.updated_at,
        u1_0.username 
    from
        users u1_0 
    where
        u1_0.username=?
2026-09-25T00:10:32.407+05:30 TRACE 37120 --- [student-management-system] [http-nio-8080-exec-9] org.hibernate.orm.jdbc.bind              : binding parameter (1:VARCHAR) <- [admin]
2026-09-25T00:10:32.507+05:30 DEBUG 37120 --- [student-management-system] [http-nio-8080-exec-9] org.hibernate.SQL                        : 
    select
        s1_0.id,
        s1_0.address,
        s1_0.created_at,
        s1_0.date_of_birth,
        s1_0.email,
        s1_0.first_name,
        s1_0.last_name,
        s1_0.phone,
        s1_0.updated_at 
    from
        students s1_0 
    order by
        s1_0.id 
    limit
        ?, ?
2026-09-25T00:10:32.507+05:30 TRACE 37120 --- [student-management-system] [http-nio-8080-exec-9] org.hibernate.orm.jdbc.bind              : binding parameter (1:INTEGER) <- [0]
2026-09-25T00:10:32.507+05:30 TRACE 37120 --- [student-management-system] [http-nio-8080-exec-9] org.hibernate.orm.jdbc.bind              : binding parameter (2:INTEGER) <- [10]
2026-09-25T00:10:32.521+05:30 DEBUG 37120 --- [student-management-system] [http-nio-8080-exec-8] org.hibernate.SQL                        : 
    select
        u1_0.id,
        u1_0.created_at,
        u1_0.password,
        u1_0.role,
        u1_0.updated_at,
        u1_0.username 
    from
        users u1_0 
    where
        u1_0.username=?
2026-09-25T00:10:32.521+05:30 TRACE 37120 --- [student-management-system] [http-nio-8080-exec-8] org.hibernate.orm.jdbc.bind              : binding parameter (1:VARCHAR) <- [admin]
2026-09-25T00:10:32.525+05:30 DEBUG 37120 --- [student-management-system] [http-nio-8080-exec-8] org.hibernate.SQL                        : 
    select
        s1_0.id,
        s1_0.address,
        s1_0.created_at,
        s1_0.date_of_birth,
        s1_0.email,
        s1_0.first_name,
        s1_0.last_name,
        s1_0.phone,
        s1_0.updated_at 
    from
        students s1_0 
    order by
        s1_0.id 
    limit
        ?, ?
2026-09-25T00:10:32.526+05:30 TRACE 37120 --- [student-management-system] [http-nio-8080-exec-8] org.hibernate.orm.jdbc.bind              : binding parameter (1:INTEGER) <- [0]
2026-09-25T00:10:32.526+05:30 TRACE 37120 --- [student-management-system] [http-nio-8080-exec-8] org.hibernate.orm.jdbc.bind              : binding parameter (2:INTEGER) <- [10]
2026-09-25T00:10:33.517+05:30 DEBUG 37120 --- [student-management-system] [http-nio-8080-exec-9] org.hibernate.SQL                        : 
    select
        u1_0.id,
        u1_0.created_at,
        u1_0.password,
        u1_0.role,
        u1_0.updated_at,
        u1_0.username 
    from
        users u1_0 
    where
        u1_0.username=?
2026-09-25T00:10:33.518+05:30 TRACE 37120 --- [student-management-system] [http-nio-8080-exec-9] org.hibernate.orm.jdbc.bind              : binding parameter (1:VARCHAR) <- [admin]
2026-09-25T00:10:33.518+05:30 DEBUG 37120 --- [student-management-system] [http-nio-8080-exec-5] org.hibernate.SQL                        : 
    select
        u1_0.id,
        u1_0.created_at,
        u1_0.password,
        u1_0.role,
        u1_0.updated_at,
        u1_0.username 
    from
        users u1_0 
    where
        u1_0.username=?
2026-09-25T00:10:33.519+05:30 TRACE 37120 --- [student-management-system] [http-nio-8080-exec-5] org.hibernate.orm.jdbc.bind              : binding parameter (1:VARCHAR) <- [admin]
2026-09-25T00:10:33.520+05:30 DEBUG 37120 --- [student-management-system] [http-nio-8080-exec-7] org.hibernate.SQL                        : 
    select
        u1_0.id,
        u1_0.created_at,
        u1_0.password,
        u1_0.role,
        u1_0.updated_at,
        u1_0.username 
    from
        users u1_0 
    where
        u1_0.username=?
2026-09-25T00:10:33.520+05:30 TRACE 37120 --- [student-management-system] [http-nio-8080-exec-7] org.hibernate.orm.jdbc.bind              : binding parameter (1:VARCHAR) <- [admin]
2026-09-25T00:10:33.532+05:30 DEBUG 37120 --- [student-management-system] [http-nio-8080-exec-9] org.hibernate.SQL                        : 
    select
        s1_0.id,
        s1_0.address,
        s1_0.created_at,
        s1_0.date_of_birth,
        s1_0.email,
        s1_0.first_name,
        s1_0.last_name,
        s1_0.phone,
        s1_0.updated_at 
    from
        students s1_0 
    order by
        s1_0.id 
    limit
        ?, ?
2026-09-25T00:10:33.532+05:30 DEBUG 37120 --- [student-management-system] [http-nio-8080-exec-5] org.hibernate.SQL                        : 
    select
        c1_0.id,
        c1_0.course_code,
        c1_0.course_name,
        c1_0.created_at,
        c1_0.description,
        c1_0.duration,
        c1_0.fees,
        c1_0.updated_at 
    from
        courses c1_0 
    order by
        c1_0.id 
    limit
        ?, ?
2026-09-25T00:10:33.532+05:30 TRACE 37120 --- [student-management-system] [http-nio-8080-exec-9] org.hibernate.orm.jdbc.bind              : binding parameter (1:INTEGER) <- [0]
2026-09-25T00:10:33.532+05:30 TRACE 37120 --- [student-management-system] [http-nio-8080-exec-9] org.hibernate.orm.jdbc.bind              : binding parameter (2:INTEGER) <- [1]
2026-09-25T00:10:33.532+05:30 TRACE 37120 --- [student-management-system] [http-nio-8080-exec-5] org.hibernate.orm.jdbc.bind              : binding parameter (1:INTEGER) <- [0]
2026-09-25T00:10:33.532+05:30 TRACE 37120 --- [student-management-system] [http-nio-8080-exec-5] org.hibernate.orm.jdbc.bind              : binding parameter (2:INTEGER) <- [1]
2026-09-25T00:10:33.535+05:30 DEBUG 37120 --- [student-management-system] [http-nio-8080-exec-9] org.hibernate.SQL                        : 
    select
        count(s1_0.id) 
    from
        students s1_0
2026-09-25T00:10:33.535+05:30 DEBUG 37120 --- [student-management-system] [http-nio-8080-exec-5] org.hibernate.SQL                        : 
    select
        count(c1_0.id) 
    from
        courses c1_0
2026-09-25T00:10:33.537+05:30 DEBUG 37120 --- [student-management-system] [http-nio-8080-exec-7] org.hibernate.SQL                        : 
    select
        e1_0.id,
        e1_0.course_id,
        c1_0.id,
        c1_0.course_code,
        c1_0.course_name,
        c1_0.created_at,
        c1_0.description,
        c1_0.duration,
        c1_0.fees,
        c1_0.updated_at,
        e1_0.created_at,
        e1_0.enrollment_date,
        e1_0.status,
        e1_0.student_id,
        s1_0.id,
        s1_0.address,
        s1_0.created_at,
        s1_0.date_of_birth,
        s1_0.email,
        s1_0.first_name,
        s1_0.last_name,
        s1_0.phone,
        s1_0.updated_at,
        e1_0.updated_at 
    from
        enrollments e1_0 
    join
        courses c1_0 
            on c1_0.id=e1_0.course_id 
    join
        students s1_0 
            on s1_0.id=e1_0.student_id 
    limit
        ?, ?
2026-09-25T00:10:33.538+05:30 TRACE 37120 --- [student-management-system] [http-nio-8080-exec-7] org.hibernate.orm.jdbc.bind              : binding parameter (1:INTEGER) <- [0]
2026-09-25T00:10:33.538+05:30 TRACE 37120 --- [student-management-system] [http-nio-8080-exec-7] org.hibernate.orm.jdbc.bind              : binding parameter (2:INTEGER) <- [100]
2026-09-25T00:10:33.545+05:30 DEBUG 37120 --- [student-management-system] [http-nio-8080-exec-2] org.hibernate.SQL                        : 
    select
        u1_0.id,
        u1_0.created_at,
        u1_0.password,
        u1_0.role,
        u1_0.updated_at,
        u1_0.username 
    from
        users u1_0 
    where
        u1_0.username=?
2026-09-25T00:10:33.545+05:30 DEBUG 37120 --- [student-management-system] [http-nio-8080-exec-5] org.hibernate.SQL                        : 
    select
        u1_0.id,
        u1_0.created_at,
        u1_0.password,
        u1_0.role,
        u1_0.updated_at,
        u1_0.username 
    from
        users u1_0 
    where
        u1_0.username=?
2026-09-25T00:10:33.545+05:30 TRACE 37120 --- [student-management-system] [http-nio-8080-exec-5] org.hibernate.orm.jdbc.bind              : binding parameter (1:VARCHAR) <- [admin]
2026-09-25T00:10:33.545+05:30 TRACE 37120 --- [student-management-system] [http-nio-8080-exec-2] org.hibernate.orm.jdbc.bind              : binding parameter (1:VARCHAR) <- [admin]
2026-09-25T00:10:33.547+05:30 DEBUG 37120 --- [student-management-system] [http-nio-8080-exec-3] org.hibernate.SQL                        : 
    select
        u1_0.id,
        u1_0.created_at,
        u1_0.password,
        u1_0.role,
        u1_0.updated_at,
        u1_0.username 
    from
        users u1_0 
    where
        u1_0.username=?
2026-09-25T00:10:33.547+05:30 TRACE 37120 --- [student-management-system] [http-nio-8080-exec-3] org.hibernate.orm.jdbc.bind              : binding parameter (1:VARCHAR) <- [admin]
2026-09-25T00:10:33.550+05:30 DEBUG 37120 --- [student-management-system] [http-nio-8080-exec-2] org.hibernate.SQL                        : 
    select
        s1_0.id,
        s1_0.address,
        s1_0.created_at,
        s1_0.date_of_birth,
        s1_0.email,
        s1_0.first_name,
        s1_0.last_name,
        s1_0.phone,
        s1_0.updated_at 
    from
        students s1_0 
    order by
        s1_0.id 
    limit
        ?, ?
2026-09-25T00:10:33.550+05:30 DEBUG 37120 --- [student-management-system] [http-nio-8080-exec-5] org.hibernate.SQL                        : 
    select
        c1_0.id,
        c1_0.course_code,
        c1_0.course_name,
        c1_0.created_at,
        c1_0.description,
        c1_0.duration,
        c1_0.fees,
        c1_0.updated_at 
    from
        courses c1_0 
    order by
        c1_0.id 
    limit
        ?, ?
2026-09-25T00:10:33.550+05:30 TRACE 37120 --- [student-management-system] [http-nio-8080-exec-2] org.hibernate.orm.jdbc.bind              : binding parameter (1:INTEGER) <- [0]
2026-09-25T00:10:33.550+05:30 TRACE 37120 --- [student-management-system] [http-nio-8080-exec-2] org.hibernate.orm.jdbc.bind              : binding parameter (2:INTEGER) <- [1]
2026-09-25T00:10:33.550+05:30 TRACE 37120 --- [student-management-system] [http-nio-8080-exec-5] org.hibernate.orm.jdbc.bind              : binding parameter (1:INTEGER) <- [0]
2026-09-25T00:10:33.550+05:30 TRACE 37120 --- [student-management-system] [http-nio-8080-exec-5] org.hibernate.orm.jdbc.bind              : binding parameter (2:INTEGER) <- [1]
2026-09-25T00:10:33.552+05:30 DEBUG 37120 --- [student-management-system] [http-nio-8080-exec-5] org.hibernate.SQL                        : 
    select
        count(c1_0.id) 
    from
        courses c1_0
2026-09-25T00:10:33.552+05:30 DEBUG 37120 --- [student-management-system] [http-nio-8080-exec-2] org.hibernate.SQL                        : 
    select
        count(s1_0.id) 
    from
        students s1_0
2026-09-25T00:10:33.553+05:30 DEBUG 37120 --- [student-management-system] [http-nio-8080-exec-3] org.hibernate.SQL                        : 
    select
        e1_0.id,
        e1_0.course_id,
        c1_0.id,
        c1_0.course_code,
        c1_0.course_name,
        c1_0.created_at,
        c1_0.description,
        c1_0.duration,
        c1_0.fees,
        c1_0.updated_at,
        e1_0.created_at,
        e1_0.enrollment_date,
        e1_0.status,
        e1_0.student_id,
        s1_0.id,
        s1_0.address,
        s1_0.created_at,
        s1_0.date_of_birth,
        s1_0.email,
        s1_0.first_name,
        s1_0.last_name,
        s1_0.phone,
        s1_0.updated_at,
        e1_0.updated_at 
    from
        enrollments e1_0 
    join
        courses c1_0 
            on c1_0.id=e1_0.course_id 
    join
        students s1_0 
            on s1_0.id=e1_0.student_id 
    limit
        ?, ?
2026-09-25T00:10:33.554+05:30 TRACE 37120 --- [student-management-system] [http-nio-8080-exec-3] org.hibernate.orm.jdbc.bind              : binding parameter (1:INTEGER) <- [0]
2026-09-25T00:10:33.554+05:30 TRACE 37120 --- [student-management-system] [http-nio-8080-exec-3] org.hibernate.orm.jdbc.bind              : binding parameter (2:INTEGER) <- [100]
2026-09-25T00:10:38.025+05:30 DEBUG 37120 --- [student-management-system] [http-nio-8080-exec-4] org.hibernate.SQL                        : 
    select
        u1_0.id,
        u1_0.created_at,
        u1_0.password,
        u1_0.role,
        u1_0.updated_at,
        u1_0.username 
    from
        users u1_0 
    where
        u1_0.username=?
2026-09-25T00:10:38.025+05:30 TRACE 37120 --- [student-management-system] [http-nio-8080-exec-4] org.hibernate.orm.jdbc.bind              : binding parameter (1:VARCHAR) <- [admin]
2026-09-25T00:10:38.031+05:30 DEBUG 37120 --- [student-management-system] [http-nio-8080-exec-4] org.hibernate.SQL                        : 
    select
        s1_0.id,
        s1_0.address,
        s1_0.created_at,
        s1_0.date_of_birth,
        s1_0.email,
        s1_0.first_name,
        s1_0.last_name,
        s1_0.phone,
        s1_0.updated_at 
    from
        students s1_0 
    order by
        s1_0.id 
    limit
        ?, ?
2026-09-25T00:10:38.031+05:30 TRACE 37120 --- [student-management-system] [http-nio-8080-exec-4] org.hibernate.orm.jdbc.bind              : binding parameter (1:INTEGER) <- [0]
2026-09-25T00:10:38.031+05:30 TRACE 37120 --- [student-management-system] [http-nio-8080-exec-4] org.hibernate.orm.jdbc.bind              : binding parameter (2:INTEGER) <- [10]
2026-09-25T00:10:38.042+05:30 DEBUG 37120 --- [student-management-system] [http-nio-8080-exec-6] org.hibernate.SQL                        : 
    select
        u1_0.id,
        u1_0.created_at,
        u1_0.password,
        u1_0.role,
        u1_0.updated_at,
        u1_0.username 
    from
        users u1_0 
    where
        u1_0.username=?
2026-09-25T00:10:38.042+05:30 TRACE 37120 --- [student-management-system] [http-nio-8080-exec-6] org.hibernate.orm.jdbc.bind              : binding parameter (1:VARCHAR) <- [admin]
2026-09-25T00:10:38.047+05:30 DEBUG 37120 --- [student-management-system] [http-nio-8080-exec-6] org.hibernate.SQL                        : 
    select
        s1_0.id,
        s1_0.address,
        s1_0.created_at,
        s1_0.date_of_birth,
        s1_0.email,
        s1_0.first_name,
        s1_0.last_name,
        s1_0.phone,
        s1_0.updated_at 
    from
        students s1_0 
    order by
        s1_0.id 
    limit
        ?, ?
2026-09-25T00:10:38.048+05:30 TRACE 37120 --- [student-management-system] [http-nio-8080-exec-6] org.hibernate.orm.jdbc.bind              : binding parameter (1:INTEGER) <- [0]
2026-09-25T00:10:38.048+05:30 TRACE 37120 --- [student-management-system] [http-nio-8080-exec-6] org.hibernate.orm.jdbc.bind              : binding parameter (2:INTEGER) <- [10]
2026-09-25T00:10:38.875+05:30 DEBUG 37120 --- [student-management-system] [http-nio-8080-exec-7] org.hibernate.SQL                        : 
    select
        u1_0.id,
        u1_0.created_at,
        u1_0.password,
        u1_0.role,
        u1_0.updated_at,
        u1_0.username 
    from
        users u1_0 
    where
        u1_0.username=?
2026-09-25T00:10:38.876+05:30 TRACE 37120 --- [student-management-system] [http-nio-8080-exec-7] org.hibernate.orm.jdbc.bind              : binding parameter (1:VARCHAR) <- [admin]
2026-09-25T00:10:38.882+05:30 DEBUG 37120 --- [student-management-system] [http-nio-8080-exec-7] org.hibernate.SQL                        : 
    select
        c1_0.id,
        c1_0.course_code,
        c1_0.course_name,
        c1_0.created_at,
        c1_0.description,
        c1_0.duration,
        c1_0.fees,
        c1_0.updated_at 
    from
        courses c1_0 
    order by
        c1_0.id 
    limit
        ?, ?
2026-09-25T00:10:38.883+05:30 TRACE 37120 --- [student-management-system] [http-nio-8080-exec-7] org.hibernate.orm.jdbc.bind              : binding parameter (1:INTEGER) <- [0]
2026-09-25T00:10:38.883+05:30 TRACE 37120 --- [student-management-system] [http-nio-8080-exec-7] org.hibernate.orm.jdbc.bind              : binding parameter (2:INTEGER) <- [10]
2026-09-25T00:10:38.890+05:30 DEBUG 37120 --- [student-management-system] [http-nio-8080-exec-2] org.hibernate.SQL                        : 
    select
        u1_0.id,
        u1_0.created_at,
        u1_0.password,
        u1_0.role,
        u1_0.updated_at,
        u1_0.username 
    from
        users u1_0 
    where
        u1_0.username=?
2026-09-25T00:10:38.890+05:30 TRACE 37120 --- [student-management-system] [http-nio-8080-exec-2] org.hibernate.orm.jdbc.bind              : binding parameter (1:VARCHAR) <- [admin]
2026-09-25T00:10:38.896+05:30 DEBUG 37120 --- [student-management-system] [http-nio-8080-exec-2] org.hibernate.SQL                        : 
    select
        c1_0.id,
        c1_0.course_code,
        c1_0.course_name,
        c1_0.created_at,
        c1_0.description,
        c1_0.duration,
        c1_0.fees,
        c1_0.updated_at 
    from
        courses c1_0 
    order by
        c1_0.id 
    limit
        ?, ?
2026-09-25T00:10:38.896+05:30 TRACE 37120 --- [student-management-system] [http-nio-8080-exec-2] org.hibernate.orm.jdbc.bind              : binding parameter (1:INTEGER) <- [0]
2026-09-25T00:10:38.896+05:30 TRACE 37120 --- [student-management-system] [http-nio-8080-exec-2] org.hibernate.orm.jdbc.bind              : binding parameter (2:INTEGER) <- [10]
2026-09-25T00:10:40.083+05:30 DEBUG 37120 --- [student-management-system] [http-nio-8080-exec-4] org.hibernate.SQL                        : 
    select
        u1_0.id,
        u1_0.created_at,
        u1_0.password,
        u1_0.role,
        u1_0.updated_at,
        u1_0.username 
    from
        users u1_0 
    where
        u1_0.username=?
2026-09-25T00:10:40.083+05:30 TRACE 37120 --- [student-management-system] [http-nio-8080-exec-4] org.hibernate.orm.jdbc.bind              : binding parameter (1:VARCHAR) <- [admin]
2026-09-25T00:10:40.083+05:30 DEBUG 37120 --- [student-management-system] [http-nio-8080-exec-8] org.hibernate.SQL                        : 
    select
        u1_0.id,
        u1_0.created_at,
        u1_0.password,
        u1_0.role,
        u1_0.updated_at,
        u1_0.username 
    from
        users u1_0 
    where
        u1_0.username=?
2026-09-25T00:10:40.084+05:30 DEBUG 37120 --- [student-management-system] [http-nio-8080-exec-7] org.hibernate.SQL                        : 
    select
        u1_0.id,
        u1_0.created_at,
        u1_0.password,
        u1_0.role,
        u1_0.updated_at,
        u1_0.username 
    from
        users u1_0 
    where
        u1_0.username=?
2026-09-25T00:10:40.085+05:30 TRACE 37120 --- [student-management-system] [http-nio-8080-exec-7] org.hibernate.orm.jdbc.bind              : binding parameter (1:VARCHAR) <- [admin]
2026-09-25T00:10:40.085+05:30 TRACE 37120 --- [student-management-system] [http-nio-8080-exec-8] org.hibernate.orm.jdbc.bind              : binding parameter (1:VARCHAR) <- [admin]
2026-09-25T00:10:40.093+05:30 DEBUG 37120 --- [student-management-system] [http-nio-8080-exec-7] org.hibernate.SQL                        : 
    select
        c1_0.id,
        c1_0.course_code,
        c1_0.course_name,
        c1_0.created_at,
        c1_0.description,
        c1_0.duration,
        c1_0.fees,
        c1_0.updated_at 
    from
        courses c1_0 
    order by
        c1_0.id 
    limit
        ?, ?
2026-09-25T00:10:40.093+05:30 DEBUG 37120 --- [student-management-system] [http-nio-8080-exec-4] org.hibernate.SQL                        : 
    select
        s1_0.id,
        s1_0.address,
        s1_0.created_at,
        s1_0.date_of_birth,
        s1_0.email,
        s1_0.first_name,
        s1_0.last_name,
        s1_0.phone,
        s1_0.updated_at 
    from
        students s1_0 
    order by
        s1_0.id 
    limit
        ?, ?
2026-09-25T00:10:40.094+05:30 TRACE 37120 --- [student-management-system] [http-nio-8080-exec-7] org.hibernate.orm.jdbc.bind              : binding parameter (1:INTEGER) <- [0]
2026-09-25T00:10:40.094+05:30 TRACE 37120 --- [student-management-system] [http-nio-8080-exec-4] org.hibernate.orm.jdbc.bind              : binding parameter (1:INTEGER) <- [0]
2026-09-25T00:10:40.094+05:30 TRACE 37120 --- [student-management-system] [http-nio-8080-exec-7] org.hibernate.orm.jdbc.bind              : binding parameter (2:INTEGER) <- [100]
2026-09-25T00:10:40.094+05:30 TRACE 37120 --- [student-management-system] [http-nio-8080-exec-4] org.hibernate.orm.jdbc.bind              : binding parameter (2:INTEGER) <- [100]
2026-09-25T00:10:40.094+05:30 DEBUG 37120 --- [student-management-system] [http-nio-8080-exec-8] org.hibernate.SQL                        : 
    select
        e1_0.id,
        e1_0.course_id,
        c1_0.id,
        c1_0.course_code,
        c1_0.course_name,
        c1_0.created_at,
        c1_0.description,
        c1_0.duration,
        c1_0.fees,
        c1_0.updated_at,
        e1_0.created_at,
        e1_0.enrollment_date,
        e1_0.status,
        e1_0.student_id,
        s1_0.id,
        s1_0.address,
        s1_0.created_at,
        s1_0.date_of_birth,
        s1_0.email,
        s1_0.first_name,
        s1_0.last_name,
        s1_0.phone,
        s1_0.updated_at,
        e1_0.updated_at 
    from
        enrollments e1_0 
    join
        courses c1_0 
            on c1_0.id=e1_0.course_id 
    join
        students s1_0 
            on s1_0.id=e1_0.student_id 
    limit
        ?, ?
2026-09-25T00:10:40.095+05:30 TRACE 37120 --- [student-management-system] [http-nio-8080-exec-8] org.hibernate.orm.jdbc.bind              : binding parameter (1:INTEGER) <- [0]
2026-09-25T00:10:40.095+05:30 TRACE 37120 --- [student-management-system] [http-nio-8080-exec-8] org.hibernate.orm.jdbc.bind              : binding parameter (2:INTEGER) <- [10]
2026-09-25T00:10:40.100+05:30 DEBUG 37120 --- [student-management-system] [http-nio-8080-exec-2] org.hibernate.SQL                        : 
    select
        u1_0.id,
        u1_0.created_at,
        u1_0.password,
        u1_0.role,
        u1_0.updated_at,
        u1_0.username 
    from
        users u1_0 
    where
        u1_0.username=?
2026-09-25T00:10:40.100+05:30 DEBUG 37120 --- [student-management-system] [http-nio-8080-exec-5] org.hibernate.SQL                        : 
    select
        u1_0.id,
        u1_0.created_at,
        u1_0.password,
        u1_0.role,
        u1_0.updated_at,
        u1_0.username 
    from
        users u1_0 
    where
        u1_0.username=?
2026-09-25T00:10:40.101+05:30 TRACE 37120 --- [student-management-system] [http-nio-8080-exec-2] org.hibernate.orm.jdbc.bind              : binding parameter (1:VARCHAR) <- [admin]
2026-09-25T00:10:40.101+05:30 TRACE 37120 --- [student-management-system] [http-nio-8080-exec-5] org.hibernate.orm.jdbc.bind              : binding parameter (1:VARCHAR) <- [admin]
2026-09-25T00:10:40.102+05:30 DEBUG 37120 --- [student-management-system] [http-nio-8080-exec-10] org.hibernate.SQL                        : 
    select
        u1_0.id,
        u1_0.created_at,
        u1_0.password,
        u1_0.role,
        u1_0.updated_at,
        u1_0.username 
    from
        users u1_0 
    where
        u1_0.username=?
2026-09-25T00:10:40.103+05:30 TRACE 37120 --- [student-management-system] [http-nio-8080-exec-10] org.hibernate.orm.jdbc.bind              : binding parameter (1:VARCHAR) <- [admin]
2026-09-25T00:10:40.107+05:30 DEBUG 37120 --- [student-management-system] [http-nio-8080-exec-2] org.hibernate.SQL                        : 
    select
        c1_0.id,
        c1_0.course_code,
        c1_0.course_name,
        c1_0.created_at,
        c1_0.description,
        c1_0.duration,
        c1_0.fees,
        c1_0.updated_at 
    from
        courses c1_0 
    order by
        c1_0.id 
    limit
        ?, ?
2026-09-25T00:10:40.108+05:30 DEBUG 37120 --- [student-management-system] [http-nio-8080-exec-5] org.hibernate.SQL                        : 
    select
        s1_0.id,
        s1_0.address,
        s1_0.created_at,
        s1_0.date_of_birth,
        s1_0.email,
        s1_0.first_name,
        s1_0.last_name,
        s1_0.phone,
        s1_0.updated_at 
    from
        students s1_0 
    order by
        s1_0.id 
    limit
        ?, ?
2026-09-25T00:10:40.108+05:30 TRACE 37120 --- [student-management-system] [http-nio-8080-exec-5] org.hibernate.orm.jdbc.bind              : binding parameter (1:INTEGER) <- [0]
2026-09-25T00:10:40.108+05:30 TRACE 37120 --- [student-management-system] [http-nio-8080-exec-2] org.hibernate.orm.jdbc.bind              : binding parameter (1:INTEGER) <- [0]
2026-09-25T00:10:40.109+05:30 TRACE 37120 --- [student-management-system] [http-nio-8080-exec-2] org.hibernate.orm.jdbc.bind              : binding parameter (2:INTEGER) <- [100]
2026-09-25T00:10:40.108+05:30 TRACE 37120 --- [student-management-system] [http-nio-8080-exec-5] org.hibernate.orm.jdbc.bind              : binding parameter (2:INTEGER) <- [100]
2026-09-25T00:10:40.112+05:30 DEBUG 37120 --- [student-management-system] [http-nio-8080-exec-10] org.hibernate.SQL                        : 
    select
        e1_0.id,
        e1_0.course_id,
        c1_0.id,
        c1_0.course_code,
        c1_0.course_name,
        c1_0.created_at,
        c1_0.description,
        c1_0.duration,
        c1_0.fees,
        c1_0.updated_at,
        e1_0.created_at,
        e1_0.enrollment_date,
        e1_0.status,
        e1_0.student_id,
        s1_0.id,
        s1_0.address,
        s1_0.created_at,
        s1_0.date_of_birth,
        s1_0.email,
        s1_0.first_name,
        s1_0.last_name,
        s1_0.phone,
        s1_0.updated_at,
        e1_0.updated_at 
    from
        enrollments e1_0 
    join
        courses c1_0 
            on c1_0.id=e1_0.course_id 
    join
        students s1_0 
            on s1_0.id=e1_0.student_id 
    limit
        ?, ?
2026-09-25T00:10:40.113+05:30 TRACE 37120 --- [student-management-system] [http-nio-8080-exec-10] org.hibernate.orm.jdbc.bind              : binding parameter (1:INTEGER) <- [0]
2026-09-25T00:10:40.113+05:30 TRACE 37120 --- [student-management-system] [http-nio-8080-exec-10] org.hibernate.orm.jdbc.bind              : binding parameter (2:INTEGER) <- [10]
2026-09-25T00:10:40.706+05:30 DEBUG 37120 --- [student-management-system] [http-nio-8080-exec-3] org.hibernate.SQL                        : 
    select
        u1_0.id,
        u1_0.created_at,
        u1_0.password,
        u1_0.role,
        u1_0.updated_at,
        u1_0.username 
    from
        users u1_0 
    where
        u1_0.username=?
2026-09-25T00:10:40.706+05:30 TRACE 37120 --- [student-management-system] [http-nio-8080-exec-3] org.hibernate.orm.jdbc.bind              : binding parameter (1:VARCHAR) <- [admin]
2026-09-25T00:10:40.711+05:30 DEBUG 37120 --- [student-management-system] [http-nio-8080-exec-3] org.hibernate.SQL                        : 
    select
        c1_0.id,
        c1_0.course_code,
        c1_0.course_name,
        c1_0.created_at,
        c1_0.description,
        c1_0.duration,
        c1_0.fees,
        c1_0.updated_at 
    from
        courses c1_0 
    order by
        c1_0.id 
    limit
        ?, ?
2026-09-25T00:10:40.712+05:30 TRACE 37120 --- [student-management-system] [http-nio-8080-exec-3] org.hibernate.orm.jdbc.bind              : binding parameter (1:INTEGER) <- [0]
2026-09-25T00:10:40.712+05:30 TRACE 37120 --- [student-management-system] [http-nio-8080-exec-3] org.hibernate.orm.jdbc.bind              : binding parameter (2:INTEGER) <- [10]
2026-09-25T00:10:40.719+05:30 DEBUG 37120 --- [student-management-system] [http-nio-8080-exec-1] org.hibernate.SQL                        : 
    select
        u1_0.id,
        u1_0.created_at,
        u1_0.password,
        u1_0.role,
        u1_0.updated_at,
        u1_0.username 
    from
        users u1_0 
    where
        u1_0.username=?
2026-09-25T00:10:40.719+05:30 TRACE 37120 --- [student-management-system] [http-nio-8080-exec-1] org.hibernate.orm.jdbc.bind              : binding parameter (1:VARCHAR) <- [admin]
2026-09-25T00:10:40.724+05:30 DEBUG 37120 --- [student-management-system] [http-nio-8080-exec-1] org.hibernate.SQL                        : 
    select
        c1_0.id,
        c1_0.course_code,
        c1_0.course_name,
        c1_0.created_at,
        c1_0.description,
        c1_0.duration,
        c1_0.fees,
        c1_0.updated_at 
    from
        courses c1_0 
    order by
        c1_0.id 
    limit
        ?, ?
2026-09-25T00:10:40.725+05:30 TRACE 37120 --- [student-management-system] [http-nio-8080-exec-1] org.hibernate.orm.jdbc.bind              : binding parameter (1:INTEGER) <- [0]
2026-09-25T00:10:40.725+05:30 TRACE 37120 --- [student-management-system] [http-nio-8080-exec-1] org.hibernate.orm.jdbc.bind              : binding parameter (2:INTEGER) <- [10]
2026-09-25T00:10:41.375+05:30 DEBUG 37120 --- [student-management-system] [http-nio-8080-exec-9] org.hibernate.SQL                        : 
    select
        u1_0.id,
        u1_0.created_at,
        u1_0.password,
        u1_0.role,
        u1_0.updated_at,
        u1_0.username 
    from
        users u1_0 
    where
        u1_0.username=?
2026-09-25T00:10:41.376+05:30 TRACE 37120 --- [student-management-system] [http-nio-8080-exec-9] org.hibernate.orm.jdbc.bind              : binding parameter (1:VARCHAR) <- [admin]
2026-09-25T00:10:41.381+05:30 DEBUG 37120 --- [student-management-system] [http-nio-8080-exec-9] org.hibernate.SQL                        : 
    select
        s1_0.id,
        s1_0.address,
        s1_0.created_at,
        s1_0.date_of_birth,
        s1_0.email,
        s1_0.first_name,
        s1_0.last_name,
        s1_0.phone,
        s1_0.updated_at 
    from
        students s1_0 
    order by
        s1_0.id 
    limit
        ?, ?
2026-09-25T00:10:41.382+05:30 TRACE 37120 --- [student-management-system] [http-nio-8080-exec-9] org.hibernate.orm.jdbc.bind              : binding parameter (1:INTEGER) <- [0]
2026-09-25T00:10:41.382+05:30 TRACE 37120 --- [student-management-system] [http-nio-8080-exec-9] org.hibernate.orm.jdbc.bind              : binding parameter (2:INTEGER) <- [10]
2026-09-25T00:10:41.391+05:30 DEBUG 37120 --- [student-management-system] [http-nio-8080-exec-6] org.hibernate.SQL                        : 
    select
        u1_0.id,
        u1_0.created_at,
        u1_0.password,
        u1_0.role,
        u1_0.updated_at,
        u1_0.username 
    from
        users u1_0 
    where
        u1_0.username=?
2026-09-25T00:10:41.391+05:30 TRACE 37120 --- [student-management-system] [http-nio-8080-exec-6] org.hibernate.orm.jdbc.bind              : binding parameter (1:VARCHAR) <- [admin]
2026-09-25T00:10:41.401+05:30 DEBUG 37120 --- [student-management-system] [http-nio-8080-exec-6] org.hibernate.SQL                        : 
    select
        s1_0.id,
        s1_0.address,
        s1_0.created_at,
        s1_0.date_of_birth,
        s1_0.email,
        s1_0.first_name,
        s1_0.last_name,
        s1_0.phone,
        s1_0.updated_at 
    from
        students s1_0 
    order by
        s1_0.id 
    limit
        ?, ?
2026-09-25T00:10:41.402+05:30 TRACE 37120 --- [student-management-system] [http-nio-8080-exec-6] org.hibernate.orm.jdbc.bind              : binding parameter (1:INTEGER) <- [0]
2026-09-25T00:10:41.402+05:30 TRACE 37120 --- [student-management-system] [http-nio-8080-exec-6] org.hibernate.orm.jdbc.bind              : binding parameter (2:INTEGER) <- [10]
2026-09-25T00:10:41.991+05:30 DEBUG 37120 --- [student-management-system] [http-nio-8080-exec-8] org.hibernate.SQL                        : 
    select
        u1_0.id,
        u1_0.created_at,
        u1_0.password,
        u1_0.role,
        u1_0.updated_at,
        u1_0.username 
    from
        users u1_0 
    where
        u1_0.username=?
2026-09-25T00:10:41.991+05:30 TRACE 37120 --- [student-management-system] [http-nio-8080-exec-8] org.hibernate.orm.jdbc.bind              : binding parameter (1:VARCHAR) <- [admin]
2026-09-25T00:10:41.991+05:30 DEBUG 37120 --- [student-management-system] [http-nio-8080-exec-10] org.hibernate.SQL                        : 
    select
        u1_0.id,
        u1_0.created_at,
        u1_0.password,
        u1_0.role,
        u1_0.updated_at,
        u1_0.username 
    from
        users u1_0 
    where
        u1_0.username=?
2026-09-25T00:10:41.992+05:30 TRACE 37120 --- [student-management-system] [http-nio-8080-exec-10] org.hibernate.orm.jdbc.bind              : binding parameter (1:VARCHAR) <- [admin]
2026-09-25T00:10:41.992+05:30 DEBUG 37120 --- [student-management-system] [http-nio-8080-exec-9] org.hibernate.SQL                        : 
    select
        u1_0.id,
        u1_0.created_at,
        u1_0.password,
        u1_0.role,
        u1_0.updated_at,
        u1_0.username 
    from
        users u1_0 
    where
        u1_0.username=?
2026-09-25T00:10:41.992+05:30 TRACE 37120 --- [student-management-system] [http-nio-8080-exec-9] org.hibernate.orm.jdbc.bind              : binding parameter (1:VARCHAR) <- [admin]
2026-09-25T00:10:42.004+05:30 DEBUG 37120 --- [student-management-system] [http-nio-8080-exec-8] org.hibernate.SQL                        : 
    select
        s1_0.id,
        s1_0.address,
        s1_0.created_at,
        s1_0.date_of_birth,
        s1_0.email,
        s1_0.first_name,
        s1_0.last_name,
        s1_0.phone,
        s1_0.updated_at 
    from
        students s1_0 
    order by
        s1_0.id 
    limit
        ?, ?
2026-09-25T00:10:42.004+05:30 TRACE 37120 --- [student-management-system] [http-nio-8080-exec-8] org.hibernate.orm.jdbc.bind              : binding parameter (1:INTEGER) <- [0]
2026-09-25T00:10:42.004+05:30 TRACE 37120 --- [student-management-system] [http-nio-8080-exec-8] org.hibernate.orm.jdbc.bind              : binding parameter (2:INTEGER) <- [1]
2026-09-25T00:10:42.007+05:30 DEBUG 37120 --- [student-management-system] [http-nio-8080-exec-10] org.hibernate.SQL                        : 
    select
        e1_0.id,
        e1_0.course_id,
        c1_0.id,
        c1_0.course_code,
        c1_0.course_name,
        c1_0.created_at,
        c1_0.description,
        c1_0.duration,
        c1_0.fees,
        c1_0.updated_at,
        e1_0.created_at,
        e1_0.enrollment_date,
        e1_0.status,
        e1_0.student_id,
        s1_0.id,
        s1_0.address,
        s1_0.created_at,
        s1_0.date_of_birth,
        s1_0.email,
        s1_0.first_name,
        s1_0.last_name,
        s1_0.phone,
        s1_0.updated_at,
        e1_0.updated_at 
    from
        enrollments e1_0 
    join
        courses c1_0 
            on c1_0.id=e1_0.course_id 
    join
        students s1_0 
            on s1_0.id=e1_0.student_id 
    limit
        ?, ?
2026-09-25T00:10:42.008+05:30 TRACE 37120 --- [student-management-system] [http-nio-8080-exec-10] org.hibernate.orm.jdbc.bind              : binding parameter (1:INTEGER) <- [0]
2026-09-25T00:10:42.008+05:30 DEBUG 37120 --- [student-management-system] [http-nio-8080-exec-8] org.hibernate.SQL                        : 
    select
        count(s1_0.id) 
    from
        students s1_0
2026-09-25T00:10:42.008+05:30 TRACE 37120 --- [student-management-system] [http-nio-8080-exec-10] org.hibernate.orm.jdbc.bind              : binding parameter (2:INTEGER) <- [100]
2026-09-25T00:10:42.018+05:30 DEBUG 37120 --- [student-management-system] [http-nio-8080-exec-9] org.hibernate.SQL                        : 
    select
        c1_0.id,
        c1_0.course_code,
        c1_0.course_name,
        c1_0.created_at,
        c1_0.description,
        c1_0.duration,
        c1_0.fees,
        c1_0.updated_at 
    from
        courses c1_0 
    order by
        c1_0.id 
    limit
        ?, ?
2026-09-25T00:10:42.019+05:30 TRACE 37120 --- [student-management-system] [http-nio-8080-exec-9] org.hibernate.orm.jdbc.bind              : binding parameter (1:INTEGER) <- [0]
2026-09-25T00:10:42.019+05:30 TRACE 37120 --- [student-management-system] [http-nio-8080-exec-9] org.hibernate.orm.jdbc.bind              : binding parameter (2:INTEGER) <- [1]
2026-09-25T00:10:42.020+05:30 DEBUG 37120 --- [student-management-system] [http-nio-8080-exec-9] org.hibernate.SQL                        : 
    select
        count(c1_0.id) 
    from
        courses c1_0
2026-09-25T00:10:42.024+05:30 DEBUG 37120 --- [student-management-system] [http-nio-8080-exec-8] org.hibernate.SQL                        : 
    select
        u1_0.id,
        u1_0.created_at,
        u1_0.password,
        u1_0.role,
        u1_0.updated_at,
        u1_0.username 
    from
        users u1_0 
    where
        u1_0.username=?
2026-09-25T00:10:42.024+05:30 TRACE 37120 --- [student-management-system] [http-nio-8080-exec-8] org.hibernate.orm.jdbc.bind              : binding parameter (1:VARCHAR) <- [admin]
2026-09-25T00:10:42.027+05:30 DEBUG 37120 --- [student-management-system] [http-nio-8080-exec-7] org.hibernate.SQL                        : 
    select
        u1_0.id,
        u1_0.created_at,
        u1_0.password,
        u1_0.role,
        u1_0.updated_at,
        u1_0.username 
    from
        users u1_0 
    where
        u1_0.username=?
2026-09-25T00:10:42.028+05:30 TRACE 37120 --- [student-management-system] [http-nio-8080-exec-7] org.hibernate.orm.jdbc.bind              : binding parameter (1:VARCHAR) <- [admin]
2026-09-25T00:10:42.034+05:30 DEBUG 37120 --- [student-management-system] [http-nio-8080-exec-8] org.hibernate.SQL                        : 
    select
        s1_0.id,
        s1_0.address,
        s1_0.created_at,
        s1_0.date_of_birth,
        s1_0.email,
        s1_0.first_name,
        s1_0.last_name,
        s1_0.phone,
        s1_0.updated_at 
    from
        students s1_0 
    order by
        s1_0.id 
    limit
        ?, ?
2026-09-25T00:10:42.034+05:30 TRACE 37120 --- [student-management-system] [http-nio-8080-exec-8] org.hibernate.orm.jdbc.bind              : binding parameter (1:INTEGER) <- [0]
2026-09-25T00:10:42.034+05:30 TRACE 37120 --- [student-management-system] [http-nio-8080-exec-8] org.hibernate.orm.jdbc.bind              : binding parameter (2:INTEGER) <- [1]
2026-09-25T00:10:42.034+05:30 DEBUG 37120 --- [student-management-system] [http-nio-8080-exec-4] org.hibernate.SQL                        : 
    select
        u1_0.id,
        u1_0.created_at,
        u1_0.password,
        u1_0.role,
        u1_0.updated_at,
        u1_0.username 
    from
        users u1_0 
    where
        u1_0.username=?
2026-09-25T00:10:42.035+05:30 TRACE 37120 --- [student-management-system] [http-nio-8080-exec-4] org.hibernate.orm.jdbc.bind              : binding parameter (1:VARCHAR) <- [admin]
2026-09-25T00:10:42.040+05:30 DEBUG 37120 --- [student-management-system] [http-nio-8080-exec-8] org.hibernate.SQL                        : 
    select
        count(s1_0.id) 
    from
        students s1_0
2026-09-25T00:10:42.041+05:30 DEBUG 37120 --- [student-management-system] [http-nio-8080-exec-7] org.hibernate.SQL                        : 
    select
        e1_0.id,
        e1_0.course_id,
        c1_0.id,
        c1_0.course_code,
        c1_0.course_name,
        c1_0.created_at,
        c1_0.description,
        c1_0.duration,
        c1_0.fees,
        c1_0.updated_at,
        e1_0.created_at,
        e1_0.enrollment_date,
        e1_0.status,
        e1_0.student_id,
        s1_0.id,
        s1_0.address,
        s1_0.created_at,
        s1_0.date_of_birth,
        s1_0.email,
        s1_0.first_name,
        s1_0.last_name,
        s1_0.phone,
        s1_0.updated_at,
        e1_0.updated_at 
    from
        enrollments e1_0 
    join
        courses c1_0 
            on c1_0.id=e1_0.course_id 
    join
        students s1_0 
            on s1_0.id=e1_0.student_id 
    limit
        ?, ?
2026-09-25T00:10:42.042+05:30 TRACE 37120 --- [student-management-system] [http-nio-8080-exec-7] org.hibernate.orm.jdbc.bind              : binding parameter (1:INTEGER) <- [0]
2026-09-25T00:10:42.042+05:30 TRACE 37120 --- [student-management-system] [http-nio-8080-exec-7] org.hibernate.orm.jdbc.bind              : binding parameter (2:INTEGER) <- [100]
2026-09-25T00:10:42.043+05:30 DEBUG 37120 --- [student-management-system] [http-nio-8080-exec-4] org.hibernate.SQL                        : 
    select
        c1_0.id,
        c1_0.course_code,
        c1_0.course_name,
        c1_0.created_at,
        c1_0.description,
        c1_0.duration,
        c1_0.fees,
        c1_0.updated_at 
    from
        courses c1_0 
    order by
        c1_0.id 
    limit
        ?, ?
2026-09-25T00:10:42.044+05:30 TRACE 37120 --- [student-management-system] [http-nio-8080-exec-4] org.hibernate.orm.jdbc.bind              : binding parameter (1:INTEGER) <- [0]
2026-09-25T00:10:42.044+05:30 TRACE 37120 --- [student-management-system] [http-nio-8080-exec-4] org.hibernate.orm.jdbc.bind              : binding parameter (2:INTEGER) <- [1]
2026-09-25T00:10:42.047+05:30 DEBUG 37120 --- [student-management-system] [http-nio-8080-exec-4] org.hibernate.SQL                        : 
    select
        count(c1_0.id) 
    from
        courses c1_0
2026-09-25T00:15:46.046+05:30 DEBUG 37120 --- [student-management-system] [http-nio-8080-exec-5] org.hibernate.SQL                        : 
    select
        u1_0.id,
        u1_0.created_at,
        u1_0.password,
        u1_0.role,
        u1_0.updated_at,
        u1_0.username 
    from
        users u1_0 
    where
        u1_0.username=?
2026-09-25T00:15:46.046+05:30 DEBUG 37120 --- [student-management-system] [http-nio-8080-exec-10] org.hibernate.SQL                        : 
    select
        u1_0.id,
        u1_0.created_at,
        u1_0.password,
        u1_0.role,
        u1_0.updated_at,
        u1_0.username 
    from
        users u1_0 
    where
        u1_0.username=?
2026-09-25T00:15:46.046+05:30 DEBUG 37120 --- [student-management-system] [http-nio-8080-exec-3] org.hibernate.SQL                        : 
    select
        u1_0.id,
        u1_0.created_at,
        u1_0.password,
        u1_0.role,
        u1_0.updated_at,
        u1_0.username 
    from
        users u1_0 
    where
        u1_0.username=?
2026-09-25T00:15:46.048+05:30 TRACE 37120 --- [student-management-system] [http-nio-8080-exec-10] org.hibernate.orm.jdbc.bind              : binding parameter (1:VARCHAR) <- [admin]
2026-09-25T00:15:46.048+05:30 TRACE 37120 --- [student-management-system] [http-nio-8080-exec-3] org.hibernate.orm.jdbc.bind              : binding parameter (1:VARCHAR) <- [admin]
2026-09-25T00:15:46.048+05:30 TRACE 37120 --- [student-management-system] [http-nio-8080-exec-5] org.hibernate.orm.jdbc.bind              : binding parameter (1:VARCHAR) <- [admin]
2026-09-25T00:15:46.146+05:30 DEBUG 37120 --- [student-management-system] [http-nio-8080-exec-3] org.hibernate.SQL                        : 
    select
        s1_0.id,
        s1_0.address,
        s1_0.created_at,
        s1_0.date_of_birth,
        s1_0.email,
        s1_0.first_name,
        s1_0.last_name,
        s1_0.phone,
        s1_0.updated_at 
    from
        students s1_0 
    order by
        s1_0.id 
    limit
        ?, ?
2026-09-25T00:15:46.146+05:30 DEBUG 37120 --- [student-management-system] [http-nio-8080-exec-5] org.hibernate.SQL                        : 
    select
        c1_0.id,
        c1_0.course_code,
        c1_0.course_name,
        c1_0.created_at,
        c1_0.description,
        c1_0.duration,
        c1_0.fees,
        c1_0.updated_at 
    from
        courses c1_0 
    order by
        c1_0.id 
    limit
        ?, ?
2026-09-25T00:15:46.146+05:30 TRACE 37120 --- [student-management-system] [http-nio-8080-exec-5] org.hibernate.orm.jdbc.bind              : binding parameter (1:INTEGER) <- [0]
2026-09-25T00:15:46.146+05:30 TRACE 37120 --- [student-management-system] [http-nio-8080-exec-3] org.hibernate.orm.jdbc.bind              : binding parameter (1:INTEGER) <- [0]
2026-09-25T00:15:46.147+05:30 TRACE 37120 --- [student-management-system] [http-nio-8080-exec-5] org.hibernate.orm.jdbc.bind              : binding parameter (2:INTEGER) <- [1]
2026-09-25T00:15:46.147+05:30 TRACE 37120 --- [student-management-system] [http-nio-8080-exec-3] org.hibernate.orm.jdbc.bind              : binding parameter (2:INTEGER) <- [1]
2026-09-25T00:15:46.147+05:30 DEBUG 37120 --- [student-management-system] [http-nio-8080-exec-10] org.hibernate.SQL                        : 
    select
        e1_0.id,
        e1_0.course_id,
        c1_0.id,
        c1_0.course_code,
        c1_0.course_name,
        c1_0.created_at,
        c1_0.description,
        c1_0.duration,
        c1_0.fees,
        c1_0.updated_at,
        e1_0.created_at,
        e1_0.enrollment_date,
        e1_0.status,
        e1_0.student_id,
        s1_0.id,
        s1_0.address,
        s1_0.created_at,
        s1_0.date_of_birth,
        s1_0.email,
        s1_0.first_name,
        s1_0.last_name,
        s1_0.phone,
        s1_0.updated_at,
        e1_0.updated_at 
    from
        enrollments e1_0 
    join
        courses c1_0 
            on c1_0.id=e1_0.course_id 
    join
        students s1_0 
            on s1_0.id=e1_0.student_id 
    limit
        ?, ?
2026-09-25T00:15:46.148+05:30 TRACE 37120 --- [student-management-system] [http-nio-8080-exec-10] org.hibernate.orm.jdbc.bind              : binding parameter (1:INTEGER) <- [0]
2026-09-25T00:15:46.148+05:30 TRACE 37120 --- [student-management-system] [http-nio-8080-exec-10] org.hibernate.orm.jdbc.bind              : binding parameter (2:INTEGER) <- [100]
2026-09-25T00:15:46.153+05:30 DEBUG 37120 --- [student-management-system] [http-nio-8080-exec-5] org.hibernate.SQL                        : 
    select
        count(c1_0.id) 
    from
        courses c1_0
2026-09-25T00:15:46.153+05:30 DEBUG 37120 --- [student-management-system] [http-nio-8080-exec-3] org.hibernate.SQL                        : 
    select
        count(s1_0.id) 
    from
        students s1_0
2026-09-25T00:15:46.162+05:30 DEBUG 37120 --- [student-management-system] [http-nio-8080-exec-9] org.hibernate.SQL                        : 
    select
        u1_0.id,
        u1_0.created_at,
        u1_0.password,
        u1_0.role,
        u1_0.updated_at,
        u1_0.username 
    from
        users u1_0 
    where
        u1_0.username=?
2026-09-25T00:15:46.162+05:30 DEBUG 37120 --- [student-management-system] [http-nio-8080-exec-2] org.hibernate.SQL                        : 
    select
        u1_0.id,
        u1_0.created_at,
        u1_0.password,
        u1_0.role,
        u1_0.updated_at,
        u1_0.username 
    from
        users u1_0 
    where
        u1_0.username=?
2026-09-25T00:15:46.162+05:30 DEBUG 37120 --- [student-management-system] [http-nio-8080-exec-5] org.hibernate.SQL                        : 
    select
        u1_0.id,
        u1_0.created_at,
        u1_0.password,
        u1_0.role,
        u1_0.updated_at,
        u1_0.username 
    from
        users u1_0 
    where
        u1_0.username=?
2026-09-25T00:15:46.163+05:30 TRACE 37120 --- [student-management-system] [http-nio-8080-exec-9] org.hibernate.orm.jdbc.bind              : binding parameter (1:VARCHAR) <- [admin]
2026-09-25T00:15:46.163+05:30 TRACE 37120 --- [student-management-system] [http-nio-8080-exec-2] org.hibernate.orm.jdbc.bind              : binding parameter (1:VARCHAR) <- [admin]
2026-09-25T00:15:46.163+05:30 TRACE 37120 --- [student-management-system] [http-nio-8080-exec-5] org.hibernate.orm.jdbc.bind              : binding parameter (1:VARCHAR) <- [admin]
2026-09-25T00:15:46.168+05:30 DEBUG 37120 --- [student-management-system] [http-nio-8080-exec-5] org.hibernate.SQL                        : 
    select
        s1_0.id,
        s1_0.address,
        s1_0.created_at,
        s1_0.date_of_birth,
        s1_0.email,
        s1_0.first_name,
        s1_0.last_name,
        s1_0.phone,
        s1_0.updated_at 
    from
        students s1_0 
    order by
        s1_0.id 
    limit
        ?, ?
2026-09-25T00:15:46.167+05:30 DEBUG 37120 --- [student-management-system] [http-nio-8080-exec-9] org.hibernate.SQL                        : 
    select
        c1_0.id,
        c1_0.course_code,
        c1_0.course_name,
        c1_0.created_at,
        c1_0.description,
        c1_0.duration,
        c1_0.fees,
        c1_0.updated_at 
    from
        courses c1_0 
    order by
        c1_0.id 
    limit
        ?, ?
2026-09-25T00:15:46.168+05:30 TRACE 37120 --- [student-management-system] [http-nio-8080-exec-5] org.hibernate.orm.jdbc.bind              : binding parameter (1:INTEGER) <- [0]
2026-09-25T00:15:46.168+05:30 TRACE 37120 --- [student-management-system] [http-nio-8080-exec-9] org.hibernate.orm.jdbc.bind              : binding parameter (1:INTEGER) <- [0]
2026-09-25T00:15:46.168+05:30 TRACE 37120 --- [student-management-system] [http-nio-8080-exec-5] org.hibernate.orm.jdbc.bind              : binding parameter (2:INTEGER) <- [1]
2026-09-25T00:15:46.168+05:30 DEBUG 37120 --- [student-management-system] [http-nio-8080-exec-2] org.hibernate.SQL                        : 
    select
        e1_0.id,
        e1_0.course_id,
        c1_0.id,
        c1_0.course_code,
        c1_0.course_name,
        c1_0.created_at,
        c1_0.description,
        c1_0.duration,
        c1_0.fees,
        c1_0.updated_at,
        e1_0.created_at,
        e1_0.enrollment_date,
        e1_0.status,
        e1_0.student_id,
        s1_0.id,
        s1_0.address,
        s1_0.created_at,
        s1_0.date_of_birth,
        s1_0.email,
        s1_0.first_name,
        s1_0.last_name,
        s1_0.phone,
        s1_0.updated_at,
        e1_0.updated_at 
    from
        enrollments e1_0 
    join
        courses c1_0 
            on c1_0.id=e1_0.course_id 
    join
        students s1_0 
            on s1_0.id=e1_0.student_id 
    limit
        ?, ?
2026-09-25T00:15:46.168+05:30 TRACE 37120 --- [student-management-system] [http-nio-8080-exec-9] org.hibernate.orm.jdbc.bind              : binding parameter (2:INTEGER) <- [1]
2026-09-25T00:15:46.168+05:30 TRACE 37120 --- [student-management-system] [http-nio-8080-exec-2] org.hibernate.orm.jdbc.bind              : binding parameter (1:INTEGER) <- [0]
2026-09-25T00:15:46.168+05:30 TRACE 37120 --- [student-management-system] [http-nio-8080-exec-2] org.hibernate.orm.jdbc.bind              : binding parameter (2:INTEGER) <- [100]
2026-09-25T00:15:46.170+05:30 DEBUG 37120 --- [student-management-system] [http-nio-8080-exec-5] org.hibernate.SQL                        : 
    select
        count(s1_0.id) 
    from
        students s1_0
2026-09-25T00:15:46.170+05:30 DEBUG 37120 --- [student-management-system] [http-nio-8080-exec-9] org.hibernate.SQL                        : 
    select
        count(c1_0.id) 
    from
        courses c1_0
2026-09-25T00:15:53.899+05:30 DEBUG 37120 --- [student-management-system] [http-nio-8080-exec-4] org.hibernate.SQL                        : 
    select
        u1_0.id,
        u1_0.created_at,
        u1_0.password,
        u1_0.role,
        u1_0.updated_at,
        u1_0.username 
    from
        users u1_0 
    where
        u1_0.username=?
2026-09-25T00:15:53.899+05:30 TRACE 37120 --- [student-management-system] [http-nio-8080-exec-4] org.hibernate.orm.jdbc.bind              : binding parameter (1:VARCHAR) <- [admin]
2026-09-25T00:15:53.906+05:30 DEBUG 37120 --- [student-management-system] [http-nio-8080-exec-4] org.hibernate.SQL                        : 
    select
        s1_0.id,
        s1_0.address,
        s1_0.created_at,
        s1_0.date_of_birth,
        s1_0.email,
        s1_0.first_name,
        s1_0.last_name,
        s1_0.phone,
        s1_0.updated_at 
    from
        students s1_0 
    order by
        s1_0.id 
    limit
        ?, ?
2026-09-25T00:15:53.906+05:30 TRACE 37120 --- [student-management-system] [http-nio-8080-exec-4] org.hibernate.orm.jdbc.bind              : binding parameter (1:INTEGER) <- [0]
2026-09-25T00:15:53.906+05:30 TRACE 37120 --- [student-management-system] [http-nio-8080-exec-4] org.hibernate.orm.jdbc.bind              : binding parameter (2:INTEGER) <- [10]
2026-09-25T00:15:53.922+05:30 DEBUG 37120 --- [student-management-system] [http-nio-8080-exec-7] org.hibernate.SQL                        : 
    select
        u1_0.id,
        u1_0.created_at,
        u1_0.password,
        u1_0.role,
        u1_0.updated_at,
        u1_0.username 
    from
        users u1_0 
    where
        u1_0.username=?
2026-09-25T00:15:53.922+05:30 TRACE 37120 --- [student-management-system] [http-nio-8080-exec-7] org.hibernate.orm.jdbc.bind              : binding parameter (1:VARCHAR) <- [admin]
2026-09-25T00:15:53.928+05:30 DEBUG 37120 --- [student-management-system] [http-nio-8080-exec-7] org.hibernate.SQL                        : 
    select
        s1_0.id,
        s1_0.address,
        s1_0.created_at,
        s1_0.date_of_birth,
        s1_0.email,
        s1_0.first_name,
        s1_0.last_name,
        s1_0.phone,
        s1_0.updated_at 
    from
        students s1_0 
    order by
        s1_0.id 
    limit
        ?, ?
2026-09-25T00:15:53.928+05:30 TRACE 37120 --- [student-management-system] [http-nio-8080-exec-7] org.hibernate.orm.jdbc.bind              : binding parameter (1:INTEGER) <- [0]
2026-09-25T00:15:53.928+05:30 TRACE 37120 --- [student-management-system] [http-nio-8080-exec-7] org.hibernate.orm.jdbc.bind              : binding parameter (2:INTEGER) <- [10]
2026-09-25T00:15:55.357+05:30 DEBUG 37120 --- [student-management-system] [http-nio-8080-exec-6] org.hibernate.SQL                        : 
    select
        u1_0.id,
        u1_0.created_at,
        u1_0.password,
        u1_0.role,
        u1_0.updated_at,
        u1_0.username 
    from
        users u1_0 
    where
        u1_0.username=?
2026-09-25T00:15:55.357+05:30 TRACE 37120 --- [student-management-system] [http-nio-8080-exec-6] org.hibernate.orm.jdbc.bind              : binding parameter (1:VARCHAR) <- [admin]
2026-09-25T00:15:55.369+05:30 DEBUG 37120 --- [student-management-system] [http-nio-8080-exec-6] org.hibernate.SQL                        : 
    select
        c1_0.id,
        c1_0.course_code,
        c1_0.course_name,
        c1_0.created_at,
        c1_0.description,
        c1_0.duration,
        c1_0.fees,
        c1_0.updated_at 
    from
        courses c1_0 
    order by
        c1_0.id 
    limit
        ?, ?
2026-09-25T00:15:55.371+05:30 TRACE 37120 --- [student-management-system] [http-nio-8080-exec-6] org.hibernate.orm.jdbc.bind              : binding parameter (1:INTEGER) <- [0]
2026-09-25T00:15:55.371+05:30 TRACE 37120 --- [student-management-system] [http-nio-8080-exec-6] org.hibernate.orm.jdbc.bind              : binding parameter (2:INTEGER) <- [10]
2026-09-25T00:15:55.384+05:30 DEBUG 37120 --- [student-management-system] [http-nio-8080-exec-2] org.hibernate.SQL                        : 
    select
        u1_0.id,
        u1_0.created_at,
        u1_0.password,
        u1_0.role,
        u1_0.updated_at,
        u1_0.username 
    from
        users u1_0 
    where
        u1_0.username=?
2026-09-25T00:15:55.384+05:30 TRACE 37120 --- [student-management-system] [http-nio-8080-exec-2] org.hibernate.orm.jdbc.bind              : binding parameter (1:VARCHAR) <- [admin]
2026-09-25T00:15:55.389+05:30 DEBUG 37120 --- [student-management-system] [http-nio-8080-exec-2] org.hibernate.SQL                        : 
    select
        c1_0.id,
        c1_0.course_code,
        c1_0.course_name,
        c1_0.created_at,
        c1_0.description,
        c1_0.duration,
        c1_0.fees,
        c1_0.updated_at 
    from
        courses c1_0 
    order by
        c1_0.id 
    limit
        ?, ?
2026-09-25T00:15:55.389+05:30 TRACE 37120 --- [student-management-system] [http-nio-8080-exec-2] org.hibernate.orm.jdbc.bind              : binding parameter (1:INTEGER) <- [0]
2026-09-25T00:15:55.389+05:30 TRACE 37120 --- [student-management-system] [http-nio-8080-exec-2] org.hibernate.orm.jdbc.bind              : binding parameter (2:INTEGER) <- [10]
2026-09-25T00:15:55.893+05:30 DEBUG 37120 --- [student-management-system] [http-nio-8080-exec-6] org.hibernate.SQL                        : 
    select
        u1_0.id,
        u1_0.created_at,
        u1_0.password,
        u1_0.role,
        u1_0.updated_at,
        u1_0.username 
    from
        users u1_0 
    where
        u1_0.username=?
2026-09-25T00:15:55.893+05:30 TRACE 37120 --- [student-management-system] [http-nio-8080-exec-6] org.hibernate.orm.jdbc.bind              : binding parameter (1:VARCHAR) <- [admin]
2026-09-25T00:15:55.894+05:30 DEBUG 37120 --- [student-management-system] [http-nio-8080-exec-10] org.hibernate.SQL                        : 
    select
        u1_0.id,
        u1_0.created_at,
        u1_0.password,
        u1_0.role,
        u1_0.updated_at,
        u1_0.username 
    from
        users u1_0 
    where
        u1_0.username=?
2026-09-25T00:15:55.894+05:30 TRACE 37120 --- [student-management-system] [http-nio-8080-exec-10] org.hibernate.orm.jdbc.bind              : binding parameter (1:VARCHAR) <- [admin]
2026-09-25T00:15:55.895+05:30 DEBUG 37120 --- [student-management-system] [http-nio-8080-exec-3] org.hibernate.SQL                        : 
    select
        u1_0.id,
        u1_0.created_at,
        u1_0.password,
        u1_0.role,
        u1_0.updated_at,
        u1_0.username 
    from
        users u1_0 
    where
        u1_0.username=?
2026-09-25T00:15:55.895+05:30 TRACE 37120 --- [student-management-system] [http-nio-8080-exec-3] org.hibernate.orm.jdbc.bind              : binding parameter (1:VARCHAR) <- [admin]
2026-09-25T00:15:55.909+05:30 DEBUG 37120 --- [student-management-system] [http-nio-8080-exec-10] org.hibernate.SQL                        : 
    select
        s1_0.id,
        s1_0.address,
        s1_0.created_at,
        s1_0.date_of_birth,
        s1_0.email,
        s1_0.first_name,
        s1_0.last_name,
        s1_0.phone,
        s1_0.updated_at 
    from
        students s1_0 
    order by
        s1_0.id 
    limit
        ?, ?
2026-09-25T00:15:55.910+05:30 TRACE 37120 --- [student-management-system] [http-nio-8080-exec-10] org.hibernate.orm.jdbc.bind              : binding parameter (1:INTEGER) <- [0]
2026-09-25T00:15:55.910+05:30 TRACE 37120 --- [student-management-system] [http-nio-8080-exec-10] org.hibernate.orm.jdbc.bind              : binding parameter (2:INTEGER) <- [100]
2026-09-25T00:15:55.911+05:30 DEBUG 37120 --- [student-management-system] [http-nio-8080-exec-6] org.hibernate.SQL                        : 
    select
        e1_0.id,
        e1_0.course_id,
        c1_0.id,
        c1_0.course_code,
        c1_0.course_name,
        c1_0.created_at,
        c1_0.description,
        c1_0.duration,
        c1_0.fees,
        c1_0.updated_at,
        e1_0.created_at,
        e1_0.enrollment_date,
        e1_0.status,
        e1_0.student_id,
        s1_0.id,
        s1_0.address,
        s1_0.created_at,
        s1_0.date_of_birth,
        s1_0.email,
        s1_0.first_name,
        s1_0.last_name,
        s1_0.phone,
        s1_0.updated_at,
        e1_0.updated_at 
    from
        enrollments e1_0 
    join
        courses c1_0 
            on c1_0.id=e1_0.course_id 
    join
        students s1_0 
            on s1_0.id=e1_0.student_id 
    limit
        ?, ?
2026-09-25T00:15:55.914+05:30 TRACE 37120 --- [student-management-system] [http-nio-8080-exec-6] org.hibernate.orm.jdbc.bind              : binding parameter (1:INTEGER) <- [0]
2026-09-25T00:15:55.914+05:30 TRACE 37120 --- [student-management-system] [http-nio-8080-exec-6] org.hibernate.orm.jdbc.bind              : binding parameter (2:INTEGER) <- [10]
2026-09-25T00:15:55.918+05:30 DEBUG 37120 --- [student-management-system] [http-nio-8080-exec-3] org.hibernate.SQL                        : 
    select
        c1_0.id,
        c1_0.course_code,
        c1_0.course_name,
        c1_0.created_at,
        c1_0.description,
        c1_0.duration,
        c1_0.fees,
        c1_0.updated_at 
    from
        courses c1_0 
    order by
        c1_0.id 
    limit
        ?, ?
2026-09-25T00:15:55.919+05:30 TRACE 37120 --- [student-management-system] [http-nio-8080-exec-3] org.hibernate.orm.jdbc.bind              : binding parameter (1:INTEGER) <- [0]
2026-09-25T00:15:55.919+05:30 TRACE 37120 --- [student-management-system] [http-nio-8080-exec-3] org.hibernate.orm.jdbc.bind              : binding parameter (2:INTEGER) <- [100]
2026-09-25T00:15:55.927+05:30 DEBUG 37120 --- [student-management-system] [http-nio-8080-exec-2] org.hibernate.SQL                        : 
    select
        u1_0.id,
        u1_0.created_at,
        u1_0.password,
        u1_0.role,
        u1_0.updated_at,
        u1_0.username 
    from
        users u1_0 
    where
        u1_0.username=?
2026-09-25T00:15:55.927+05:30 DEBUG 37120 --- [student-management-system] [http-nio-8080-exec-8] org.hibernate.SQL                        : 
    select
        u1_0.id,
        u1_0.created_at,
        u1_0.password,
        u1_0.role,
        u1_0.updated_at,
        u1_0.username 
    from
        users u1_0 
    where
        u1_0.username=?
2026-09-25T00:15:55.928+05:30 TRACE 37120 --- [student-management-system] [http-nio-8080-exec-2] org.hibernate.orm.jdbc.bind              : binding parameter (1:VARCHAR) <- [admin]
2026-09-25T00:15:55.928+05:30 TRACE 37120 --- [student-management-system] [http-nio-8080-exec-8] org.hibernate.orm.jdbc.bind              : binding parameter (1:VARCHAR) <- [admin]
2026-09-25T00:15:55.931+05:30 DEBUG 37120 --- [student-management-system] [http-nio-8080-exec-4] org.hibernate.SQL                        : 
    select
        u1_0.id,
        u1_0.created_at,
        u1_0.password,
        u1_0.role,
        u1_0.updated_at,
        u1_0.username 
    from
        users u1_0 
    where
        u1_0.username=?
2026-09-25T00:15:55.931+05:30 TRACE 37120 --- [student-management-system] [http-nio-8080-exec-4] org.hibernate.orm.jdbc.bind              : binding parameter (1:VARCHAR) <- [admin]
2026-09-25T00:15:55.934+05:30 DEBUG 37120 --- [student-management-system] [http-nio-8080-exec-8] org.hibernate.SQL                        : 
    select
        e1_0.id,
        e1_0.course_id,
        c1_0.id,
        c1_0.course_code,
        c1_0.course_name,
        c1_0.created_at,
        c1_0.description,
        c1_0.duration,
        c1_0.fees,
        c1_0.updated_at,
        e1_0.created_at,
        e1_0.enrollment_date,
        e1_0.status,
        e1_0.student_id,
        s1_0.id,
        s1_0.address,
        s1_0.created_at,
        s1_0.date_of_birth,
        s1_0.email,
        s1_0.first_name,
        s1_0.last_name,
        s1_0.phone,
        s1_0.updated_at,
        e1_0.updated_at 
    from
        enrollments e1_0 
    join
        courses c1_0 
            on c1_0.id=e1_0.course_id 
    join
        students s1_0 
            on s1_0.id=e1_0.student_id 
    limit
        ?, ?
2026-09-25T00:15:55.935+05:30 DEBUG 37120 --- [student-management-system] [http-nio-8080-exec-2] org.hibernate.SQL                        : 
    select
        s1_0.id,
        s1_0.address,
        s1_0.created_at,
        s1_0.date_of_birth,
        s1_0.email,
        s1_0.first_name,
        s1_0.last_name,
        s1_0.phone,
        s1_0.updated_at 
    from
        students s1_0 
    order by
        s1_0.id 
    limit
        ?, ?
2026-09-25T00:15:55.935+05:30 TRACE 37120 --- [student-management-system] [http-nio-8080-exec-8] org.hibernate.orm.jdbc.bind              : binding parameter (1:INTEGER) <- [0]
2026-09-25T00:15:55.935+05:30 TRACE 37120 --- [student-management-system] [http-nio-8080-exec-2] org.hibernate.orm.jdbc.bind              : binding parameter (1:INTEGER) <- [0]
2026-09-25T00:15:55.935+05:30 TRACE 37120 --- [student-management-system] [http-nio-8080-exec-8] org.hibernate.orm.jdbc.bind              : binding parameter (2:INTEGER) <- [10]
2026-09-25T00:15:55.935+05:30 TRACE 37120 --- [student-management-system] [http-nio-8080-exec-2] org.hibernate.orm.jdbc.bind              : binding parameter (2:INTEGER) <- [100]
2026-09-25T00:15:55.938+05:30 DEBUG 37120 --- [student-management-system] [http-nio-8080-exec-4] org.hibernate.SQL                        : 
    select
        c1_0.id,
        c1_0.course_code,
        c1_0.course_name,
        c1_0.created_at,
        c1_0.description,
        c1_0.duration,
        c1_0.fees,
        c1_0.updated_at 
    from
        courses c1_0 
    order by
        c1_0.id 
    limit
        ?, ?
2026-09-25T00:15:55.939+05:30 TRACE 37120 --- [student-management-system] [http-nio-8080-exec-4] org.hibernate.orm.jdbc.bind              : binding parameter (1:INTEGER) <- [0]
2026-09-25T00:15:55.939+05:30 TRACE 37120 --- [student-management-system] [http-nio-8080-exec-4] org.hibernate.orm.jdbc.bind              : binding parameter (2:INTEGER) <- [100]
2026-09-25T00:15:56.796+05:30 DEBUG 37120 --- [student-management-system] [http-nio-8080-exec-5] org.hibernate.SQL                        : 
    select
        u1_0.id,
        u1_0.created_at,
        u1_0.password,
        u1_0.role,
        u1_0.updated_at,
        u1_0.username 
    from
        users u1_0 
    where
        u1_0.username=?
2026-09-25T00:15:56.796+05:30 TRACE 37120 --- [student-management-system] [http-nio-8080-exec-5] org.hibernate.orm.jdbc.bind              : binding parameter (1:VARCHAR) <- [admin]
2026-09-25T00:15:56.802+05:30 DEBUG 37120 --- [student-management-system] [http-nio-8080-exec-5] org.hibernate.SQL                        : 
    select
        s1_0.id,
        s1_0.address,
        s1_0.created_at,
        s1_0.date_of_birth,
        s1_0.email,
        s1_0.first_name,
        s1_0.last_name,
        s1_0.phone,
        s1_0.updated_at 
    from
        students s1_0 
    order by
        s1_0.id 
    limit
        ?, ?
2026-09-25T00:15:56.802+05:30 TRACE 37120 --- [student-management-system] [http-nio-8080-exec-5] org.hibernate.orm.jdbc.bind              : binding parameter (1:INTEGER) <- [0]
2026-09-25T00:15:56.803+05:30 TRACE 37120 --- [student-management-system] [http-nio-8080-exec-5] org.hibernate.orm.jdbc.bind              : binding parameter (2:INTEGER) <- [10]
2026-09-25T00:15:56.811+05:30 DEBUG 37120 --- [student-management-system] [http-nio-8080-exec-1] org.hibernate.SQL                        : 
    select
        u1_0.id,
        u1_0.created_at,
        u1_0.password,
        u1_0.role,
        u1_0.updated_at,
        u1_0.username 
    from
        users u1_0 
    where
        u1_0.username=?
2026-09-25T00:15:56.812+05:30 TRACE 37120 --- [student-management-system] [http-nio-8080-exec-1] org.hibernate.orm.jdbc.bind              : binding parameter (1:VARCHAR) <- [admin]
2026-09-25T00:15:56.819+05:30 DEBUG 37120 --- [student-management-system] [http-nio-8080-exec-1] org.hibernate.SQL                        : 
    select
        s1_0.id,
        s1_0.address,
        s1_0.created_at,
        s1_0.date_of_birth,
        s1_0.email,
        s1_0.first_name,
        s1_0.last_name,
        s1_0.phone,
        s1_0.updated_at 
    from
        students s1_0 
    order by
        s1_0.id 
    limit
        ?, ?
2026-09-25T00:15:56.820+05:30 TRACE 37120 --- [student-management-system] [http-nio-8080-exec-1] org.hibernate.orm.jdbc.bind              : binding parameter (1:INTEGER) <- [0]
2026-09-25T00:15:56.820+05:30 TRACE 37120 --- [student-management-system] [http-nio-8080-exec-1] org.hibernate.orm.jdbc.bind              : binding parameter (2:INTEGER) <- [10]
2026-09-25T00:15:57.406+05:30 DEBUG 37120 --- [student-management-system] [http-nio-8080-exec-8] org.hibernate.SQL                        : 
    select
        u1_0.id,
        u1_0.created_at,
        u1_0.password,
        u1_0.role,
        u1_0.updated_at,
        u1_0.username 
    from
        users u1_0 
    where
        u1_0.username=?
2026-09-25T00:15:57.407+05:30 TRACE 37120 --- [student-management-system] [http-nio-8080-exec-8] org.hibernate.orm.jdbc.bind              : binding parameter (1:VARCHAR) <- [admin]
2026-09-25T00:15:57.408+05:30 DEBUG 37120 --- [student-management-system] [http-nio-8080-exec-5] org.hibernate.SQL                        : 
    select
        u1_0.id,
        u1_0.created_at,
        u1_0.password,
        u1_0.role,
        u1_0.updated_at,
        u1_0.username 
    from
        users u1_0 
    where
        u1_0.username=?
2026-09-25T00:15:57.409+05:30 TRACE 37120 --- [student-management-system] [http-nio-8080-exec-5] org.hibernate.orm.jdbc.bind              : binding parameter (1:VARCHAR) <- [admin]
2026-09-25T00:15:57.410+05:30 DEBUG 37120 --- [student-management-system] [http-nio-8080-exec-4] org.hibernate.SQL                        : 
    select
        u1_0.id,
        u1_0.created_at,
        u1_0.password,
        u1_0.role,
        u1_0.updated_at,
        u1_0.username 
    from
        users u1_0 
    where
        u1_0.username=?
2026-09-25T00:15:57.410+05:30 TRACE 37120 --- [student-management-system] [http-nio-8080-exec-4] org.hibernate.orm.jdbc.bind              : binding parameter (1:VARCHAR) <- [admin]
2026-09-25T00:15:57.418+05:30 DEBUG 37120 --- [student-management-system] [http-nio-8080-exec-4] org.hibernate.SQL                        : 
    select
        c1_0.id,
        c1_0.course_code,
        c1_0.course_name,
        c1_0.created_at,
        c1_0.description,
        c1_0.duration,
        c1_0.fees,
        c1_0.updated_at 
    from
        courses c1_0 
    order by
        c1_0.id 
    limit
        ?, ?
2026-09-25T00:15:57.419+05:30 TRACE 37120 --- [student-management-system] [http-nio-8080-exec-4] org.hibernate.orm.jdbc.bind              : binding parameter (1:INTEGER) <- [0]
2026-09-25T00:15:57.419+05:30 TRACE 37120 --- [student-management-system] [http-nio-8080-exec-4] org.hibernate.orm.jdbc.bind              : binding parameter (2:INTEGER) <- [1]
2026-09-25T00:15:57.421+05:30 DEBUG 37120 --- [student-management-system] [http-nio-8080-exec-8] org.hibernate.SQL                        : 
    select
        s1_0.id,
        s1_0.address,
        s1_0.created_at,
        s1_0.date_of_birth,
        s1_0.email,
        s1_0.first_name,
        s1_0.last_name,
        s1_0.phone,
        s1_0.updated_at 
    from
        students s1_0 
    order by
        s1_0.id 
    limit
        ?, ?
2026-09-25T00:15:57.423+05:30 DEBUG 37120 --- [student-management-system] [http-nio-8080-exec-4] org.hibernate.SQL                        : 
    select
        count(c1_0.id) 
    from
        courses c1_0
2026-09-25T00:15:57.424+05:30 DEBUG 37120 --- [student-management-system] [http-nio-8080-exec-5] org.hibernate.SQL                        : 
    select
        e1_0.id,
        e1_0.course_id,
        c1_0.id,
        c1_0.course_code,
        c1_0.course_name,
        c1_0.created_at,
        c1_0.description,
        c1_0.duration,
        c1_0.fees,
        c1_0.updated_at,
        e1_0.created_at,
        e1_0.enrollment_date,
        e1_0.status,
        e1_0.student_id,
        s1_0.id,
        s1_0.address,
        s1_0.created_at,
        s1_0.date_of_birth,
        s1_0.email,
        s1_0.first_name,
        s1_0.last_name,
        s1_0.phone,
        s1_0.updated_at,
        e1_0.updated_at 
    from
        enrollments e1_0 
    join
        courses c1_0 
            on c1_0.id=e1_0.course_id 
    join
        students s1_0 
            on s1_0.id=e1_0.student_id 
    limit
        ?, ?
2026-09-25T00:15:57.425+05:30 TRACE 37120 --- [student-management-system] [http-nio-8080-exec-8] org.hibernate.orm.jdbc.bind              : binding parameter (1:INTEGER) <- [0]
2026-09-25T00:15:57.425+05:30 TRACE 37120 --- [student-management-system] [http-nio-8080-exec-8] org.hibernate.orm.jdbc.bind              : binding parameter (2:INTEGER) <- [1]
2026-09-25T00:15:57.426+05:30 TRACE 37120 --- [student-management-system] [http-nio-8080-exec-5] org.hibernate.orm.jdbc.bind              : binding parameter (1:INTEGER) <- [0]
2026-09-25T00:15:57.426+05:30 TRACE 37120 --- [student-management-system] [http-nio-8080-exec-5] org.hibernate.orm.jdbc.bind              : binding parameter (2:INTEGER) <- [100]
2026-09-25T00:15:57.427+05:30 DEBUG 37120 --- [student-management-system] [http-nio-8080-exec-8] org.hibernate.SQL                        : 
    select
        count(s1_0.id) 
    from
        students s1_0
2026-09-25T00:15:57.430+05:30 DEBUG 37120 --- [student-management-system] [http-nio-8080-exec-1] org.hibernate.SQL                        : 
    select
        u1_0.id,
        u1_0.created_at,
        u1_0.password,
        u1_0.role,
        u1_0.updated_at,
        u1_0.username 
    from
        users u1_0 
    where
        u1_0.username=?
2026-09-25T00:15:57.430+05:30 TRACE 37120 --- [student-management-system] [http-nio-8080-exec-1] org.hibernate.orm.jdbc.bind              : binding parameter (1:VARCHAR) <- [admin]
2026-09-25T00:15:57.434+05:30 DEBUG 37120 --- [student-management-system] [http-nio-8080-exec-7] org.hibernate.SQL                        : 
    select
        u1_0.id,
        u1_0.created_at,
        u1_0.password,
        u1_0.role,
        u1_0.updated_at,
        u1_0.username 
    from
        users u1_0 
    where
        u1_0.username=?
2026-09-25T00:15:57.434+05:30 TRACE 37120 --- [student-management-system] [http-nio-8080-exec-7] org.hibernate.orm.jdbc.bind              : binding parameter (1:VARCHAR) <- [admin]
2026-09-25T00:15:57.434+05:30 DEBUG 37120 --- [student-management-system] [http-nio-8080-exec-9] org.hibernate.SQL                        : 
    select
        u1_0.id,
        u1_0.created_at,
        u1_0.password,
        u1_0.role,
        u1_0.updated_at,
        u1_0.username 
    from
        users u1_0 
    where
        u1_0.username=?
2026-09-25T00:15:57.434+05:30 TRACE 37120 --- [student-management-system] [http-nio-8080-exec-9] org.hibernate.orm.jdbc.bind              : binding parameter (1:VARCHAR) <- [admin]
2026-09-25T00:15:57.442+05:30 DEBUG 37120 --- [student-management-system] [http-nio-8080-exec-1] org.hibernate.SQL                        : 
    select
        c1_0.id,
        c1_0.course_code,
        c1_0.course_name,
        c1_0.created_at,
        c1_0.description,
        c1_0.duration,
        c1_0.fees,
        c1_0.updated_at 
    from
        courses c1_0 
    order by
        c1_0.id 
    limit
        ?, ?
2026-09-25T00:15:57.442+05:30 TRACE 37120 --- [student-management-system] [http-nio-8080-exec-1] org.hibernate.orm.jdbc.bind              : binding parameter (1:INTEGER) <- [0]
2026-09-25T00:15:57.443+05:30 TRACE 37120 --- [student-management-system] [http-nio-8080-exec-1] org.hibernate.orm.jdbc.bind              : binding parameter (2:INTEGER) <- [1]
2026-09-25T00:15:57.443+05:30 DEBUG 37120 --- [student-management-system] [http-nio-8080-exec-9] org.hibernate.SQL                        : 
    select
        s1_0.id,
        s1_0.address,
        s1_0.created_at,
        s1_0.date_of_birth,
        s1_0.email,
        s1_0.first_name,
        s1_0.last_name,
        s1_0.phone,
        s1_0.updated_at 
    from
        students s1_0 
    order by
        s1_0.id 
    limit
        ?, ?
2026-09-25T00:15:57.443+05:30 TRACE 37120 --- [student-management-system] [http-nio-8080-exec-9] org.hibernate.orm.jdbc.bind              : binding parameter (1:INTEGER) <- [0]
2026-09-25T00:15:57.443+05:30 TRACE 37120 --- [student-management-system] [http-nio-8080-exec-9] org.hibernate.orm.jdbc.bind              : binding parameter (2:INTEGER) <- [1]
2026-09-25T00:15:57.444+05:30 DEBUG 37120 --- [student-management-system] [http-nio-8080-exec-7] org.hibernate.SQL                        : 
    select
        e1_0.id,
        e1_0.course_id,
        c1_0.id,
        c1_0.course_code,
        c1_0.course_name,
        c1_0.created_at,
        c1_0.description,
        c1_0.duration,
        c1_0.fees,
        c1_0.updated_at,
        e1_0.created_at,
        e1_0.enrollment_date,
        e1_0.status,
        e1_0.student_id,
        s1_0.id,
        s1_0.address,
        s1_0.created_at,
        s1_0.date_of_birth,
        s1_0.email,
        s1_0.first_name,
        s1_0.last_name,
        s1_0.phone,
        s1_0.updated_at,
        e1_0.updated_at 
    from
        enrollments e1_0 
    join
        courses c1_0 
            on c1_0.id=e1_0.course_id 
    join
        students s1_0 
            on s1_0.id=e1_0.student_id 
    limit
        ?, ?
2026-09-25T00:15:57.445+05:30 TRACE 37120 --- [student-management-system] [http-nio-8080-exec-7] org.hibernate.orm.jdbc.bind              : binding parameter (1:INTEGER) <- [0]
2026-09-25T00:15:57.445+05:30 TRACE 37120 --- [student-management-system] [http-nio-8080-exec-7] org.hibernate.orm.jdbc.bind              : binding parameter (2:INTEGER) <- [100]
2026-09-25T00:15:57.446+05:30 DEBUG 37120 --- [student-management-system] [http-nio-8080-exec-9] org.hibernate.SQL                        : 
    select
        count(s1_0.id) 
    from
        students s1_0
2026-09-25T00:15:57.446+05:30 DEBUG 37120 --- [student-management-system] [http-nio-8080-exec-1] org.hibernate.SQL                        : 
    select
        count(c1_0.id) 
    from
        courses c1_0
2026-09-25T00:15:58.108+05:30 DEBUG 37120 --- [student-management-system] [http-nio-8080-exec-10] org.hibernate.SQL                        : 
    select
        u1_0.id,
        u1_0.created_at,
        u1_0.password,
        u1_0.role,
        u1_0.updated_at,
        u1_0.username 
    from
        users u1_0 
    where
        u1_0.username=?
2026-09-25T00:15:58.108+05:30 TRACE 37120 --- [student-management-system] [http-nio-8080-exec-10] org.hibernate.orm.jdbc.bind              : binding parameter (1:VARCHAR) <- [admin]
2026-09-25T00:15:58.116+05:30 DEBUG 37120 --- [student-management-system] [http-nio-8080-exec-10] org.hibernate.SQL                        : 
    select
        s1_0.id,
        s1_0.address,
        s1_0.created_at,
        s1_0.date_of_birth,
        s1_0.email,
        s1_0.first_name,
        s1_0.last_name,
        s1_0.phone,
        s1_0.updated_at 
    from
        students s1_0 
    order by
        s1_0.id 
    limit
        ?, ?
2026-09-25T00:15:58.116+05:30 TRACE 37120 --- [student-management-system] [http-nio-8080-exec-10] org.hibernate.orm.jdbc.bind              : binding parameter (1:INTEGER) <- [0]
2026-09-25T00:15:58.116+05:30 TRACE 37120 --- [student-management-system] [http-nio-8080-exec-10] org.hibernate.orm.jdbc.bind              : binding parameter (2:INTEGER) <- [10]
2026-09-25T00:15:58.125+05:30 DEBUG 37120 --- [student-management-system] [http-nio-8080-exec-6] org.hibernate.SQL                        : 
    select
        u1_0.id,
        u1_0.created_at,
        u1_0.password,
        u1_0.role,
        u1_0.updated_at,
        u1_0.username 
    from
        users u1_0 
    where
        u1_0.username=?
2026-09-25T00:15:58.125+05:30 TRACE 37120 --- [student-management-system] [http-nio-8080-exec-6] org.hibernate.orm.jdbc.bind              : binding parameter (1:VARCHAR) <- [admin]
2026-09-25T00:15:58.132+05:30 DEBUG 37120 --- [student-management-system] [http-nio-8080-exec-6] org.hibernate.SQL                        : 
    select
        s1_0.id,
        s1_0.address,
        s1_0.created_at,
        s1_0.date_of_birth,
        s1_0.email,
        s1_0.first_name,
        s1_0.last_name,
        s1_0.phone,
        s1_0.updated_at 
    from
        students s1_0 
    order by
        s1_0.id 
    limit
        ?, ?
2026-09-25T00:15:58.133+05:30 TRACE 37120 --- [student-management-system] [http-nio-8080-exec-6] org.hibernate.orm.jdbc.bind              : binding parameter (1:INTEGER) <- [0]
2026-09-25T00:15:58.133+05:30 TRACE 37120 --- [student-management-system] [http-nio-8080-exec-6] org.hibernate.orm.jdbc.bind              : binding parameter (2:INTEGER) <- [10]
2026-09-25T00:15:58.939+05:30 DEBUG 37120 --- [student-management-system] [http-nio-8080-exec-2] org.hibernate.SQL                        : 
    select
        u1_0.id,
        u1_0.created_at,
        u1_0.password,
        u1_0.role,
        u1_0.updated_at,
        u1_0.username 
    from
        users u1_0 
    where
        u1_0.username=?
2026-09-25T00:15:58.939+05:30 TRACE 37120 --- [student-management-system] [http-nio-8080-exec-2] org.hibernate.orm.jdbc.bind              : binding parameter (1:VARCHAR) <- [admin]
2026-09-25T00:15:58.950+05:30 DEBUG 37120 --- [student-management-system] [http-nio-8080-exec-2] org.hibernate.SQL                        : 
    select
        c1_0.id,
        c1_0.course_code,
        c1_0.course_name,
        c1_0.created_at,
        c1_0.description,
        c1_0.duration,
        c1_0.fees,
        c1_0.updated_at 
    from
        courses c1_0 
    order by
        c1_0.id 
    limit
        ?, ?
2026-09-25T00:15:58.951+05:30 TRACE 37120 --- [student-management-system] [http-nio-8080-exec-2] org.hibernate.orm.jdbc.bind              : binding parameter (1:INTEGER) <- [0]
2026-09-25T00:15:58.951+05:30 TRACE 37120 --- [student-management-system] [http-nio-8080-exec-2] org.hibernate.orm.jdbc.bind              : binding parameter (2:INTEGER) <- [10]
2026-09-25T00:15:58.959+05:30 DEBUG 37120 --- [student-management-system] [http-nio-8080-exec-3] org.hibernate.SQL                        : 
    select
        u1_0.id,
        u1_0.created_at,
        u1_0.password,
        u1_0.role,
        u1_0.updated_at,
        u1_0.username 
    from
        users u1_0 
    where
        u1_0.username=?
2026-09-25T00:15:58.959+05:30 TRACE 37120 --- [student-management-system] [http-nio-8080-exec-3] org.hibernate.orm.jdbc.bind              : binding parameter (1:VARCHAR) <- [admin]
2026-09-25T00:15:58.967+05:30 DEBUG 37120 --- [student-management-system] [http-nio-8080-exec-3] org.hibernate.SQL                        : 
    select
        c1_0.id,
        c1_0.course_code,
        c1_0.course_name,
        c1_0.created_at,
        c1_0.description,
        c1_0.duration,
        c1_0.fees,
        c1_0.updated_at 
    from
        courses c1_0 
    order by
        c1_0.id 
    limit
        ?, ?
2026-09-25T00:15:58.968+05:30 TRACE 37120 --- [student-management-system] [http-nio-8080-exec-3] org.hibernate.orm.jdbc.bind              : binding parameter (1:INTEGER) <- [0]
2026-09-25T00:15:58.968+05:30 TRACE 37120 --- [student-management-system] [http-nio-8080-exec-3] org.hibernate.orm.jdbc.bind              : binding parameter (2:INTEGER) <- [10]
2026-09-25T00:15:59.575+05:30 DEBUG 37120 --- [student-management-system] [http-nio-8080-exec-8] org.hibernate.SQL                        : 
    select
        u1_0.id,
        u1_0.created_at,
        u1_0.password,
        u1_0.role,
        u1_0.updated_at,
        u1_0.username 
    from
        users u1_0 
    where
        u1_0.username=?
2026-09-25T00:15:59.575+05:30 DEBUG 37120 --- [student-management-system] [http-nio-8080-exec-4] org.hibernate.SQL                        : 
    select
        u1_0.id,
        u1_0.created_at,
        u1_0.password,
        u1_0.role,
        u1_0.updated_at,
        u1_0.username 
    from
        users u1_0 
    where
        u1_0.username=?
2026-09-25T00:15:59.575+05:30 TRACE 37120 --- [student-management-system] [http-nio-8080-exec-8] org.hibernate.orm.jdbc.bind              : binding parameter (1:VARCHAR) <- [admin]
2026-09-25T00:15:59.575+05:30 TRACE 37120 --- [student-management-system] [http-nio-8080-exec-4] org.hibernate.orm.jdbc.bind              : binding parameter (1:VARCHAR) <- [admin]
2026-09-25T00:15:59.580+05:30 DEBUG 37120 --- [student-management-system] [http-nio-8080-exec-5] org.hibernate.SQL                        : 
    select
        u1_0.id,
        u1_0.created_at,
        u1_0.password,
        u1_0.role,
        u1_0.updated_at,
        u1_0.username 
    from
        users u1_0 
    where
        u1_0.username=?
2026-09-25T00:15:59.581+05:30 TRACE 37120 --- [student-management-system] [http-nio-8080-exec-5] org.hibernate.orm.jdbc.bind              : binding parameter (1:VARCHAR) <- [admin]
2026-09-25T00:15:59.587+05:30 DEBUG 37120 --- [student-management-system] [http-nio-8080-exec-4] org.hibernate.SQL                        : 
    select
        s1_0.id,
        s1_0.address,
        s1_0.created_at,
        s1_0.date_of_birth,
        s1_0.email,
        s1_0.first_name,
        s1_0.last_name,
        s1_0.phone,
        s1_0.updated_at 
    from
        students s1_0 
    order by
        s1_0.id 
    limit
        ?, ?
2026-09-25T00:15:59.588+05:30 TRACE 37120 --- [student-management-system] [http-nio-8080-exec-4] org.hibernate.orm.jdbc.bind              : binding parameter (1:INTEGER) <- [0]
2026-09-25T00:15:59.588+05:30 TRACE 37120 --- [student-management-system] [http-nio-8080-exec-4] org.hibernate.orm.jdbc.bind              : binding parameter (2:INTEGER) <- [100]
2026-09-25T00:15:59.593+05:30 DEBUG 37120 --- [student-management-system] [http-nio-8080-exec-8] org.hibernate.SQL                        : 
    select
        c1_0.id,
        c1_0.course_code,
        c1_0.course_name,
        c1_0.created_at,
        c1_0.description,
        c1_0.duration,
        c1_0.fees,
        c1_0.updated_at 
    from
        courses c1_0 
    order by
        c1_0.id 
    limit
        ?, ?
2026-09-25T00:15:59.594+05:30 TRACE 37120 --- [student-management-system] [http-nio-8080-exec-8] org.hibernate.orm.jdbc.bind              : binding parameter (1:INTEGER) <- [0]
2026-09-25T00:15:59.594+05:30 TRACE 37120 --- [student-management-system] [http-nio-8080-exec-8] org.hibernate.orm.jdbc.bind              : binding parameter (2:INTEGER) <- [100]
2026-09-25T00:15:59.595+05:30 DEBUG 37120 --- [student-management-system] [http-nio-8080-exec-5] org.hibernate.SQL                        : 
    select
        e1_0.id,
        e1_0.course_id,
        c1_0.id,
        c1_0.course_code,
        c1_0.course_name,
        c1_0.created_at,
        c1_0.description,
        c1_0.duration,
        c1_0.fees,
        c1_0.updated_at,
        e1_0.created_at,
        e1_0.enrollment_date,
        e1_0.status,
        e1_0.student_id,
        s1_0.id,
        s1_0.address,
        s1_0.created_at,
        s1_0.date_of_birth,
        s1_0.email,
        s1_0.first_name,
        s1_0.last_name,
        s1_0.phone,
        s1_0.updated_at,
        e1_0.updated_at 
    from
        enrollments e1_0 
    join
        courses c1_0 
            on c1_0.id=e1_0.course_id 
    join
        students s1_0 
            on s1_0.id=e1_0.student_id 
    limit
        ?, ?
2026-09-25T00:15:59.596+05:30 TRACE 37120 --- [student-management-system] [http-nio-8080-exec-5] org.hibernate.orm.jdbc.bind              : binding parameter (1:INTEGER) <- [0]
2026-09-25T00:15:59.596+05:30 TRACE 37120 --- [student-management-system] [http-nio-8080-exec-5] org.hibernate.orm.jdbc.bind              : binding parameter (2:INTEGER) <- [10]
2026-09-25T00:15:59.601+05:30 DEBUG 37120 --- [student-management-system] [http-nio-8080-exec-1] org.hibernate.SQL                        : 
    select
        u1_0.id,
        u1_0.created_at,
        u1_0.password,
        u1_0.role,
        u1_0.updated_at,
        u1_0.username 
    from
        users u1_0 
    where
        u1_0.username=?
2026-09-25T00:15:59.602+05:30 TRACE 37120 --- [student-management-system] [http-nio-8080-exec-1] org.hibernate.orm.jdbc.bind              : binding parameter (1:VARCHAR) <- [admin]
2026-09-25T00:15:59.602+05:30 DEBUG 37120 --- [student-management-system] [http-nio-8080-exec-9] org.hibernate.SQL                        : 
    select
        u1_0.id,
        u1_0.created_at,
        u1_0.password,
        u1_0.role,
        u1_0.updated_at,
        u1_0.username 
    from
        users u1_0 
    where
        u1_0.username=?
2026-09-25T00:15:59.602+05:30 TRACE 37120 --- [student-management-system] [http-nio-8080-exec-9] org.hibernate.orm.jdbc.bind              : binding parameter (1:VARCHAR) <- [admin]
2026-09-25T00:15:59.603+05:30 DEBUG 37120 --- [student-management-system] [http-nio-8080-exec-7] org.hibernate.SQL                        : 
    select
        u1_0.id,
        u1_0.created_at,
        u1_0.password,
        u1_0.role,
        u1_0.updated_at,
        u1_0.username 
    from
        users u1_0 
    where
        u1_0.username=?
2026-09-25T00:15:59.604+05:30 TRACE 37120 --- [student-management-system] [http-nio-8080-exec-7] org.hibernate.orm.jdbc.bind              : binding parameter (1:VARCHAR) <- [admin]
2026-09-25T00:15:59.606+05:30 DEBUG 37120 --- [student-management-system] [http-nio-8080-exec-9] org.hibernate.SQL                        : 
    select
        c1_0.id,
        c1_0.course_code,
        c1_0.course_name,
        c1_0.created_at,
        c1_0.description,
        c1_0.duration,
        c1_0.fees,
        c1_0.updated_at 
    from
        courses c1_0 
    order by
        c1_0.id 
    limit
        ?, ?
2026-09-25T00:15:59.606+05:30 DEBUG 37120 --- [student-management-system] [http-nio-8080-exec-1] org.hibernate.SQL                        : 
    select
        s1_0.id,
        s1_0.address,
        s1_0.created_at,
        s1_0.date_of_birth,
        s1_0.email,
        s1_0.first_name,
        s1_0.last_name,
        s1_0.phone,
        s1_0.updated_at 
    from
        students s1_0 
    order by
        s1_0.id 
    limit
        ?, ?
2026-09-25T00:15:59.607+05:30 TRACE 37120 --- [student-management-system] [http-nio-8080-exec-1] org.hibernate.orm.jdbc.bind              : binding parameter (1:INTEGER) <- [0]
2026-09-25T00:15:59.607+05:30 TRACE 37120 --- [student-management-system] [http-nio-8080-exec-1] org.hibernate.orm.jdbc.bind              : binding parameter (2:INTEGER) <- [100]
2026-09-25T00:15:59.607+05:30 TRACE 37120 --- [student-management-system] [http-nio-8080-exec-9] org.hibernate.orm.jdbc.bind              : binding parameter (1:INTEGER) <- [0]
2026-09-25T00:15:59.607+05:30 TRACE 37120 --- [student-management-system] [http-nio-8080-exec-9] org.hibernate.orm.jdbc.bind              : binding parameter (2:INTEGER) <- [100]
2026-09-25T00:15:59.608+05:30 DEBUG 37120 --- [student-management-system] [http-nio-8080-exec-7] org.hibernate.SQL                        : 
    select
        e1_0.id,
        e1_0.course_id,
        c1_0.id,
        c1_0.course_code,
        c1_0.course_name,
        c1_0.created_at,
        c1_0.description,
        c1_0.duration,
        c1_0.fees,
        c1_0.updated_at,
        e1_0.created_at,
        e1_0.enrollment_date,
        e1_0.status,
        e1_0.student_id,
        s1_0.id,
        s1_0.address,
        s1_0.created_at,
        s1_0.date_of_birth,
        s1_0.email,
        s1_0.first_name,
        s1_0.last_name,
        s1_0.phone,
        s1_0.updated_at,
        e1_0.updated_at 
    from
        enrollments e1_0 
    join
        courses c1_0 
            on c1_0.id=e1_0.course_id 
    join
        students s1_0 
            on s1_0.id=e1_0.student_id 
    limit
        ?, ?
2026-09-25T00:15:59.608+05:30 TRACE 37120 --- [student-management-system] [http-nio-8080-exec-7] org.hibernate.orm.jdbc.bind              : binding parameter (1:INTEGER) <- [0]
2026-09-25T00:15:59.608+05:30 TRACE 37120 --- [student-management-system] [http-nio-8080-exec-7] org.hibernate.orm.jdbc.bind              : binding parameter (2:INTEGER) <- [10]
2026-09-25T00:16:00.458+05:30 DEBUG 37120 --- [student-management-system] [http-nio-8080-exec-2] org.hibernate.SQL                        : 
    select
        u1_0.id,
        u1_0.created_at,
        u1_0.password,
        u1_0.role,
        u1_0.updated_at,
        u1_0.username 
    from
        users u1_0 
    where
        u1_0.username=?
2026-09-25T00:16:00.459+05:30 TRACE 37120 --- [student-management-system] [http-nio-8080-exec-2] org.hibernate.orm.jdbc.bind              : binding parameter (1:VARCHAR) <- [admin]
2026-09-25T00:16:00.466+05:30 DEBUG 37120 --- [student-management-system] [http-nio-8080-exec-2] org.hibernate.SQL                        : 
    select
        c1_0.id,
        c1_0.course_code,
        c1_0.course_name,
        c1_0.created_at,
        c1_0.description,
        c1_0.duration,
        c1_0.fees,
        c1_0.updated_at 
    from
        courses c1_0 
    order by
        c1_0.id 
    limit
        ?, ?
2026-09-25T00:16:00.466+05:30 TRACE 37120 --- [student-management-system] [http-nio-8080-exec-2] org.hibernate.orm.jdbc.bind              : binding parameter (1:INTEGER) <- [0]
2026-09-25T00:16:00.466+05:30 TRACE 37120 --- [student-management-system] [http-nio-8080-exec-2] org.hibernate.orm.jdbc.bind              : binding parameter (2:INTEGER) <- [10]
2026-09-25T00:16:00.475+05:30 DEBUG 37120 --- [student-management-system] [http-nio-8080-exec-3] org.hibernate.SQL                        : 
    select
        u1_0.id,
        u1_0.created_at,
        u1_0.password,
        u1_0.role,
        u1_0.updated_at,
        u1_0.username 
    from
        users u1_0 
    where
        u1_0.username=?
2026-09-25T00:16:00.475+05:30 TRACE 37120 --- [student-management-system] [http-nio-8080-exec-3] org.hibernate.orm.jdbc.bind              : binding parameter (1:VARCHAR) <- [admin]
2026-09-25T00:16:00.480+05:30 DEBUG 37120 --- [student-management-system] [http-nio-8080-exec-3] org.hibernate.SQL                        : 
    select
        c1_0.id,
        c1_0.course_code,
        c1_0.course_name,
        c1_0.created_at,
        c1_0.description,
        c1_0.duration,
        c1_0.fees,
        c1_0.updated_at 
    from
        courses c1_0 
    order by
        c1_0.id 
    limit
        ?, ?
2026-09-25T00:16:00.481+05:30 TRACE 37120 --- [student-management-system] [http-nio-8080-exec-3] org.hibernate.orm.jdbc.bind              : binding parameter (1:INTEGER) <- [0]
2026-09-25T00:16:00.481+05:30 TRACE 37120 --- [student-management-system] [http-nio-8080-exec-3] org.hibernate.orm.jdbc.bind              : binding parameter (2:INTEGER) <- [10]
2026-09-25T00:16:01.067+05:30 DEBUG 37120 --- [student-management-system] [http-nio-8080-exec-5] org.hibernate.SQL                        : 
    select
        u1_0.id,
        u1_0.created_at,
        u1_0.password,
        u1_0.role,
        u1_0.updated_at,
        u1_0.username 
    from
        users u1_0 
    where
        u1_0.username=?
2026-09-25T00:16:01.067+05:30 TRACE 37120 --- [student-management-system] [http-nio-8080-exec-5] org.hibernate.orm.jdbc.bind              : binding parameter (1:VARCHAR) <- [admin]
2026-09-25T00:16:01.076+05:30 DEBUG 37120 --- [student-management-system] [http-nio-8080-exec-5] org.hibernate.SQL                        : 
    select
        s1_0.id,
        s1_0.address,
        s1_0.created_at,
        s1_0.date_of_birth,
        s1_0.email,
        s1_0.first_name,
        s1_0.last_name,
        s1_0.phone,
        s1_0.updated_at 
    from
        students s1_0 
    order by
        s1_0.id 
    limit
        ?, ?
2026-09-25T00:16:01.077+05:30 TRACE 37120 --- [student-management-system] [http-nio-8080-exec-5] org.hibernate.orm.jdbc.bind              : binding parameter (1:INTEGER) <- [0]
2026-09-25T00:16:01.077+05:30 TRACE 37120 --- [student-management-system] [http-nio-8080-exec-5] org.hibernate.orm.jdbc.bind              : binding parameter (2:INTEGER) <- [10]
2026-09-25T00:16:01.085+05:30 DEBUG 37120 --- [student-management-system] [http-nio-8080-exec-5] org.hibernate.SQL                        : 
    select
        u1_0.id,
        u1_0.created_at,
        u1_0.password,
        u1_0.role,
        u1_0.updated_at,
        u1_0.username 
    from
        users u1_0 
    where
        u1_0.username=?
2026-09-25T00:16:01.085+05:30 TRACE 37120 --- [student-management-system] [http-nio-8080-exec-5] org.hibernate.orm.jdbc.bind              : binding parameter (1:VARCHAR) <- [admin]
2026-09-25T00:16:01.091+05:30 DEBUG 37120 --- [student-management-system] [http-nio-8080-exec-5] org.hibernate.SQL                        : 
    select
        s1_0.id,
        s1_0.address,
        s1_0.created_at,
        s1_0.date_of_birth,
        s1_0.email,
        s1_0.first_name,
        s1_0.last_name,
        s1_0.phone,
        s1_0.updated_at 
    from
        students s1_0 
    order by
        s1_0.id 
    limit
        ?, ?
2026-09-25T00:16:01.091+05:30 TRACE 37120 --- [student-management-system] [http-nio-8080-exec-5] org.hibernate.orm.jdbc.bind              : binding parameter (1:INTEGER) <- [0]
2026-09-25T00:16:01.091+05:30 TRACE 37120 --- [student-management-system] [http-nio-8080-exec-5] org.hibernate.orm.jdbc.bind              : binding parameter (2:INTEGER) <- [10]
2026-09-25T00:18:32.359+05:30 DEBUG 37120 --- [student-management-system] [http-nio-8080-exec-9] org.hibernate.SQL                        : 
    select
        u1_0.id,
        u1_0.created_at,
        u1_0.password,
        u1_0.role,
        u1_0.updated_at,
        u1_0.username 
    from
        users u1_0 
    where
        u1_0.username=?
2026-09-25T00:18:32.362+05:30 TRACE 37120 --- [student-management-system] [http-nio-8080-exec-9] org.hibernate.orm.jdbc.bind              : binding parameter (1:VARCHAR) <- [admin]
2026-09-25T00:18:32.450+05:30 DEBUG 37120 --- [student-management-system] [http-nio-8080-exec-9] org.hibernate.SQL                        : 
    select
        c1_0.id,
        c1_0.course_code,
        c1_0.course_name,
        c1_0.created_at,
        c1_0.description,
        c1_0.duration,
        c1_0.fees,
        c1_0.updated_at 
    from
        courses c1_0 
    order by
        c1_0.id 
    limit
        ?, ?
2026-09-25T00:18:32.451+05:30 TRACE 37120 --- [student-management-system] [http-nio-8080-exec-9] org.hibernate.orm.jdbc.bind              : binding parameter (1:INTEGER) <- [0]
2026-09-25T00:18:32.451+05:30 TRACE 37120 --- [student-management-system] [http-nio-8080-exec-9] org.hibernate.orm.jdbc.bind              : binding parameter (2:INTEGER) <- [10]
2026-09-25T00:18:32.462+05:30 DEBUG 37120 --- [student-management-system] [http-nio-8080-exec-5] org.hibernate.SQL                        : 
    select
        u1_0.id,
        u1_0.created_at,
        u1_0.password,
        u1_0.role,
        u1_0.updated_at,
        u1_0.username 
    from
        users u1_0 
    where
        u1_0.username=?
2026-09-25T00:18:32.463+05:30 TRACE 37120 --- [student-management-system] [http-nio-8080-exec-5] org.hibernate.orm.jdbc.bind              : binding parameter (1:VARCHAR) <- [admin]
2026-09-25T00:18:32.468+05:30 DEBUG 37120 --- [student-management-system] [http-nio-8080-exec-5] org.hibernate.SQL                        : 
    select
        c1_0.id,
        c1_0.course_code,
        c1_0.course_name,
        c1_0.created_at,
        c1_0.description,
        c1_0.duration,
        c1_0.fees,
        c1_0.updated_at 
    from
        courses c1_0 
    order by
        c1_0.id 
    limit
        ?, ?
2026-09-25T00:18:32.468+05:30 TRACE 37120 --- [student-management-system] [http-nio-8080-exec-5] org.hibernate.orm.jdbc.bind              : binding parameter (1:INTEGER) <- [0]
2026-09-25T00:18:32.468+05:30 TRACE 37120 --- [student-management-system] [http-nio-8080-exec-5] org.hibernate.orm.jdbc.bind              : binding parameter (2:INTEGER) <- [10]
2026-09-25T00:18:42.157+05:30 DEBUG 37120 --- [student-management-system] [http-nio-8080-exec-7] org.hibernate.SQL                        : 
    select
        u1_0.id,
        u1_0.created_at,
        u1_0.password,
        u1_0.role,
        u1_0.updated_at,
        u1_0.username 
    from
        users u1_0 
    where
        u1_0.username=?
2026-09-25T00:18:42.158+05:30 TRACE 37120 --- [student-management-system] [http-nio-8080-exec-7] org.hibernate.orm.jdbc.bind              : binding parameter (1:VARCHAR) <- [admin]
2026-09-25T00:18:42.185+05:30 DEBUG 37120 --- [student-management-system] [http-nio-8080-exec-7] org.hibernate.SQL                        : 
    select
        c1_0.id,
        c1_0.course_code,
        c1_0.course_name,
        c1_0.created_at,
        c1_0.description,
        c1_0.duration,
        c1_0.fees,
        c1_0.updated_at 
    from
        courses c1_0 
    where
        c1_0.id=?
2026-09-25T00:18:42.186+05:30 TRACE 37120 --- [student-management-system] [http-nio-8080-exec-7] org.hibernate.orm.jdbc.bind              : binding parameter (1:BIGINT) <- [1]
2026-09-25T00:18:45.357+05:30 DEBUG 37120 --- [student-management-system] [http-nio-8080-exec-8] org.hibernate.SQL                        : 
    select
        u1_0.id,
        u1_0.created_at,
        u1_0.password,
        u1_0.role,
        u1_0.updated_at,
        u1_0.username 
    from
        users u1_0 
    where
        u1_0.username=?
2026-09-25T00:18:45.358+05:30 TRACE 37120 --- [student-management-system] [http-nio-8080-exec-8] org.hibernate.orm.jdbc.bind              : binding parameter (1:VARCHAR) <- [admin]
2026-09-25T00:18:45.358+05:30 DEBUG 37120 --- [student-management-system] [http-nio-8080-exec-9] org.hibernate.SQL                        : 
    select
        u1_0.id,
        u1_0.created_at,
        u1_0.password,
        u1_0.role,
        u1_0.updated_at,
        u1_0.username 
    from
        users u1_0 
    where
        u1_0.username=?
2026-09-25T00:18:45.358+05:30 DEBUG 37120 --- [student-management-system] [http-nio-8080-exec-5] org.hibernate.SQL                        : 
    select
        u1_0.id,
        u1_0.created_at,
        u1_0.password,
        u1_0.role,
        u1_0.updated_at,
        u1_0.username 
    from
        users u1_0 
    where
        u1_0.username=?
2026-09-25T00:18:45.359+05:30 TRACE 37120 --- [student-management-system] [http-nio-8080-exec-5] org.hibernate.orm.jdbc.bind              : binding parameter (1:VARCHAR) <- [admin]
2026-09-25T00:18:45.359+05:30 TRACE 37120 --- [student-management-system] [http-nio-8080-exec-9] org.hibernate.orm.jdbc.bind              : binding parameter (1:VARCHAR) <- [admin]
2026-09-25T00:18:45.372+05:30 DEBUG 37120 --- [student-management-system] [http-nio-8080-exec-8] org.hibernate.SQL                        : 
    select
        c1_0.id,
        c1_0.course_code,
        c1_0.course_name,
        c1_0.created_at,
        c1_0.description,
        c1_0.duration,
        c1_0.fees,
        c1_0.updated_at 
    from
        courses c1_0 
    order by
        c1_0.id 
    limit
        ?, ?
2026-09-25T00:18:45.372+05:30 TRACE 37120 --- [student-management-system] [http-nio-8080-exec-8] org.hibernate.orm.jdbc.bind              : binding parameter (1:INTEGER) <- [0]
2026-09-25T00:18:45.372+05:30 TRACE 37120 --- [student-management-system] [http-nio-8080-exec-8] org.hibernate.orm.jdbc.bind              : binding parameter (2:INTEGER) <- [100]
2026-09-25T00:18:45.375+05:30 DEBUG 37120 --- [student-management-system] [http-nio-8080-exec-9] org.hibernate.SQL                        : 
    select
        s1_0.id,
        s1_0.address,
        s1_0.created_at,
        s1_0.date_of_birth,
        s1_0.email,
        s1_0.first_name,
        s1_0.last_name,
        s1_0.phone,
        s1_0.updated_at 
    from
        students s1_0 
    order by
        s1_0.id 
    limit
        ?, ?
2026-09-25T00:18:45.375+05:30 DEBUG 37120 --- [student-management-system] [http-nio-8080-exec-5] org.hibernate.SQL                        : 
    select
        e1_0.id,
        e1_0.course_id,
        c1_0.id,
        c1_0.course_code,
        c1_0.course_name,
        c1_0.created_at,
        c1_0.description,
        c1_0.duration,
        c1_0.fees,
        c1_0.updated_at,
        e1_0.created_at,
        e1_0.enrollment_date,
        e1_0.status,
        e1_0.student_id,
        s1_0.id,
        s1_0.address,
        s1_0.created_at,
        s1_0.date_of_birth,
        s1_0.email,
        s1_0.first_name,
        s1_0.last_name,
        s1_0.phone,
        s1_0.updated_at,
        e1_0.updated_at 
    from
        enrollments e1_0 
    join
        courses c1_0 
            on c1_0.id=e1_0.course_id 
    join
        students s1_0 
            on s1_0.id=e1_0.student_id 
    limit
        ?, ?
2026-09-25T00:18:45.375+05:30 TRACE 37120 --- [student-management-system] [http-nio-8080-exec-9] org.hibernate.orm.jdbc.bind              : binding parameter (1:INTEGER) <- [0]
2026-09-25T00:18:45.375+05:30 TRACE 37120 --- [student-management-system] [http-nio-8080-exec-9] org.hibernate.orm.jdbc.bind              : binding parameter (2:INTEGER) <- [100]
2026-09-25T00:18:45.375+05:30 TRACE 37120 --- [student-management-system] [http-nio-8080-exec-5] org.hibernate.orm.jdbc.bind              : binding parameter (1:INTEGER) <- [0]
2026-09-25T00:18:45.375+05:30 TRACE 37120 --- [student-management-system] [http-nio-8080-exec-5] org.hibernate.orm.jdbc.bind              : binding parameter (2:INTEGER) <- [10]
2026-09-25T00:18:45.383+05:30 DEBUG 37120 --- [student-management-system] [http-nio-8080-exec-8] org.hibernate.SQL                        : 
    select
        u1_0.id,
        u1_0.created_at,
        u1_0.password,
        u1_0.role,
        u1_0.updated_at,
        u1_0.username 
    from
        users u1_0 
    where
        u1_0.username=?
2026-09-25T00:18:45.383+05:30 DEBUG 37120 --- [student-management-system] [http-nio-8080-exec-5] org.hibernate.SQL                        : 
    select
        u1_0.id,
        u1_0.created_at,
        u1_0.password,
        u1_0.role,
        u1_0.updated_at,
        u1_0.username 
    from
        users u1_0 
    where
        u1_0.username=?
2026-09-25T00:18:45.383+05:30 DEBUG 37120 --- [student-management-system] [http-nio-8080-exec-10] org.hibernate.SQL                        : 
    select
        u1_0.id,
        u1_0.created_at,
        u1_0.password,
        u1_0.role,
        u1_0.updated_at,
        u1_0.username 
    from
        users u1_0 
    where
        u1_0.username=?
2026-09-25T00:18:45.383+05:30 TRACE 37120 --- [student-management-system] [http-nio-8080-exec-8] org.hibernate.orm.jdbc.bind              : binding parameter (1:VARCHAR) <- [admin]
2026-09-25T00:18:45.383+05:30 TRACE 37120 --- [student-management-system] [http-nio-8080-exec-5] org.hibernate.orm.jdbc.bind              : binding parameter (1:VARCHAR) <- [admin]
2026-09-25T00:18:45.383+05:30 TRACE 37120 --- [student-management-system] [http-nio-8080-exec-10] org.hibernate.orm.jdbc.bind              : binding parameter (1:VARCHAR) <- [admin]
2026-09-25T00:18:45.387+05:30 DEBUG 37120 --- [student-management-system] [http-nio-8080-exec-8] org.hibernate.SQL                        : 
    select
        c1_0.id,
        c1_0.course_code,
        c1_0.course_name,
        c1_0.created_at,
        c1_0.description,
        c1_0.duration,
        c1_0.fees,
        c1_0.updated_at 
    from
        courses c1_0 
    order by
        c1_0.id 
    limit
        ?, ?
2026-09-25T00:18:45.387+05:30 DEBUG 37120 --- [student-management-system] [http-nio-8080-exec-10] org.hibernate.SQL                        : 
    select
        s1_0.id,
        s1_0.address,
        s1_0.created_at,
        s1_0.date_of_birth,
        s1_0.email,
        s1_0.first_name,
        s1_0.last_name,
        s1_0.phone,
        s1_0.updated_at 
    from
        students s1_0 
    order by
        s1_0.id 
    limit
        ?, ?
2026-09-25T00:18:45.387+05:30 DEBUG 37120 --- [student-management-system] [http-nio-8080-exec-5] org.hibernate.SQL                        : 
    select
        e1_0.id,
        e1_0.course_id,
        c1_0.id,
        c1_0.course_code,
        c1_0.course_name,
        c1_0.created_at,
        c1_0.description,
        c1_0.duration,
        c1_0.fees,
        c1_0.updated_at,
        e1_0.created_at,
        e1_0.enrollment_date,
        e1_0.status,
        e1_0.student_id,
        s1_0.id,
        s1_0.address,
        s1_0.created_at,
        s1_0.date_of_birth,
        s1_0.email,
        s1_0.first_name,
        s1_0.last_name,
        s1_0.phone,
        s1_0.updated_at,
        e1_0.updated_at 
    from
        enrollments e1_0 
    join
        courses c1_0 
            on c1_0.id=e1_0.course_id 
    join
        students s1_0 
            on s1_0.id=e1_0.student_id 
    limit
        ?, ?
2026-09-25T00:18:45.387+05:30 TRACE 37120 --- [student-management-system] [http-nio-8080-exec-8] org.hibernate.orm.jdbc.bind              : binding parameter (1:INTEGER) <- [0]
2026-09-25T00:18:45.387+05:30 TRACE 37120 --- [student-management-system] [http-nio-8080-exec-8] org.hibernate.orm.jdbc.bind              : binding parameter (2:INTEGER) <- [100]
2026-09-25T00:18:45.387+05:30 TRACE 37120 --- [student-management-system] [http-nio-8080-exec-10] org.hibernate.orm.jdbc.bind              : binding parameter (1:INTEGER) <- [0]
2026-09-25T00:18:45.387+05:30 TRACE 37120 --- [student-management-system] [http-nio-8080-exec-10] org.hibernate.orm.jdbc.bind              : binding parameter (2:INTEGER) <- [100]
2026-09-25T00:18:45.387+05:30 TRACE 37120 --- [student-management-system] [http-nio-8080-exec-5] org.hibernate.orm.jdbc.bind              : binding parameter (1:INTEGER) <- [0]
2026-09-25T00:18:45.387+05:30 TRACE 37120 --- [student-management-system] [http-nio-8080-exec-5] org.hibernate.orm.jdbc.bind              : binding parameter (2:INTEGER) <- [10]
2026-09-25T00:18:46.075+05:30 DEBUG 37120 --- [student-management-system] [http-nio-8080-exec-4] org.hibernate.SQL                        : 
    select
        u1_0.id,
        u1_0.created_at,
        u1_0.password,
        u1_0.role,
        u1_0.updated_at,
        u1_0.username 
    from
        users u1_0 
    where
        u1_0.username=?
2026-09-25T00:18:46.076+05:30 TRACE 37120 --- [student-management-system] [http-nio-8080-exec-4] org.hibernate.orm.jdbc.bind              : binding parameter (1:VARCHAR) <- [admin]
2026-09-25T00:18:46.080+05:30 DEBUG 37120 --- [student-management-system] [http-nio-8080-exec-4] org.hibernate.SQL                        : 
    select
        c1_0.id,
        c1_0.course_code,
        c1_0.course_name,
        c1_0.created_at,
        c1_0.description,
        c1_0.duration,
        c1_0.fees,
        c1_0.updated_at 
    from
        courses c1_0 
    order by
        c1_0.id 
    limit
        ?, ?
2026-09-25T00:18:46.080+05:30 TRACE 37120 --- [student-management-system] [http-nio-8080-exec-4] org.hibernate.orm.jdbc.bind              : binding parameter (1:INTEGER) <- [0]
2026-09-25T00:18:46.081+05:30 TRACE 37120 --- [student-management-system] [http-nio-8080-exec-4] org.hibernate.orm.jdbc.bind              : binding parameter (2:INTEGER) <- [10]
2026-09-25T00:18:46.087+05:30 DEBUG 37120 --- [student-management-system] [http-nio-8080-exec-1] org.hibernate.SQL                        : 
    select
        u1_0.id,
        u1_0.created_at,
        u1_0.password,
        u1_0.role,
        u1_0.updated_at,
        u1_0.username 
    from
        users u1_0 
    where
        u1_0.username=?
2026-09-25T00:18:46.087+05:30 TRACE 37120 --- [student-management-system] [http-nio-8080-exec-1] org.hibernate.orm.jdbc.bind              : binding parameter (1:VARCHAR) <- [admin]
2026-09-25T00:18:46.093+05:30 DEBUG 37120 --- [student-management-system] [http-nio-8080-exec-1] org.hibernate.SQL                        : 
    select
        c1_0.id,
        c1_0.course_code,
        c1_0.course_name,
        c1_0.created_at,
        c1_0.description,
        c1_0.duration,
        c1_0.fees,
        c1_0.updated_at 
    from
        courses c1_0 
    order by
        c1_0.id 
    limit
        ?, ?
2026-09-25T00:18:46.093+05:30 TRACE 37120 --- [student-management-system] [http-nio-8080-exec-1] org.hibernate.orm.jdbc.bind              : binding parameter (1:INTEGER) <- [0]
2026-09-25T00:18:46.093+05:30 TRACE 37120 --- [student-management-system] [http-nio-8080-exec-1] org.hibernate.orm.jdbc.bind              : binding parameter (2:INTEGER) <- [10]
2026-09-25T00:18:46.661+05:30 DEBUG 37120 --- [student-management-system] [http-nio-8080-exec-6] org.hibernate.SQL                        : 
    select
        u1_0.id,
        u1_0.created_at,
        u1_0.password,
        u1_0.role,
        u1_0.updated_at,
        u1_0.username 
    from
        users u1_0 
    where
        u1_0.username=?
2026-09-25T00:18:46.662+05:30 TRACE 37120 --- [student-management-system] [http-nio-8080-exec-6] org.hibernate.orm.jdbc.bind              : binding parameter (1:VARCHAR) <- [admin]
2026-09-25T00:18:46.666+05:30 DEBUG 37120 --- [student-management-system] [http-nio-8080-exec-6] org.hibernate.SQL                        : 
    select
        s1_0.id,
        s1_0.address,
        s1_0.created_at,
        s1_0.date_of_birth,
        s1_0.email,
        s1_0.first_name,
        s1_0.last_name,
        s1_0.phone,
        s1_0.updated_at 
    from
        students s1_0 
    order by
        s1_0.id 
    limit
        ?, ?
2026-09-25T00:18:46.667+05:30 TRACE 37120 --- [student-management-system] [http-nio-8080-exec-6] org.hibernate.orm.jdbc.bind              : binding parameter (1:INTEGER) <- [0]
2026-09-25T00:18:46.667+05:30 TRACE 37120 --- [student-management-system] [http-nio-8080-exec-6] org.hibernate.orm.jdbc.bind              : binding parameter (2:INTEGER) <- [10]
2026-09-25T00:18:46.675+05:30 DEBUG 37120 --- [student-management-system] [http-nio-8080-exec-10] org.hibernate.SQL                        : 
    select
        u1_0.id,
        u1_0.created_at,
        u1_0.password,
        u1_0.role,
        u1_0.updated_at,
        u1_0.username 
    from
        users u1_0 
    where
        u1_0.username=?
2026-09-25T00:18:46.675+05:30 TRACE 37120 --- [student-management-system] [http-nio-8080-exec-10] org.hibernate.orm.jdbc.bind              : binding parameter (1:VARCHAR) <- [admin]
2026-09-25T00:18:46.680+05:30 DEBUG 37120 --- [student-management-system] [http-nio-8080-exec-10] org.hibernate.SQL                        : 
    select
        s1_0.id,
        s1_0.address,
        s1_0.created_at,
        s1_0.date_of_birth,
        s1_0.email,
        s1_0.first_name,
        s1_0.last_name,
        s1_0.phone,
        s1_0.updated_at 
    from
        students s1_0 
    order by
        s1_0.id 
    limit
        ?, ?
2026-09-25T00:18:46.681+05:30 TRACE 37120 --- [student-management-system] [http-nio-8080-exec-10] org.hibernate.orm.jdbc.bind              : binding parameter (1:INTEGER) <- [0]
2026-09-25T00:18:46.681+05:30 TRACE 37120 --- [student-management-system] [http-nio-8080-exec-10] org.hibernate.orm.jdbc.bind              : binding parameter (2:INTEGER) <- [10]
2026-09-25T00:18:53.337+05:30 DEBUG 37120 --- [student-management-system] [http-nio-8080-exec-5] org.hibernate.SQL                        : 
    select
        u1_0.id,
        u1_0.created_at,
        u1_0.password,
        u1_0.role,
        u1_0.updated_at,
        u1_0.username 
    from
        users u1_0 
    where
        u1_0.username=?
2026-09-25T00:18:53.337+05:30 TRACE 37120 --- [student-management-system] [http-nio-8080-exec-5] org.hibernate.orm.jdbc.bind              : binding parameter (1:VARCHAR) <- [admin]
2026-09-25T00:18:53.359+05:30 DEBUG 37120 --- [student-management-system] [http-nio-8080-exec-5] org.hibernate.SQL                        : 
    select
        s1_0.id,
        s1_0.address,
        s1_0.created_at,
        s1_0.date_of_birth,
        s1_0.email,
        s1_0.first_name,
        s1_0.last_name,
        s1_0.phone,
        s1_0.updated_at 
    from
        students s1_0 
    where
        upper(s1_0.first_name) like upper(?) escape '\\' 
    order by
        s1_0.first_name 
    limit
        ?
2026-09-25T00:18:53.360+05:30 TRACE 37120 --- [student-management-system] [http-nio-8080-exec-5] org.hibernate.orm.jdbc.bind              : binding parameter (1:VARCHAR) <- [%Gourav%]
2026-09-25T00:18:53.360+05:30 TRACE 37120 --- [student-management-system] [http-nio-8080-exec-5] org.hibernate.orm.jdbc.bind              : binding parameter (2:INTEGER) <- [10]
2026-09-25T00:18:55.964+05:30 DEBUG 37120 --- [student-management-system] [http-nio-8080-exec-2] org.hibernate.SQL                        : 
    select
        u1_0.id,
        u1_0.created_at,
        u1_0.password,
        u1_0.role,
        u1_0.updated_at,
        u1_0.username 
    from
        users u1_0 
    where
        u1_0.username=?
2026-09-25T00:18:55.965+05:30 TRACE 37120 --- [student-management-system] [http-nio-8080-exec-2] org.hibernate.orm.jdbc.bind              : binding parameter (1:VARCHAR) <- [admin]
2026-09-25T00:18:55.969+05:30 DEBUG 37120 --- [student-management-system] [http-nio-8080-exec-2] org.hibernate.SQL                        : 
    select
        s1_0.id,
        s1_0.address,
        s1_0.created_at,
        s1_0.date_of_birth,
        s1_0.email,
        s1_0.first_name,
        s1_0.last_name,
        s1_0.phone,
        s1_0.updated_at 
    from
        students s1_0 
    order by
        s1_0.id 
    limit
        ?, ?
2026-09-25T00:18:55.969+05:30 TRACE 37120 --- [student-management-system] [http-nio-8080-exec-2] org.hibernate.orm.jdbc.bind              : binding parameter (1:INTEGER) <- [0]
2026-09-25T00:18:55.970+05:30 TRACE 37120 --- [student-management-system] [http-nio-8080-exec-2] org.hibernate.orm.jdbc.bind              : binding parameter (2:INTEGER) <- [10]
2026-09-25T00:19:44.562+05:30 DEBUG 37120 --- [student-management-system] [http-nio-8080-exec-5] org.hibernate.SQL                        : 
    select
        u1_0.id,
        u1_0.created_at,
        u1_0.password,
        u1_0.role,
        u1_0.updated_at,
        u1_0.username 
    from
        users u1_0 
    where
        u1_0.username=?
2026-09-25T00:19:44.562+05:30 DEBUG 37120 --- [student-management-system] [http-nio-8080-exec-3] org.hibernate.SQL                        : 
    select
        u1_0.id,
        u1_0.created_at,
        u1_0.password,
        u1_0.role,
        u1_0.updated_at,
        u1_0.username 
    from
        users u1_0 
    where
        u1_0.username=?
2026-09-25T00:19:44.562+05:30 DEBUG 37120 --- [student-management-system] [http-nio-8080-exec-8] org.hibernate.SQL                        : 
    select
        u1_0.id,
        u1_0.created_at,
        u1_0.password,
        u1_0.role,
        u1_0.updated_at,
        u1_0.username 
    from
        users u1_0 
    where
        u1_0.username=?
2026-09-25T00:19:44.565+05:30 TRACE 37120 --- [student-management-system] [http-nio-8080-exec-5] org.hibernate.orm.jdbc.bind              : binding parameter (1:VARCHAR) <- [admin]
2026-09-25T00:19:44.565+05:30 TRACE 37120 --- [student-management-system] [http-nio-8080-exec-8] org.hibernate.orm.jdbc.bind              : binding parameter (1:VARCHAR) <- [admin]
2026-09-25T00:19:44.565+05:30 TRACE 37120 --- [student-management-system] [http-nio-8080-exec-3] org.hibernate.orm.jdbc.bind              : binding parameter (1:VARCHAR) <- [admin]
2026-09-25T00:19:44.585+05:30 DEBUG 37120 --- [student-management-system] [http-nio-8080-exec-5] org.hibernate.SQL                        : 
    select
        c1_0.id,
        c1_0.course_code,
        c1_0.course_name,
        c1_0.created_at,
        c1_0.description,
        c1_0.duration,
        c1_0.fees,
        c1_0.updated_at 
    from
        courses c1_0 
    order by
        c1_0.id 
    limit
        ?, ?
2026-09-25T00:19:44.585+05:30 DEBUG 37120 --- [student-management-system] [http-nio-8080-exec-3] org.hibernate.SQL                        : 
    select
        s1_0.id,
        s1_0.address,
        s1_0.created_at,
        s1_0.date_of_birth,
        s1_0.email,
        s1_0.first_name,
        s1_0.last_name,
        s1_0.phone,
        s1_0.updated_at 
    from
        students s1_0 
    order by
        s1_0.id 
    limit
        ?, ?
2026-09-25T00:19:44.585+05:30 DEBUG 37120 --- [student-management-system] [http-nio-8080-exec-8] org.hibernate.SQL                        : 
    select
        e1_0.id,
        e1_0.course_id,
        c1_0.id,
        c1_0.course_code,
        c1_0.course_name,
        c1_0.created_at,
        c1_0.description,
        c1_0.duration,
        c1_0.fees,
        c1_0.updated_at,
        e1_0.created_at,
        e1_0.enrollment_date,
        e1_0.status,
        e1_0.student_id,
        s1_0.id,
        s1_0.address,
        s1_0.created_at,
        s1_0.date_of_birth,
        s1_0.email,
        s1_0.first_name,
        s1_0.last_name,
        s1_0.phone,
        s1_0.updated_at,
        e1_0.updated_at 
    from
        enrollments e1_0 
    join
        courses c1_0 
            on c1_0.id=e1_0.course_id 
    join
        students s1_0 
            on s1_0.id=e1_0.student_id 
    limit
        ?, ?
2026-09-25T00:19:44.585+05:30 TRACE 37120 --- [student-management-system] [http-nio-8080-exec-5] org.hibernate.orm.jdbc.bind              : binding parameter (1:INTEGER) <- [0]
2026-09-25T00:19:44.585+05:30 TRACE 37120 --- [student-management-system] [http-nio-8080-exec-3] org.hibernate.orm.jdbc.bind              : binding parameter (1:INTEGER) <- [0]
2026-09-25T00:19:44.585+05:30 TRACE 37120 --- [student-management-system] [http-nio-8080-exec-5] org.hibernate.orm.jdbc.bind              : binding parameter (2:INTEGER) <- [100]
2026-09-25T00:19:44.585+05:30 TRACE 37120 --- [student-management-system] [http-nio-8080-exec-3] org.hibernate.orm.jdbc.bind              : binding parameter (2:INTEGER) <- [100]
2026-09-25T00:19:44.586+05:30 TRACE 37120 --- [student-management-system] [http-nio-8080-exec-8] org.hibernate.orm.jdbc.bind              : binding parameter (1:INTEGER) <- [0]
2026-09-25T00:19:44.586+05:30 TRACE 37120 --- [student-management-system] [http-nio-8080-exec-8] org.hibernate.orm.jdbc.bind              : binding parameter (2:INTEGER) <- [10]
2026-09-25T00:19:44.599+05:30 DEBUG 37120 --- [student-management-system] [http-nio-8080-exec-6] org.hibernate.SQL                        : 
    select
        u1_0.id,
        u1_0.created_at,
        u1_0.password,
        u1_0.role,
        u1_0.updated_at,
        u1_0.username 
    from
        users u1_0 
    where
        u1_0.username=?
2026-09-25T00:19:44.599+05:30 DEBUG 37120 --- [student-management-system] [http-nio-8080-exec-2] org.hibernate.SQL                        : 
    select
        u1_0.id,
        u1_0.created_at,
        u1_0.password,
        u1_0.role,
        u1_0.updated_at,
        u1_0.username 
    from
        users u1_0 
    where
        u1_0.username=?
2026-09-25T00:19:44.599+05:30 TRACE 37120 --- [student-management-system] [http-nio-8080-exec-6] org.hibernate.orm.jdbc.bind              : binding parameter (1:VARCHAR) <- [admin]
2026-09-25T00:19:44.600+05:30 DEBUG 37120 --- [student-management-system] [http-nio-8080-exec-1] org.hibernate.SQL                        : 
    select
        u1_0.id,
        u1_0.created_at,
        u1_0.password,
        u1_0.role,
        u1_0.updated_at,
        u1_0.username 
    from
        users u1_0 
    where
        u1_0.username=?
2026-09-25T00:19:44.600+05:30 TRACE 37120 --- [student-management-system] [http-nio-8080-exec-2] org.hibernate.orm.jdbc.bind              : binding parameter (1:VARCHAR) <- [admin]
2026-09-25T00:19:44.600+05:30 TRACE 37120 --- [student-management-system] [http-nio-8080-exec-1] org.hibernate.orm.jdbc.bind              : binding parameter (1:VARCHAR) <- [admin]
2026-09-25T00:19:44.605+05:30 DEBUG 37120 --- [student-management-system] [http-nio-8080-exec-2] org.hibernate.SQL                        : 
    select
        c1_0.id,
        c1_0.course_code,
        c1_0.course_name,
        c1_0.created_at,
        c1_0.description,
        c1_0.duration,
        c1_0.fees,
        c1_0.updated_at 
    from
        courses c1_0 
    order by
        c1_0.id 
    limit
        ?, ?
2026-09-25T00:19:44.605+05:30 DEBUG 37120 --- [student-management-system] [http-nio-8080-exec-1] org.hibernate.SQL                        : 
    select
        e1_0.id,
        e1_0.course_id,
        c1_0.id,
        c1_0.course_code,
        c1_0.course_name,
        c1_0.created_at,
        c1_0.description,
        c1_0.duration,
        c1_0.fees,
        c1_0.updated_at,
        e1_0.created_at,
        e1_0.enrollment_date,
        e1_0.status,
        e1_0.student_id,
        s1_0.id,
        s1_0.address,
        s1_0.created_at,
        s1_0.date_of_birth,
        s1_0.email,
        s1_0.first_name,
        s1_0.last_name,
        s1_0.phone,
        s1_0.updated_at,
        e1_0.updated_at 
    from
        enrollments e1_0 
    join
        courses c1_0 
            on c1_0.id=e1_0.course_id 
    join
        students s1_0 
            on s1_0.id=e1_0.student_id 
    limit
        ?, ?
2026-09-25T00:19:44.605+05:30 DEBUG 37120 --- [student-management-system] [http-nio-8080-exec-6] org.hibernate.SQL                        : 
    select
        s1_0.id,
        s1_0.address,
        s1_0.created_at,
        s1_0.date_of_birth,
        s1_0.email,
        s1_0.first_name,
        s1_0.last_name,
        s1_0.phone,
        s1_0.updated_at 
    from
        students s1_0 
    order by
        s1_0.id 
    limit
        ?, ?
2026-09-25T00:19:44.605+05:30 TRACE 37120 --- [student-management-system] [http-nio-8080-exec-2] org.hibernate.orm.jdbc.bind              : binding parameter (1:INTEGER) <- [0]
2026-09-25T00:19:44.605+05:30 TRACE 37120 --- [student-management-system] [http-nio-8080-exec-2] org.hibernate.orm.jdbc.bind              : binding parameter (2:INTEGER) <- [100]
2026-09-25T00:19:44.605+05:30 TRACE 37120 --- [student-management-system] [http-nio-8080-exec-1] org.hibernate.orm.jdbc.bind              : binding parameter (1:INTEGER) <- [0]
2026-09-25T00:19:44.605+05:30 TRACE 37120 --- [student-management-system] [http-nio-8080-exec-1] org.hibernate.orm.jdbc.bind              : binding parameter (2:INTEGER) <- [10]
2026-09-25T00:19:44.605+05:30 TRACE 37120 --- [student-management-system] [http-nio-8080-exec-6] org.hibernate.orm.jdbc.bind              : binding parameter (1:INTEGER) <- [0]
2026-09-25T00:19:44.605+05:30 TRACE 37120 --- [student-management-system] [http-nio-8080-exec-6] org.hibernate.orm.jdbc.bind              : binding parameter (2:INTEGER) <- [100]
2026-09-25T00:19:46.981+05:30 DEBUG 37120 --- [student-management-system] [http-nio-8080-exec-10] org.hibernate.SQL                        : 
    select
        u1_0.id,
        u1_0.created_at,
        u1_0.password,
        u1_0.role,
        u1_0.updated_at,
        u1_0.username 
    from
        users u1_0 
    where
        u1_0.username=?
2026-09-25T00:19:46.982+05:30 TRACE 37120 --- [student-management-system] [http-nio-8080-exec-10] org.hibernate.orm.jdbc.bind              : binding parameter (1:VARCHAR) <- [admin]
2026-09-25T00:19:46.987+05:30 DEBUG 37120 --- [student-management-system] [http-nio-8080-exec-10] org.hibernate.SQL                        : 
    select
        e1_0.id,
        e1_0.course_id,
        e1_0.created_at,
        e1_0.enrollment_date,
        e1_0.status,
        e1_0.student_id,
        e1_0.updated_at 
    from
        enrollments e1_0 
    where
        e1_0.id=?
2026-09-25T00:19:46.988+05:30 TRACE 37120 --- [student-management-system] [http-nio-8080-exec-10] org.hibernate.orm.jdbc.bind              : binding parameter (1:BIGINT) <- [1]
2026-09-25T00:19:46.998+05:30 DEBUG 37120 --- [student-management-system] [http-nio-8080-exec-10] org.hibernate.SQL                        : 
    select
        s1_0.id,
        s1_0.address,
        s1_0.created_at,
        s1_0.date_of_birth,
        s1_0.email,
        s1_0.first_name,
        s1_0.last_name,
        s1_0.phone,
        s1_0.updated_at 
    from
        students s1_0 
    where
        s1_0.id=?
2026-09-25T00:19:46.999+05:30 TRACE 37120 --- [student-management-system] [http-nio-8080-exec-10] org.hibernate.orm.jdbc.bind              : binding parameter (1:BIGINT) <- [1]
2026-09-25T00:19:47.013+05:30 DEBUG 37120 --- [student-management-system] [http-nio-8080-exec-10] org.hibernate.SQL                        : 
    select
        c1_0.id,
        c1_0.course_code,
        c1_0.course_name,
        c1_0.created_at,
        c1_0.description,
        c1_0.duration,
        c1_0.fees,
        c1_0.updated_at 
    from
        courses c1_0 
    where
        c1_0.id=?
2026-09-25T00:19:47.013+05:30 TRACE 37120 --- [student-management-system] [http-nio-8080-exec-10] org.hibernate.orm.jdbc.bind              : binding parameter (1:BIGINT) <- [1]
2026-09-25T00:19:50.430+05:30 DEBUG 37120 --- [student-management-system] [http-nio-8080-exec-4] org.hibernate.SQL                        : 
    select
        u1_0.id,
        u1_0.created_at,
        u1_0.password,
        u1_0.role,
        u1_0.updated_at,
        u1_0.username 
    from
        users u1_0 
    where
        u1_0.username=?
2026-09-25T00:19:50.431+05:30 TRACE 37120 --- [student-management-system] [http-nio-8080-exec-4] org.hibernate.orm.jdbc.bind              : binding parameter (1:VARCHAR) <- [admin]
2026-09-25T00:19:50.435+05:30 DEBUG 37120 --- [student-management-system] [http-nio-8080-exec-4] org.hibernate.SQL                        : 
    select
        e1_0.id,
        e1_0.course_id,
        e1_0.created_at,
        e1_0.enrollment_date,
        e1_0.status,
        e1_0.student_id,
        e1_0.updated_at 
    from
        enrollments e1_0 
    where
        e1_0.id=?
2026-09-25T00:19:50.435+05:30 TRACE 37120 --- [student-management-system] [http-nio-8080-exec-4] org.hibernate.orm.jdbc.bind              : binding parameter (1:BIGINT) <- [1]
2026-09-25T00:19:50.436+05:30 DEBUG 37120 --- [student-management-system] [http-nio-8080-exec-4] org.hibernate.SQL                        : 
    select
        s1_0.id,
        s1_0.address,
        s1_0.created_at,
        s1_0.date_of_birth,
        s1_0.email,
        s1_0.first_name,
        s1_0.last_name,
        s1_0.phone,
        s1_0.updated_at 
    from
        students s1_0 
    where
        s1_0.id=?
2026-09-25T00:19:50.436+05:30 TRACE 37120 --- [student-management-system] [http-nio-8080-exec-4] org.hibernate.orm.jdbc.bind              : binding parameter (1:BIGINT) <- [1]
2026-09-25T00:19:50.437+05:30 DEBUG 37120 --- [student-management-system] [http-nio-8080-exec-4] org.hibernate.SQL                        : 
    select
        c1_0.id,
        c1_0.course_code,
        c1_0.course_name,
        c1_0.created_at,
        c1_0.description,
        c1_0.duration,
        c1_0.fees,
        c1_0.updated_at 
    from
        courses c1_0 
    where
        c1_0.id=?
2026-09-25T00:19:50.437+05:30 TRACE 37120 --- [student-management-system] [http-nio-8080-exec-4] org.hibernate.orm.jdbc.bind              : binding parameter (1:BIGINT) <- [1]
2026-09-25T00:19:50.444+05:30 DEBUG 37120 --- [student-management-system] [http-nio-8080-exec-4] org.hibernate.SQL                        : 
    update
        enrollments 
    set
        course_id=?,
        enrollment_date=?,
        status=?,
        student_id=?,
        updated_at=? 
    where
        id=?
2026-09-25T00:19:50.444+05:30 TRACE 37120 --- [student-management-system] [http-nio-8080-exec-4] org.hibernate.orm.jdbc.bind              : binding parameter (1:BIGINT) <- [1]
2026-09-25T00:19:50.444+05:30 TRACE 37120 --- [student-management-system] [http-nio-8080-exec-4] org.hibernate.orm.jdbc.bind              : binding parameter (2:DATE) <- [2026-09-24]
2026-09-25T00:19:50.445+05:30 TRACE 37120 --- [student-management-system] [http-nio-8080-exec-4] org.hibernate.orm.jdbc.bind              : binding parameter (3:ENUM) <- [ACTIVE]
2026-09-25T00:19:50.445+05:30 TRACE 37120 --- [student-management-system] [http-nio-8080-exec-4] org.hibernate.orm.jdbc.bind              : binding parameter (4:BIGINT) <- [1]
2026-09-25T00:19:50.445+05:30 TRACE 37120 --- [student-management-system] [http-nio-8080-exec-4] org.hibernate.orm.jdbc.bind              : binding parameter (5:TIMESTAMP) <- [2026-09-25T00:19:50.438032]
2026-09-25T00:19:50.445+05:30 TRACE 37120 --- [student-management-system] [http-nio-8080-exec-4] org.hibernate.orm.jdbc.bind              : binding parameter (6:BIGINT) <- [1]
2026-09-25T00:19:50.468+05:30 DEBUG 37120 --- [student-management-system] [http-nio-8080-exec-5] org.hibernate.SQL                        : 
    select
        u1_0.id,
        u1_0.created_at,
        u1_0.password,
        u1_0.role,
        u1_0.updated_at,
        u1_0.username 
    from
        users u1_0 
    where
        u1_0.username=?
2026-09-25T00:19:50.468+05:30 TRACE 37120 --- [student-management-system] [http-nio-8080-exec-5] org.hibernate.orm.jdbc.bind              : binding parameter (1:VARCHAR) <- [admin]
2026-09-25T00:19:50.472+05:30 DEBUG 37120 --- [student-management-system] [http-nio-8080-exec-5] org.hibernate.SQL                        : 
    select
        e1_0.id,
        e1_0.course_id,
        c1_0.id,
        c1_0.course_code,
        c1_0.course_name,
        c1_0.created_at,
        c1_0.description,
        c1_0.duration,
        c1_0.fees,
        c1_0.updated_at,
        e1_0.created_at,
        e1_0.enrollment_date,
        e1_0.status,
        e1_0.student_id,
        s1_0.id,
        s1_0.address,
        s1_0.created_at,
        s1_0.date_of_birth,
        s1_0.email,
        s1_0.first_name,
        s1_0.last_name,
        s1_0.phone,
        s1_0.updated_at,
        e1_0.updated_at 
    from
        enrollments e1_0 
    join
        courses c1_0 
            on c1_0.id=e1_0.course_id 
    join
        students s1_0 
            on s1_0.id=e1_0.student_id 
    limit
        ?, ?
2026-09-25T00:19:50.472+05:30 TRACE 37120 --- [student-management-system] [http-nio-8080-exec-5] org.hibernate.orm.jdbc.bind              : binding parameter (1:INTEGER) <- [0]
2026-09-25T00:19:50.472+05:30 TRACE 37120 --- [student-management-system] [http-nio-8080-exec-5] org.hibernate.orm.jdbc.bind              : binding parameter (2:INTEGER) <- [10]
2026-09-25T00:21:22.579+05:30 DEBUG 37120 --- [student-management-system] [http-nio-8080-exec-4] org.hibernate.SQL                        : 
    select
        u1_0.id,
        u1_0.created_at,
        u1_0.password,
        u1_0.role,
        u1_0.updated_at,
        u1_0.username 
    from
        users u1_0 
    where
        u1_0.username=?
2026-09-25T00:21:22.580+05:30 TRACE 37120 --- [student-management-system] [http-nio-8080-exec-4] org.hibernate.orm.jdbc.bind              : binding parameter (1:VARCHAR) <- [admin]
2026-09-25T00:21:22.988+05:30 DEBUG 37120 --- [student-management-system] [http-nio-8080-exec-1] org.hibernate.SQL                        : 
    select
        u1_0.id,
        u1_0.created_at,
        u1_0.password,
        u1_0.role,
        u1_0.updated_at,
        u1_0.username 
    from
        users u1_0 
    where
        u1_0.username=?
2026-09-25T00:21:22.989+05:30 TRACE 37120 --- [student-management-system] [http-nio-8080-exec-1] org.hibernate.orm.jdbc.bind              : binding parameter (1:VARCHAR) <- [admin]
2026-09-25T00:21:22.989+05:30 DEBUG 37120 --- [student-management-system] [http-nio-8080-exec-2] org.hibernate.SQL                        : 
    select
        u1_0.id,
        u1_0.created_at,
        u1_0.password,
        u1_0.role,
        u1_0.updated_at,
        u1_0.username 
    from
        users u1_0 
    where
        u1_0.username=?
2026-09-25T00:21:22.989+05:30 DEBUG 37120 --- [student-management-system] [http-nio-8080-exec-9] org.hibernate.SQL                        : 
    select
        u1_0.id,
        u1_0.created_at,
        u1_0.password,
        u1_0.role,
        u1_0.updated_at,
        u1_0.username 
    from
        users u1_0 
    where
        u1_0.username=?
2026-09-25T00:21:22.989+05:30 TRACE 37120 --- [student-management-system] [http-nio-8080-exec-2] org.hibernate.orm.jdbc.bind              : binding parameter (1:VARCHAR) <- [admin]
2026-09-25T00:21:22.989+05:30 TRACE 37120 --- [student-management-system] [http-nio-8080-exec-9] org.hibernate.orm.jdbc.bind              : binding parameter (1:VARCHAR) <- [admin]
2026-09-25T00:21:23.001+05:30 DEBUG 37120 --- [student-management-system] [http-nio-8080-exec-9] org.hibernate.SQL                        : 
    select
        s1_0.id,
        s1_0.address,
        s1_0.created_at,
        s1_0.date_of_birth,
        s1_0.email,
        s1_0.first_name,
        s1_0.last_name,
        s1_0.phone,
        s1_0.updated_at 
    from
        students s1_0 
    order by
        s1_0.id 
    limit
        ?, ?
2026-09-25T00:21:23.001+05:30 DEBUG 37120 --- [student-management-system] [http-nio-8080-exec-1] org.hibernate.SQL                        : 
    select
        e1_0.id,
        e1_0.course_id,
        c1_0.id,
        c1_0.course_code,
        c1_0.course_name,
        c1_0.created_at,
        c1_0.description,
        c1_0.duration,
        c1_0.fees,
        c1_0.updated_at,
        e1_0.created_at,
        e1_0.enrollment_date,
        e1_0.status,
        e1_0.student_id,
        s1_0.id,
        s1_0.address,
        s1_0.created_at,
        s1_0.date_of_birth,
        s1_0.email,
        s1_0.first_name,
        s1_0.last_name,
        s1_0.phone,
        s1_0.updated_at,
        e1_0.updated_at 
    from
        enrollments e1_0 
    join
        courses c1_0 
            on c1_0.id=e1_0.course_id 
    join
        students s1_0 
            on s1_0.id=e1_0.student_id 
    limit
        ?, ?
2026-09-25T00:21:23.001+05:30 DEBUG 37120 --- [student-management-system] [http-nio-8080-exec-2] org.hibernate.SQL                        : 
    select
        c1_0.id,
        c1_0.course_code,
        c1_0.course_name,
        c1_0.created_at,
        c1_0.description,
        c1_0.duration,
        c1_0.fees,
        c1_0.updated_at 
    from
        courses c1_0 
    order by
        c1_0.id 
    limit
        ?, ?
2026-09-25T00:21:23.001+05:30 TRACE 37120 --- [student-management-system] [http-nio-8080-exec-1] org.hibernate.orm.jdbc.bind              : binding parameter (1:INTEGER) <- [0]
2026-09-25T00:21:23.001+05:30 TRACE 37120 --- [student-management-system] [http-nio-8080-exec-9] org.hibernate.orm.jdbc.bind              : binding parameter (1:INTEGER) <- [0]
2026-09-25T00:21:23.001+05:30 TRACE 37120 --- [student-management-system] [http-nio-8080-exec-2] org.hibernate.orm.jdbc.bind              : binding parameter (1:INTEGER) <- [0]
2026-09-25T00:21:23.001+05:30 TRACE 37120 --- [student-management-system] [http-nio-8080-exec-1] org.hibernate.orm.jdbc.bind              : binding parameter (2:INTEGER) <- [100]
2026-09-25T00:21:23.001+05:30 TRACE 37120 --- [student-management-system] [http-nio-8080-exec-9] org.hibernate.orm.jdbc.bind              : binding parameter (2:INTEGER) <- [1]
2026-09-25T00:21:23.001+05:30 TRACE 37120 --- [student-management-system] [http-nio-8080-exec-2] org.hibernate.orm.jdbc.bind              : binding parameter (2:INTEGER) <- [1]
2026-09-25T00:21:23.005+05:30 DEBUG 37120 --- [student-management-system] [http-nio-8080-exec-9] org.hibernate.SQL                        : 
    select
        count(s1_0.id) 
    from
        students s1_0
2026-09-25T00:21:23.005+05:30 DEBUG 37120 --- [student-management-system] [http-nio-8080-exec-2] org.hibernate.SQL                        : 
    select
        count(c1_0.id) 
    from
        courses c1_0
2026-09-25T00:21:23.012+05:30 DEBUG 37120 --- [student-management-system] [http-nio-8080-exec-5] org.hibernate.SQL                        : 
    select
        u1_0.id,
        u1_0.created_at,
        u1_0.password,
        u1_0.role,
        u1_0.updated_at,
        u1_0.username 
    from
        users u1_0 
    where
        u1_0.username=?
2026-09-25T00:21:23.012+05:30 DEBUG 37120 --- [student-management-system] [http-nio-8080-exec-4] org.hibernate.SQL                        : 
    select
        u1_0.id,
        u1_0.created_at,
        u1_0.password,
        u1_0.role,
        u1_0.updated_at,
        u1_0.username 
    from
        users u1_0 
    where
        u1_0.username=?
2026-09-25T00:21:23.012+05:30 TRACE 37120 --- [student-management-system] [http-nio-8080-exec-5] org.hibernate.orm.jdbc.bind              : binding parameter (1:VARCHAR) <- [admin]
2026-09-25T00:21:23.012+05:30 TRACE 37120 --- [student-management-system] [http-nio-8080-exec-4] org.hibernate.orm.jdbc.bind              : binding parameter (1:VARCHAR) <- [admin]
2026-09-25T00:21:23.016+05:30 DEBUG 37120 --- [student-management-system] [http-nio-8080-exec-9] org.hibernate.SQL                        : 
    select
        u1_0.id,
        u1_0.created_at,
        u1_0.password,
        u1_0.role,
        u1_0.updated_at,
        u1_0.username 
    from
        users u1_0 
    where
        u1_0.username=?
2026-09-25T00:21:23.016+05:30 TRACE 37120 --- [student-management-system] [http-nio-8080-exec-9] org.hibernate.orm.jdbc.bind              : binding parameter (1:VARCHAR) <- [admin]
2026-09-25T00:21:23.017+05:30 DEBUG 37120 --- [student-management-system] [http-nio-8080-exec-4] org.hibernate.SQL                        : 
    select
        c1_0.id,
        c1_0.course_code,
        c1_0.course_name,
        c1_0.created_at,
        c1_0.description,
        c1_0.duration,
        c1_0.fees,
        c1_0.updated_at 
    from
        courses c1_0 
    order by
        c1_0.id 
    limit
        ?, ?
2026-09-25T00:21:23.017+05:30 TRACE 37120 --- [student-management-system] [http-nio-8080-exec-4] org.hibernate.orm.jdbc.bind              : binding parameter (1:INTEGER) <- [0]
2026-09-25T00:21:23.017+05:30 TRACE 37120 --- [student-management-system] [http-nio-8080-exec-4] org.hibernate.orm.jdbc.bind              : binding parameter (2:INTEGER) <- [1]
2026-09-25T00:21:23.018+05:30 DEBUG 37120 --- [student-management-system] [http-nio-8080-exec-9] org.hibernate.SQL                        : 
    select
        s1_0.id,
        s1_0.address,
        s1_0.created_at,
        s1_0.date_of_birth,
        s1_0.email,
        s1_0.first_name,
        s1_0.last_name,
        s1_0.phone,
        s1_0.updated_at 
    from
        students s1_0 
    order by
        s1_0.id 
    limit
        ?, ?
2026-09-25T00:21:23.018+05:30 DEBUG 37120 --- [student-management-system] [http-nio-8080-exec-5] org.hibernate.SQL                        : 
    select
        e1_0.id,
        e1_0.course_id,
        c1_0.id,
        c1_0.course_code,
        c1_0.course_name,
        c1_0.created_at,
        c1_0.description,
        c1_0.duration,
        c1_0.fees,
        c1_0.updated_at,
        e1_0.created_at,
        e1_0.enrollment_date,
        e1_0.status,
        e1_0.student_id,
        s1_0.id,
        s1_0.address,
        s1_0.created_at,
        s1_0.date_of_birth,
        s1_0.email,
        s1_0.first_name,
        s1_0.last_name,
        s1_0.phone,
        s1_0.updated_at,
        e1_0.updated_at 
    from
        enrollments e1_0 
    join
        courses c1_0 
            on c1_0.id=e1_0.course_id 
    join
        students s1_0 
            on s1_0.id=e1_0.student_id 
    limit
        ?, ?
2026-09-25T00:21:23.018+05:30 TRACE 37120 --- [student-management-system] [http-nio-8080-exec-9] org.hibernate.orm.jdbc.bind              : binding parameter (1:INTEGER) <- [0]
2026-09-25T00:21:23.018+05:30 TRACE 37120 --- [student-management-system] [http-nio-8080-exec-9] org.hibernate.orm.jdbc.bind              : binding parameter (2:INTEGER) <- [1]
2026-09-25T00:21:23.018+05:30 TRACE 37120 --- [student-management-system] [http-nio-8080-exec-5] org.hibernate.orm.jdbc.bind              : binding parameter (1:INTEGER) <- [0]
2026-09-25T00:21:23.018+05:30 TRACE 37120 --- [student-management-system] [http-nio-8080-exec-5] org.hibernate.orm.jdbc.bind              : binding parameter (2:INTEGER) <- [100]
2026-09-25T00:21:23.019+05:30 DEBUG 37120 --- [student-management-system] [http-nio-8080-exec-4] org.hibernate.SQL                        : 
    select
        count(c1_0.id) 
    from
        courses c1_0
2026-09-25T00:21:23.019+05:30 DEBUG 37120 --- [student-management-system] [http-nio-8080-exec-9] org.hibernate.SQL                        : 
    select
        count(s1_0.id) 
    from
        students s1_0
2026-09-25T00:22:23.089+05:30 DEBUG 37120 --- [student-management-system] [http-nio-8080-exec-9] org.hibernate.SQL                        : 
    select
        u1_0.id,
        u1_0.created_at,
        u1_0.password,
        u1_0.role,
        u1_0.updated_at,
        u1_0.username 
    from
        users u1_0 
    where
        u1_0.username=?
2026-09-25T00:22:23.089+05:30 DEBUG 37120 --- [student-management-system] [http-nio-8080-exec-5] org.hibernate.SQL                        : 
    select
        u1_0.id,
        u1_0.created_at,
        u1_0.password,
        u1_0.role,
        u1_0.updated_at,
        u1_0.username 
    from
        users u1_0 
    where
        u1_0.username=?
2026-09-25T00:22:23.089+05:30 DEBUG 37120 --- [student-management-system] [http-nio-8080-exec-3] org.hibernate.SQL                        : 
    select
        u1_0.id,
        u1_0.created_at,
        u1_0.password,
        u1_0.role,
        u1_0.updated_at,
        u1_0.username 
    from
        users u1_0 
    where
        u1_0.username=?
2026-09-25T00:22:23.090+05:30 TRACE 37120 --- [student-management-system] [http-nio-8080-exec-3] org.hibernate.orm.jdbc.bind              : binding parameter (1:VARCHAR) <- [admin]
2026-09-25T00:22:23.090+05:30 TRACE 37120 --- [student-management-system] [http-nio-8080-exec-5] org.hibernate.orm.jdbc.bind              : binding parameter (1:VARCHAR) <- [admin]
2026-09-25T00:22:23.090+05:30 TRACE 37120 --- [student-management-system] [http-nio-8080-exec-9] org.hibernate.orm.jdbc.bind              : binding parameter (1:VARCHAR) <- [admin]
2026-09-25T00:22:23.156+05:30 DEBUG 37120 --- [student-management-system] [http-nio-8080-exec-3] org.hibernate.SQL                        : 
    select
        c1_0.id,
        c1_0.course_code,
        c1_0.course_name,
        c1_0.created_at,
        c1_0.description,
        c1_0.duration,
        c1_0.fees,
        c1_0.updated_at 
    from
        courses c1_0 
    order by
        c1_0.id 
    limit
        ?, ?
2026-09-25T00:22:23.156+05:30 DEBUG 37120 --- [student-management-system] [http-nio-8080-exec-5] org.hibernate.SQL                        : 
    select
        s1_0.id,
        s1_0.address,
        s1_0.created_at,
        s1_0.date_of_birth,
        s1_0.email,
        s1_0.first_name,
        s1_0.last_name,
        s1_0.phone,
        s1_0.updated_at 
    from
        students s1_0 
    order by
        s1_0.id 
    limit
        ?, ?
2026-09-25T00:22:23.157+05:30 TRACE 37120 --- [student-management-system] [http-nio-8080-exec-5] org.hibernate.orm.jdbc.bind              : binding parameter (1:INTEGER) <- [0]
2026-09-25T00:22:23.157+05:30 DEBUG 37120 --- [student-management-system] [http-nio-8080-exec-9] org.hibernate.SQL                        : 
    select
        e1_0.id,
        e1_0.course_id,
        c1_0.id,
        c1_0.course_code,
        c1_0.course_name,
        c1_0.created_at,
        c1_0.description,
        c1_0.duration,
        c1_0.fees,
        c1_0.updated_at,
        e1_0.created_at,
        e1_0.enrollment_date,
        e1_0.status,
        e1_0.student_id,
        s1_0.id,
        s1_0.address,
        s1_0.created_at,
        s1_0.date_of_birth,
        s1_0.email,
        s1_0.first_name,
        s1_0.last_name,
        s1_0.phone,
        s1_0.updated_at,
        e1_0.updated_at 
    from
        enrollments e1_0 
    join
        courses c1_0 
            on c1_0.id=e1_0.course_id 
    join
        students s1_0 
            on s1_0.id=e1_0.student_id 
    limit
        ?, ?
2026-09-25T00:22:23.157+05:30 TRACE 37120 --- [student-management-system] [http-nio-8080-exec-3] org.hibernate.orm.jdbc.bind              : binding parameter (1:INTEGER) <- [0]
2026-09-25T00:22:23.157+05:30 TRACE 37120 --- [student-management-system] [http-nio-8080-exec-3] org.hibernate.orm.jdbc.bind              : binding parameter (2:INTEGER) <- [1]
2026-09-25T00:22:23.157+05:30 TRACE 37120 --- [student-management-system] [http-nio-8080-exec-5] org.hibernate.orm.jdbc.bind              : binding parameter (2:INTEGER) <- [1]
2026-09-25T00:22:23.157+05:30 TRACE 37120 --- [student-management-system] [http-nio-8080-exec-9] org.hibernate.orm.jdbc.bind              : binding parameter (1:INTEGER) <- [0]
2026-09-25T00:22:23.157+05:30 TRACE 37120 --- [student-management-system] [http-nio-8080-exec-9] org.hibernate.orm.jdbc.bind              : binding parameter (2:INTEGER) <- [100]
2026-09-25T00:22:23.163+05:30 DEBUG 37120 --- [student-management-system] [http-nio-8080-exec-3] org.hibernate.SQL                        : 
    select
        count(c1_0.id) 
    from
        courses c1_0
2026-09-25T00:22:23.163+05:30 DEBUG 37120 --- [student-management-system] [http-nio-8080-exec-5] org.hibernate.SQL                        : 
    select
        count(s1_0.id) 
    from
        students s1_0
2026-09-25T00:22:23.168+05:30 DEBUG 37120 --- [student-management-system] [http-nio-8080-exec-10] org.hibernate.SQL                        : 
    select
        u1_0.id,
        u1_0.created_at,
        u1_0.password,
        u1_0.role,
        u1_0.updated_at,
        u1_0.username 
    from
        users u1_0 
    where
        u1_0.username=?
2026-09-25T00:22:23.168+05:30 DEBUG 37120 --- [student-management-system] [http-nio-8080-exec-4] org.hibernate.SQL                        : 
    select
        u1_0.id,
        u1_0.created_at,
        u1_0.password,
        u1_0.role,
        u1_0.updated_at,
        u1_0.username 
    from
        users u1_0 
    where
        u1_0.username=?
2026-09-25T00:22:23.168+05:30 DEBUG 37120 --- [student-management-system] [http-nio-8080-exec-1] org.hibernate.SQL                        : 
    select
        u1_0.id,
        u1_0.created_at,
        u1_0.password,
        u1_0.role,
        u1_0.updated_at,
        u1_0.username 
    from
        users u1_0 
    where
        u1_0.username=?
2026-09-25T00:22:23.168+05:30 TRACE 37120 --- [student-management-system] [http-nio-8080-exec-10] org.hibernate.orm.jdbc.bind              : binding parameter (1:VARCHAR) <- [admin]
2026-09-25T00:22:23.169+05:30 TRACE 37120 --- [student-management-system] [http-nio-8080-exec-1] org.hibernate.orm.jdbc.bind              : binding parameter (1:VARCHAR) <- [admin]
2026-09-25T00:22:23.168+05:30 TRACE 37120 --- [student-management-system] [http-nio-8080-exec-4] org.hibernate.orm.jdbc.bind              : binding parameter (1:VARCHAR) <- [admin]
2026-09-25T00:22:23.174+05:30 DEBUG 37120 --- [student-management-system] [http-nio-8080-exec-1] org.hibernate.SQL                        : 
    select
        c1_0.id,
        c1_0.course_code,
        c1_0.course_name,
        c1_0.created_at,
        c1_0.description,
        c1_0.duration,
        c1_0.fees,
        c1_0.updated_at 
    from
        courses c1_0 
    order by
        c1_0.id 
    limit
        ?, ?
2026-09-25T00:22:23.174+05:30 DEBUG 37120 --- [student-management-system] [http-nio-8080-exec-4] org.hibernate.SQL                        : 
    select
        s1_0.id,
        s1_0.address,
        s1_0.created_at,
        s1_0.date_of_birth,
        s1_0.email,
        s1_0.first_name,
        s1_0.last_name,
        s1_0.phone,
        s1_0.updated_at 
    from
        students s1_0 
    order by
        s1_0.id 
    limit
        ?, ?
2026-09-25T00:22:23.175+05:30 TRACE 37120 --- [student-management-system] [http-nio-8080-exec-1] org.hibernate.orm.jdbc.bind              : binding parameter (1:INTEGER) <- [0]
2026-09-25T00:22:23.175+05:30 TRACE 37120 --- [student-management-system] [http-nio-8080-exec-1] org.hibernate.orm.jdbc.bind              : binding parameter (2:INTEGER) <- [1]
2026-09-25T00:22:23.175+05:30 TRACE 37120 --- [student-management-system] [http-nio-8080-exec-4] org.hibernate.orm.jdbc.bind              : binding parameter (1:INTEGER) <- [0]
2026-09-25T00:22:23.175+05:30 TRACE 37120 --- [student-management-system] [http-nio-8080-exec-4] org.hibernate.orm.jdbc.bind              : binding parameter (2:INTEGER) <- [1]
2026-09-25T00:22:23.175+05:30 DEBUG 37120 --- [student-management-system] [http-nio-8080-exec-10] org.hibernate.SQL                        : 
    select
        e1_0.id,
        e1_0.course_id,
        c1_0.id,
        c1_0.course_code,
        c1_0.course_name,
        c1_0.created_at,
        c1_0.description,
        c1_0.duration,
        c1_0.fees,
        c1_0.updated_at,
        e1_0.created_at,
        e1_0.enrollment_date,
        e1_0.status,
        e1_0.student_id,
        s1_0.id,
        s1_0.address,
        s1_0.created_at,
        s1_0.date_of_birth,
        s1_0.email,
        s1_0.first_name,
        s1_0.last_name,
        s1_0.phone,
        s1_0.updated_at,
        e1_0.updated_at 
    from
        enrollments e1_0 
    join
        courses c1_0 
            on c1_0.id=e1_0.course_id 
    join
        students s1_0 
            on s1_0.id=e1_0.student_id 
    limit
        ?, ?
2026-09-25T00:22:23.176+05:30 TRACE 37120 --- [student-management-system] [http-nio-8080-exec-10] org.hibernate.orm.jdbc.bind              : binding parameter (1:INTEGER) <- [0]
2026-09-25T00:22:23.176+05:30 TRACE 37120 --- [student-management-system] [http-nio-8080-exec-10] org.hibernate.orm.jdbc.bind              : binding parameter (2:INTEGER) <- [100]
2026-09-25T00:22:23.177+05:30 DEBUG 37120 --- [student-management-system] [http-nio-8080-exec-1] org.hibernate.SQL                        : 
    select
        count(c1_0.id) 
    from
        courses c1_0
2026-09-25T00:22:23.177+05:30 DEBUG 37120 --- [student-management-system] [http-nio-8080-exec-4] org.hibernate.SQL                        : 
    select
        count(s1_0.id) 
    from
        students s1_0
2026-09-25T00:22:28.265+05:30 DEBUG 37120 --- [student-management-system] [http-nio-8080-exec-2] org.hibernate.SQL                        : 
    select
        u1_0.id,
        u1_0.created_at,
        u1_0.password,
        u1_0.role,
        u1_0.updated_at,
        u1_0.username 
    from
        users u1_0 
    where
        u1_0.username=?
2026-09-25T00:22:28.265+05:30 TRACE 37120 --- [student-management-system] [http-nio-8080-exec-2] org.hibernate.orm.jdbc.bind              : binding parameter (1:VARCHAR) <- [admin]
2026-09-25T00:22:28.491+05:30 DEBUG 37120 --- [student-management-system] [http-nio-8080-exec-1] org.hibernate.SQL                        : 
    select
        u1_0.id,
        u1_0.created_at,
        u1_0.password,
        u1_0.role,
        u1_0.updated_at,
        u1_0.username 
    from
        users u1_0 
    where
        u1_0.username=?
2026-09-25T00:22:28.492+05:30 TRACE 37120 --- [student-management-system] [http-nio-8080-exec-1] org.hibernate.orm.jdbc.bind              : binding parameter (1:VARCHAR) <- [admin]
2026-09-25T00:22:28.492+05:30 DEBUG 37120 --- [student-management-system] [http-nio-8080-exec-4] org.hibernate.SQL                        : 
    select
        u1_0.id,
        u1_0.created_at,
        u1_0.password,
        u1_0.role,
        u1_0.updated_at,
        u1_0.username 
    from
        users u1_0 
    where
        u1_0.username=?
2026-09-25T00:22:28.492+05:30 DEBUG 37120 --- [student-management-system] [http-nio-8080-exec-6] org.hibernate.SQL                        : 
    select
        u1_0.id,
        u1_0.created_at,
        u1_0.password,
        u1_0.role,
        u1_0.updated_at,
        u1_0.username 
    from
        users u1_0 
    where
        u1_0.username=?
2026-09-25T00:22:28.492+05:30 TRACE 37120 --- [student-management-system] [http-nio-8080-exec-4] org.hibernate.orm.jdbc.bind              : binding parameter (1:VARCHAR) <- [admin]
2026-09-25T00:22:28.492+05:30 TRACE 37120 --- [student-management-system] [http-nio-8080-exec-6] org.hibernate.orm.jdbc.bind              : binding parameter (1:VARCHAR) <- [admin]
2026-09-25T00:22:28.499+05:30 DEBUG 37120 --- [student-management-system] [http-nio-8080-exec-4] org.hibernate.SQL                        : 
    select
        c1_0.id,
        c1_0.course_code,
        c1_0.course_name,
        c1_0.created_at,
        c1_0.description,
        c1_0.duration,
        c1_0.fees,
        c1_0.updated_at 
    from
        courses c1_0 
    order by
        c1_0.id 
    limit
        ?, ?
2026-09-25T00:22:28.499+05:30 TRACE 37120 --- [student-management-system] [http-nio-8080-exec-4] org.hibernate.orm.jdbc.bind              : binding parameter (1:INTEGER) <- [0]
2026-09-25T00:22:28.499+05:30 DEBUG 37120 --- [student-management-system] [http-nio-8080-exec-1] org.hibernate.SQL                        : 
    select
        e1_0.id,
        e1_0.course_id,
        c1_0.id,
        c1_0.course_code,
        c1_0.course_name,
        c1_0.created_at,
        c1_0.description,
        c1_0.duration,
        c1_0.fees,
        c1_0.updated_at,
        e1_0.created_at,
        e1_0.enrollment_date,
        e1_0.status,
        e1_0.student_id,
        s1_0.id,
        s1_0.address,
        s1_0.created_at,
        s1_0.date_of_birth,
        s1_0.email,
        s1_0.first_name,
        s1_0.last_name,
        s1_0.phone,
        s1_0.updated_at,
        e1_0.updated_at 
    from
        enrollments e1_0 
    join
        courses c1_0 
            on c1_0.id=e1_0.course_id 
    join
        students s1_0 
            on s1_0.id=e1_0.student_id 
    limit
        ?, ?
2026-09-25T00:22:28.499+05:30 TRACE 37120 --- [student-management-system] [http-nio-8080-exec-4] org.hibernate.orm.jdbc.bind              : binding parameter (2:INTEGER) <- [1]
2026-09-25T00:22:28.500+05:30 TRACE 37120 --- [student-management-system] [http-nio-8080-exec-1] org.hibernate.orm.jdbc.bind              : binding parameter (1:INTEGER) <- [0]
2026-09-25T00:22:28.500+05:30 TRACE 37120 --- [student-management-system] [http-nio-8080-exec-1] org.hibernate.orm.jdbc.bind              : binding parameter (2:INTEGER) <- [100]
2026-09-25T00:22:28.503+05:30 DEBUG 37120 --- [student-management-system] [http-nio-8080-exec-6] org.hibernate.SQL                        : 
    select
        s1_0.id,
        s1_0.address,
        s1_0.created_at,
        s1_0.date_of_birth,
        s1_0.email,
        s1_0.first_name,
        s1_0.last_name,
        s1_0.phone,
        s1_0.updated_at 
    from
        students s1_0 
    order by
        s1_0.id 
    limit
        ?, ?
2026-09-25T00:22:28.505+05:30 TRACE 37120 --- [student-management-system] [http-nio-8080-exec-6] org.hibernate.orm.jdbc.bind              : binding parameter (1:INTEGER) <- [0]
2026-09-25T00:22:28.506+05:30 TRACE 37120 --- [student-management-system] [http-nio-8080-exec-6] org.hibernate.orm.jdbc.bind              : binding parameter (2:INTEGER) <- [1]
2026-09-25T00:22:28.506+05:30 DEBUG 37120 --- [student-management-system] [http-nio-8080-exec-4] org.hibernate.SQL                        : 
    select
        count(c1_0.id) 
    from
        courses c1_0
2026-09-25T00:22:28.515+05:30 DEBUG 37120 --- [student-management-system] [http-nio-8080-exec-6] org.hibernate.SQL                        : 
    select
        count(s1_0.id) 
    from
        students s1_0
2026-09-25T00:22:28.517+05:30 DEBUG 37120 --- [student-management-system] [http-nio-8080-exec-8] org.hibernate.SQL                        : 
    select
        u1_0.id,
        u1_0.created_at,
        u1_0.password,
        u1_0.role,
        u1_0.updated_at,
        u1_0.username 
    from
        users u1_0 
    where
        u1_0.username=?
2026-09-25T00:22:28.517+05:30 DEBUG 37120 --- [student-management-system] [http-nio-8080-exec-2] org.hibernate.SQL                        : 
    select
        u1_0.id,
        u1_0.created_at,
        u1_0.password,
        u1_0.role,
        u1_0.updated_at,
        u1_0.username 
    from
        users u1_0 
    where
        u1_0.username=?
2026-09-25T00:22:28.517+05:30 TRACE 37120 --- [student-management-system] [http-nio-8080-exec-8] org.hibernate.orm.jdbc.bind              : binding parameter (1:VARCHAR) <- [admin]
2026-09-25T00:22:28.517+05:30 TRACE 37120 --- [student-management-system] [http-nio-8080-exec-2] org.hibernate.orm.jdbc.bind              : binding parameter (1:VARCHAR) <- [admin]
2026-09-25T00:22:28.519+05:30 DEBUG 37120 --- [student-management-system] [http-nio-8080-exec-3] org.hibernate.SQL                        : 
    select
        u1_0.id,
        u1_0.created_at,
        u1_0.password,
        u1_0.role,
        u1_0.updated_at,
        u1_0.username 
    from
        users u1_0 
    where
        u1_0.username=?
2026-09-25T00:22:28.519+05:30 TRACE 37120 --- [student-management-system] [http-nio-8080-exec-3] org.hibernate.orm.jdbc.bind              : binding parameter (1:VARCHAR) <- [admin]
2026-09-25T00:22:28.521+05:30 DEBUG 37120 --- [student-management-system] [http-nio-8080-exec-8] org.hibernate.SQL                        : 
    select
        e1_0.id,
        e1_0.course_id,
        c1_0.id,
        c1_0.course_code,
        c1_0.course_name,
        c1_0.created_at,
        c1_0.description,
        c1_0.duration,
        c1_0.fees,
        c1_0.updated_at,
        e1_0.created_at,
        e1_0.enrollment_date,
        e1_0.status,
        e1_0.student_id,
        s1_0.id,
        s1_0.address,
        s1_0.created_at,
        s1_0.date_of_birth,
        s1_0.email,
        s1_0.first_name,
        s1_0.last_name,
        s1_0.phone,
        s1_0.updated_at,
        e1_0.updated_at 
    from
        enrollments e1_0 
    join
        courses c1_0 
            on c1_0.id=e1_0.course_id 
    join
        students s1_0 
            on s1_0.id=e1_0.student_id 
    limit
        ?, ?
2026-09-25T00:22:28.521+05:30 TRACE 37120 --- [student-management-system] [http-nio-8080-exec-8] org.hibernate.orm.jdbc.bind              : binding parameter (1:INTEGER) <- [0]
2026-09-25T00:22:28.521+05:30 TRACE 37120 --- [student-management-system] [http-nio-8080-exec-8] org.hibernate.orm.jdbc.bind              : binding parameter (2:INTEGER) <- [100]
2026-09-25T00:22:28.521+05:30 DEBUG 37120 --- [student-management-system] [http-nio-8080-exec-2] org.hibernate.SQL                        : 
    select
        c1_0.id,
        c1_0.course_code,
        c1_0.course_name,
        c1_0.created_at,
        c1_0.description,
        c1_0.duration,
        c1_0.fees,
        c1_0.updated_at 
    from
        courses c1_0 
    order by
        c1_0.id 
    limit
        ?, ?
2026-09-25T00:22:28.522+05:30 TRACE 37120 --- [student-management-system] [http-nio-8080-exec-2] org.hibernate.orm.jdbc.bind              : binding parameter (1:INTEGER) <- [0]
2026-09-25T00:22:28.522+05:30 TRACE 37120 --- [student-management-system] [http-nio-8080-exec-2] org.hibernate.orm.jdbc.bind              : binding parameter (2:INTEGER) <- [1]
2026-09-25T00:22:28.526+05:30 DEBUG 37120 --- [student-management-system] [http-nio-8080-exec-2] org.hibernate.SQL                        : 
    select
        count(c1_0.id) 
    from
        courses c1_0
2026-09-25T00:22:28.527+05:30 DEBUG 37120 --- [student-management-system] [http-nio-8080-exec-3] org.hibernate.SQL                        : 
    select
        s1_0.id,
        s1_0.address,
        s1_0.created_at,
        s1_0.date_of_birth,
        s1_0.email,
        s1_0.first_name,
        s1_0.last_name,
        s1_0.phone,
        s1_0.updated_at 
    from
        students s1_0 
    order by
        s1_0.id 
    limit
        ?, ?
2026-09-25T00:22:28.527+05:30 TRACE 37120 --- [student-management-system] [http-nio-8080-exec-3] org.hibernate.orm.jdbc.bind              : binding parameter (1:INTEGER) <- [0]
2026-09-25T00:22:28.527+05:30 TRACE 37120 --- [student-management-system] [http-nio-8080-exec-3] org.hibernate.orm.jdbc.bind              : binding parameter (2:INTEGER) <- [1]
2026-09-25T00:22:28.531+05:30 DEBUG 37120 --- [student-management-system] [http-nio-8080-exec-3] org.hibernate.SQL                        : 
    select
        count(s1_0.id) 
    from
        students s1_0
2026-09-25T00:22:41.817+05:30 DEBUG 37120 --- [student-management-system] [http-nio-8080-exec-10] org.hibernate.SQL                        : 
    select
        u1_0.id,
        u1_0.created_at,
        u1_0.password,
        u1_0.role,
        u1_0.updated_at,
        u1_0.username 
    from
        users u1_0 
    where
        u1_0.username=?
2026-09-25T00:22:41.817+05:30 TRACE 37120 --- [student-management-system] [http-nio-8080-exec-10] org.hibernate.orm.jdbc.bind              : binding parameter (1:VARCHAR) <- [user]
2026-09-25T00:22:42.059+05:30 DEBUG 37120 --- [student-management-system] [http-nio-8080-exec-1] org.hibernate.SQL                        : 
    select
        u1_0.id,
        u1_0.created_at,
        u1_0.password,
        u1_0.role,
        u1_0.updated_at,
        u1_0.username 
    from
        users u1_0 
    where
        u1_0.username=?
2026-09-25T00:22:42.059+05:30 DEBUG 37120 --- [student-management-system] [http-nio-8080-exec-8] org.hibernate.SQL                        : 
    select
        u1_0.id,
        u1_0.created_at,
        u1_0.password,
        u1_0.role,
        u1_0.updated_at,
        u1_0.username 
    from
        users u1_0 
    where
        u1_0.username=?
2026-09-25T00:22:42.059+05:30 DEBUG 37120 --- [student-management-system] [http-nio-8080-exec-3] org.hibernate.SQL                        : 
    select
        u1_0.id,
        u1_0.created_at,
        u1_0.password,
        u1_0.role,
        u1_0.updated_at,
        u1_0.username 
    from
        users u1_0 
    where
        u1_0.username=?
2026-09-25T00:22:42.059+05:30 TRACE 37120 --- [student-management-system] [http-nio-8080-exec-3] org.hibernate.orm.jdbc.bind              : binding parameter (1:VARCHAR) <- [user]
2026-09-25T00:22:42.059+05:30 TRACE 37120 --- [student-management-system] [http-nio-8080-exec-1] org.hibernate.orm.jdbc.bind              : binding parameter (1:VARCHAR) <- [user]
2026-09-25T00:22:42.059+05:30 TRACE 37120 --- [student-management-system] [http-nio-8080-exec-8] org.hibernate.orm.jdbc.bind              : binding parameter (1:VARCHAR) <- [user]
2026-09-25T00:22:42.065+05:30 DEBUG 37120 --- [student-management-system] [http-nio-8080-exec-1] org.hibernate.SQL                        : 
    select
        c1_0.id,
        c1_0.course_code,
        c1_0.course_name,
        c1_0.created_at,
        c1_0.description,
        c1_0.duration,
        c1_0.fees,
        c1_0.updated_at 
    from
        courses c1_0 
    order by
        c1_0.id 
    limit
        ?, ?
2026-09-25T00:22:42.065+05:30 DEBUG 37120 --- [student-management-system] [http-nio-8080-exec-8] org.hibernate.SQL                        : 
    select
        e1_0.id,
        e1_0.course_id,
        c1_0.id,
        c1_0.course_code,
        c1_0.course_name,
        c1_0.created_at,
        c1_0.description,
        c1_0.duration,
        c1_0.fees,
        c1_0.updated_at,
        e1_0.created_at,
        e1_0.enrollment_date,
        e1_0.status,
        e1_0.student_id,
        s1_0.id,
        s1_0.address,
        s1_0.created_at,
        s1_0.date_of_birth,
        s1_0.email,
        s1_0.first_name,
        s1_0.last_name,
        s1_0.phone,
        s1_0.updated_at,
        e1_0.updated_at 
    from
        enrollments e1_0 
    join
        courses c1_0 
            on c1_0.id=e1_0.course_id 
    join
        students s1_0 
            on s1_0.id=e1_0.student_id 
    limit
        ?, ?
2026-09-25T00:22:42.065+05:30 DEBUG 37120 --- [student-management-system] [http-nio-8080-exec-3] org.hibernate.SQL                        : 
    select
        s1_0.id,
        s1_0.address,
        s1_0.created_at,
        s1_0.date_of_birth,
        s1_0.email,
        s1_0.first_name,
        s1_0.last_name,
        s1_0.phone,
        s1_0.updated_at 
    from
        students s1_0 
    order by
        s1_0.id 
    limit
        ?, ?
2026-09-25T00:22:42.065+05:30 TRACE 37120 --- [student-management-system] [http-nio-8080-exec-1] org.hibernate.orm.jdbc.bind              : binding parameter (1:INTEGER) <- [0]
2026-09-25T00:22:42.065+05:30 TRACE 37120 --- [student-management-system] [http-nio-8080-exec-1] org.hibernate.orm.jdbc.bind              : binding parameter (2:INTEGER) <- [1]
2026-09-25T00:22:42.065+05:30 TRACE 37120 --- [student-management-system] [http-nio-8080-exec-8] org.hibernate.orm.jdbc.bind              : binding parameter (1:INTEGER) <- [0]
2026-09-25T00:22:42.065+05:30 TRACE 37120 --- [student-management-system] [http-nio-8080-exec-8] org.hibernate.orm.jdbc.bind              : binding parameter (2:INTEGER) <- [100]
2026-09-25T00:22:42.065+05:30 TRACE 37120 --- [student-management-system] [http-nio-8080-exec-3] org.hibernate.orm.jdbc.bind              : binding parameter (1:INTEGER) <- [0]
2026-09-25T00:22:42.065+05:30 TRACE 37120 --- [student-management-system] [http-nio-8080-exec-3] org.hibernate.orm.jdbc.bind              : binding parameter (2:INTEGER) <- [1]
2026-09-25T00:22:42.067+05:30 DEBUG 37120 --- [student-management-system] [http-nio-8080-exec-1] org.hibernate.SQL                        : 
    select
        count(c1_0.id) 
    from
        courses c1_0
2026-09-25T00:22:42.067+05:30 DEBUG 37120 --- [student-management-system] [http-nio-8080-exec-3] org.hibernate.SQL                        : 
    select
        count(s1_0.id) 
    from
        students s1_0
2026-09-25T00:22:42.069+05:30 DEBUG 37120 --- [student-management-system] [http-nio-8080-exec-10] org.hibernate.SQL                        : 
    select
        u1_0.id,
        u1_0.created_at,
        u1_0.password,
        u1_0.role,
        u1_0.updated_at,
        u1_0.username 
    from
        users u1_0 
    where
        u1_0.username=?
2026-09-25T00:22:42.069+05:30 DEBUG 37120 --- [student-management-system] [http-nio-8080-exec-7] org.hibernate.SQL                        : 
    select
        u1_0.id,
        u1_0.created_at,
        u1_0.password,
        u1_0.role,
        u1_0.updated_at,
        u1_0.username 
    from
        users u1_0 
    where
        u1_0.username=?
2026-09-25T00:22:42.069+05:30 DEBUG 37120 --- [student-management-system] [http-nio-8080-exec-4] org.hibernate.SQL                        : 
    select
        u1_0.id,
        u1_0.created_at,
        u1_0.password,
        u1_0.role,
        u1_0.updated_at,
        u1_0.username 
    from
        users u1_0 
    where
        u1_0.username=?
2026-09-25T00:22:42.069+05:30 TRACE 37120 --- [student-management-system] [http-nio-8080-exec-10] org.hibernate.orm.jdbc.bind              : binding parameter (1:VARCHAR) <- [user]
2026-09-25T00:22:42.069+05:30 TRACE 37120 --- [student-management-system] [http-nio-8080-exec-4] org.hibernate.orm.jdbc.bind              : binding parameter (1:VARCHAR) <- [user]
2026-09-25T00:22:42.069+05:30 TRACE 37120 --- [student-management-system] [http-nio-8080-exec-7] org.hibernate.orm.jdbc.bind              : binding parameter (1:VARCHAR) <- [user]
2026-09-25T00:22:42.072+05:30 DEBUG 37120 --- [student-management-system] [http-nio-8080-exec-4] org.hibernate.SQL                        : 
    select
        c1_0.id,
        c1_0.course_code,
        c1_0.course_name,
        c1_0.created_at,
        c1_0.description,
        c1_0.duration,
        c1_0.fees,
        c1_0.updated_at 
    from
        courses c1_0 
    order by
        c1_0.id 
    limit
        ?, ?
2026-09-25T00:22:42.072+05:30 DEBUG 37120 --- [student-management-system] [http-nio-8080-exec-10] org.hibernate.SQL                        : 
    select
        e1_0.id,
        e1_0.course_id,
        c1_0.id,
        c1_0.course_code,
        c1_0.course_name,
        c1_0.created_at,
        c1_0.description,
        c1_0.duration,
        c1_0.fees,
        c1_0.updated_at,
        e1_0.created_at,
        e1_0.enrollment_date,
        e1_0.status,
        e1_0.student_id,
        s1_0.id,
        s1_0.address,
        s1_0.created_at,
        s1_0.date_of_birth,
        s1_0.email,
        s1_0.first_name,
        s1_0.last_name,
        s1_0.phone,
        s1_0.updated_at,
        e1_0.updated_at 
    from
        enrollments e1_0 
    join
        courses c1_0 
            on c1_0.id=e1_0.course_id 
    join
        students s1_0 
            on s1_0.id=e1_0.student_id 
    limit
        ?, ?
2026-09-25T00:22:42.072+05:30 TRACE 37120 --- [student-management-system] [http-nio-8080-exec-4] org.hibernate.orm.jdbc.bind              : binding parameter (1:INTEGER) <- [0]
2026-09-25T00:22:42.072+05:30 DEBUG 37120 --- [student-management-system] [http-nio-8080-exec-7] org.hibernate.SQL                        : 
    select
        s1_0.id,
        s1_0.address,
        s1_0.created_at,
        s1_0.date_of_birth,
        s1_0.email,
        s1_0.first_name,
        s1_0.last_name,
        s1_0.phone,
        s1_0.updated_at 
    from
        students s1_0 
    order by
        s1_0.id 
    limit
        ?, ?
2026-09-25T00:22:42.072+05:30 TRACE 37120 --- [student-management-system] [http-nio-8080-exec-10] org.hibernate.orm.jdbc.bind              : binding parameter (1:INTEGER) <- [0]
2026-09-25T00:22:42.072+05:30 TRACE 37120 --- [student-management-system] [http-nio-8080-exec-10] org.hibernate.orm.jdbc.bind              : binding parameter (2:INTEGER) <- [100]
2026-09-25T00:22:42.072+05:30 TRACE 37120 --- [student-management-system] [http-nio-8080-exec-7] org.hibernate.orm.jdbc.bind              : binding parameter (1:INTEGER) <- [0]
2026-09-25T00:22:42.072+05:30 TRACE 37120 --- [student-management-system] [http-nio-8080-exec-4] org.hibernate.orm.jdbc.bind              : binding parameter (2:INTEGER) <- [1]
2026-09-25T00:22:42.072+05:30 TRACE 37120 --- [student-management-system] [http-nio-8080-exec-7] org.hibernate.orm.jdbc.bind              : binding parameter (2:INTEGER) <- [1]
2026-09-25T00:22:42.073+05:30 DEBUG 37120 --- [student-management-system] [http-nio-8080-exec-7] org.hibernate.SQL                        : 
    select
        count(s1_0.id) 
    from
        students s1_0
2026-09-25T00:22:42.073+05:30 DEBUG 37120 --- [student-management-system] [http-nio-8080-exec-4] org.hibernate.SQL                        : 
    select
        count(c1_0.id) 
    from
        courses c1_0
2026-09-25T00:22:56.957+05:30 DEBUG 37120 --- [student-management-system] [http-nio-8080-exec-9] org.hibernate.SQL                        : 
    select
        u1_0.id,
        u1_0.created_at,
        u1_0.password,
        u1_0.role,
        u1_0.updated_at,
        u1_0.username 
    from
        users u1_0 
    where
        u1_0.username=?
2026-09-25T00:22:56.957+05:30 TRACE 37120 --- [student-management-system] [http-nio-8080-exec-9] org.hibernate.orm.jdbc.bind              : binding parameter (1:VARCHAR) <- [user]
2026-09-25T00:22:57.173+05:30 DEBUG 37120 --- [student-management-system] [http-nio-8080-exec-3] org.hibernate.SQL                        : 
    select
        u1_0.id,
        u1_0.created_at,
        u1_0.password,
        u1_0.role,
        u1_0.updated_at,
        u1_0.username 
    from
        users u1_0 
    where
        u1_0.username=?
2026-09-25T00:22:57.173+05:30 TRACE 37120 --- [student-management-system] [http-nio-8080-exec-3] org.hibernate.orm.jdbc.bind              : binding parameter (1:VARCHAR) <- [user]
2026-09-25T00:22:57.173+05:30 DEBUG 37120 --- [student-management-system] [http-nio-8080-exec-7] org.hibernate.SQL                        : 
    select
        u1_0.id,
        u1_0.created_at,
        u1_0.password,
        u1_0.role,
        u1_0.updated_at,
        u1_0.username 
    from
        users u1_0 
    where
        u1_0.username=?
2026-09-25T00:22:57.173+05:30 TRACE 37120 --- [student-management-system] [http-nio-8080-exec-7] org.hibernate.orm.jdbc.bind              : binding parameter (1:VARCHAR) <- [user]
2026-09-25T00:22:57.174+05:30 DEBUG 37120 --- [student-management-system] [http-nio-8080-exec-8] org.hibernate.SQL                        : 
    select
        u1_0.id,
        u1_0.created_at,
        u1_0.password,
        u1_0.role,
        u1_0.updated_at,
        u1_0.username 
    from
        users u1_0 
    where
        u1_0.username=?
2026-09-25T00:22:57.174+05:30 TRACE 37120 --- [student-management-system] [http-nio-8080-exec-8] org.hibernate.orm.jdbc.bind              : binding parameter (1:VARCHAR) <- [user]
2026-09-25T00:22:57.184+05:30 DEBUG 37120 --- [student-management-system] [http-nio-8080-exec-3] org.hibernate.SQL                        : 
    select
        s1_0.id,
        s1_0.address,
        s1_0.created_at,
        s1_0.date_of_birth,
        s1_0.email,
        s1_0.first_name,
        s1_0.last_name,
        s1_0.phone,
        s1_0.updated_at 
    from
        students s1_0 
    order by
        s1_0.id 
    limit
        ?, ?
2026-09-25T00:22:57.184+05:30 DEBUG 37120 --- [student-management-system] [http-nio-8080-exec-7] org.hibernate.SQL                        : 
    select
        c1_0.id,
        c1_0.course_code,
        c1_0.course_name,
        c1_0.created_at,
        c1_0.description,
        c1_0.duration,
        c1_0.fees,
        c1_0.updated_at 
    from
        courses c1_0 
    order by
        c1_0.id 
    limit
        ?, ?
2026-09-25T00:22:57.184+05:30 TRACE 37120 --- [student-management-system] [http-nio-8080-exec-7] org.hibernate.orm.jdbc.bind              : binding parameter (1:INTEGER) <- [0]
2026-09-25T00:22:57.184+05:30 TRACE 37120 --- [student-management-system] [http-nio-8080-exec-7] org.hibernate.orm.jdbc.bind              : binding parameter (2:INTEGER) <- [1]
2026-09-25T00:22:57.184+05:30 TRACE 37120 --- [student-management-system] [http-nio-8080-exec-3] org.hibernate.orm.jdbc.bind              : binding parameter (1:INTEGER) <- [0]
2026-09-25T00:22:57.185+05:30 TRACE 37120 --- [student-management-system] [http-nio-8080-exec-3] org.hibernate.orm.jdbc.bind              : binding parameter (2:INTEGER) <- [1]
2026-09-25T00:22:57.185+05:30 DEBUG 37120 --- [student-management-system] [http-nio-8080-exec-8] org.hibernate.SQL                        : 
    select
        e1_0.id,
        e1_0.course_id,
        c1_0.id,
        c1_0.course_code,
        c1_0.course_name,
        c1_0.created_at,
        c1_0.description,
        c1_0.duration,
        c1_0.fees,
        c1_0.updated_at,
        e1_0.created_at,
        e1_0.enrollment_date,
        e1_0.status,
        e1_0.student_id,
        s1_0.id,
        s1_0.address,
        s1_0.created_at,
        s1_0.date_of_birth,
        s1_0.email,
        s1_0.first_name,
        s1_0.last_name,
        s1_0.phone,
        s1_0.updated_at,
        e1_0.updated_at 
    from
        enrollments e1_0 
    join
        courses c1_0 
            on c1_0.id=e1_0.course_id 
    join
        students s1_0 
            on s1_0.id=e1_0.student_id 
    limit
        ?, ?
2026-09-25T00:22:57.185+05:30 TRACE 37120 --- [student-management-system] [http-nio-8080-exec-8] org.hibernate.orm.jdbc.bind              : binding parameter (1:INTEGER) <- [0]
2026-09-25T00:22:57.185+05:30 TRACE 37120 --- [student-management-system] [http-nio-8080-exec-8] org.hibernate.orm.jdbc.bind              : binding parameter (2:INTEGER) <- [100]
2026-09-25T00:22:57.187+05:30 DEBUG 37120 --- [student-management-system] [http-nio-8080-exec-7] org.hibernate.SQL                        : 
    select
        count(c1_0.id) 
    from
        courses c1_0
2026-09-25T00:22:57.187+05:30 DEBUG 37120 --- [student-management-system] [http-nio-8080-exec-3] org.hibernate.SQL                        : 
    select
        count(s1_0.id) 
    from
        students s1_0
2026-09-25T00:22:57.191+05:30 DEBUG 37120 --- [student-management-system] [http-nio-8080-exec-9] org.hibernate.SQL                        : 
    select
        u1_0.id,
        u1_0.created_at,
        u1_0.password,
        u1_0.role,
        u1_0.updated_at,
        u1_0.username 
    from
        users u1_0 
    where
        u1_0.username=?
2026-09-25T00:22:57.191+05:30 DEBUG 37120 --- [student-management-system] [http-nio-8080-exec-6] org.hibernate.SQL                        : 
    select
        u1_0.id,
        u1_0.created_at,
        u1_0.password,
        u1_0.role,
        u1_0.updated_at,
        u1_0.username 
    from
        users u1_0 
    where
        u1_0.username=?
2026-09-25T00:22:57.191+05:30 TRACE 37120 --- [student-management-system] [http-nio-8080-exec-6] org.hibernate.orm.jdbc.bind              : binding parameter (1:VARCHAR) <- [user]
2026-09-25T00:22:57.191+05:30 TRACE 37120 --- [student-management-system] [http-nio-8080-exec-9] org.hibernate.orm.jdbc.bind              : binding parameter (1:VARCHAR) <- [user]
2026-09-25T00:22:57.194+05:30 DEBUG 37120 --- [student-management-system] [http-nio-8080-exec-2] org.hibernate.SQL                        : 
    select
        u1_0.id,
        u1_0.created_at,
        u1_0.password,
        u1_0.role,
        u1_0.updated_at,
        u1_0.username 
    from
        users u1_0 
    where
        u1_0.username=?
2026-09-25T00:22:57.194+05:30 TRACE 37120 --- [student-management-system] [http-nio-8080-exec-2] org.hibernate.orm.jdbc.bind              : binding parameter (1:VARCHAR) <- [user]
2026-09-25T00:22:57.194+05:30 DEBUG 37120 --- [student-management-system] [http-nio-8080-exec-9] org.hibernate.SQL                        : 
    select
        s1_0.id,
        s1_0.address,
        s1_0.created_at,
        s1_0.date_of_birth,
        s1_0.email,
        s1_0.first_name,
        s1_0.last_name,
        s1_0.phone,
        s1_0.updated_at 
    from
        students s1_0 
    order by
        s1_0.id 
    limit
        ?, ?
2026-09-25T00:22:57.194+05:30 DEBUG 37120 --- [student-management-system] [http-nio-8080-exec-6] org.hibernate.SQL                        : 
    select
        c1_0.id,
        c1_0.course_code,
        c1_0.course_name,
        c1_0.created_at,
        c1_0.description,
        c1_0.duration,
        c1_0.fees,
        c1_0.updated_at 
    from
        courses c1_0 
    order by
        c1_0.id 
    limit
        ?, ?
2026-09-25T00:22:57.194+05:30 TRACE 37120 --- [student-management-system] [http-nio-8080-exec-9] org.hibernate.orm.jdbc.bind              : binding parameter (1:INTEGER) <- [0]
2026-09-25T00:22:57.194+05:30 TRACE 37120 --- [student-management-system] [http-nio-8080-exec-9] org.hibernate.orm.jdbc.bind              : binding parameter (2:INTEGER) <- [1]
2026-09-25T00:22:57.194+05:30 TRACE 37120 --- [student-management-system] [http-nio-8080-exec-6] org.hibernate.orm.jdbc.bind              : binding parameter (1:INTEGER) <- [0]
2026-09-25T00:22:57.195+05:30 TRACE 37120 --- [student-management-system] [http-nio-8080-exec-6] org.hibernate.orm.jdbc.bind              : binding parameter (2:INTEGER) <- [1]
2026-09-25T00:22:57.196+05:30 DEBUG 37120 --- [student-management-system] [http-nio-8080-exec-6] org.hibernate.SQL                        : 
    select
        count(c1_0.id) 
    from
        courses c1_0
2026-09-25T00:22:57.196+05:30 DEBUG 37120 --- [student-management-system] [http-nio-8080-exec-9] org.hibernate.SQL                        : 
    select
        count(s1_0.id) 
    from
        students s1_0
2026-09-25T00:22:57.199+05:30 DEBUG 37120 --- [student-management-system] [http-nio-8080-exec-2] org.hibernate.SQL                        : 
    select
        e1_0.id,
        e1_0.course_id,
        c1_0.id,
        c1_0.course_code,
        c1_0.course_name,
        c1_0.created_at,
        c1_0.description,
        c1_0.duration,
        c1_0.fees,
        c1_0.updated_at,
        e1_0.created_at,
        e1_0.enrollment_date,
        e1_0.status,
        e1_0.student_id,
        s1_0.id,
        s1_0.address,
        s1_0.created_at,
        s1_0.date_of_birth,
        s1_0.email,
        s1_0.first_name,
        s1_0.last_name,
        s1_0.phone,
        s1_0.updated_at,
        e1_0.updated_at 
    from
        enrollments e1_0 
    join
        courses c1_0 
            on c1_0.id=e1_0.course_id 
    join
        students s1_0 
            on s1_0.id=e1_0.student_id 
    limit
        ?, ?
2026-09-25T00:22:57.200+05:30 TRACE 37120 --- [student-management-system] [http-nio-8080-exec-2] org.hibernate.orm.jdbc.bind              : binding parameter (1:INTEGER) <- [0]
2026-09-25T00:22:57.200+05:30 TRACE 37120 --- [student-management-system] [http-nio-8080-exec-2] org.hibernate.orm.jdbc.bind              : binding parameter (2:INTEGER) <- [100]
2026-09-25T00:23:00.184+05:30 DEBUG 37120 --- [student-management-system] [http-nio-8080-exec-1] org.hibernate.SQL                        : 
    select
        u1_0.id,
        u1_0.created_at,
        u1_0.password,
        u1_0.role,
        u1_0.updated_at,
        u1_0.username 
    from
        users u1_0 
    where
        u1_0.username=?
2026-09-25T00:23:00.185+05:30 TRACE 37120 --- [student-management-system] [http-nio-8080-exec-1] org.hibernate.orm.jdbc.bind              : binding parameter (1:VARCHAR) <- [user]
2026-09-25T00:23:00.189+05:30 DEBUG 37120 --- [student-management-system] [http-nio-8080-exec-1] org.hibernate.SQL                        : 
    select
        s1_0.id,
        s1_0.address,
        s1_0.created_at,
        s1_0.date_of_birth,
        s1_0.email,
        s1_0.first_name,
        s1_0.last_name,
        s1_0.phone,
        s1_0.updated_at 
    from
        students s1_0 
    order by
        s1_0.id 
    limit
        ?, ?
2026-09-25T00:23:00.190+05:30 TRACE 37120 --- [student-management-system] [http-nio-8080-exec-1] org.hibernate.orm.jdbc.bind              : binding parameter (1:INTEGER) <- [0]
2026-09-25T00:23:00.190+05:30 TRACE 37120 --- [student-management-system] [http-nio-8080-exec-1] org.hibernate.orm.jdbc.bind              : binding parameter (2:INTEGER) <- [10]
2026-09-25T00:23:00.199+05:30 DEBUG 37120 --- [student-management-system] [http-nio-8080-exec-4] org.hibernate.SQL                        : 
    select
        u1_0.id,
        u1_0.created_at,
        u1_0.password,
        u1_0.role,
        u1_0.updated_at,
        u1_0.username 
    from
        users u1_0 
    where
        u1_0.username=?
2026-09-25T00:23:00.200+05:30 TRACE 37120 --- [student-management-system] [http-nio-8080-exec-4] org.hibernate.orm.jdbc.bind              : binding parameter (1:VARCHAR) <- [user]
2026-09-25T00:23:00.206+05:30 DEBUG 37120 --- [student-management-system] [http-nio-8080-exec-4] org.hibernate.SQL                        : 
    select
        s1_0.id,
        s1_0.address,
        s1_0.created_at,
        s1_0.date_of_birth,
        s1_0.email,
        s1_0.first_name,
        s1_0.last_name,
        s1_0.phone,
        s1_0.updated_at 
    from
        students s1_0 
    order by
        s1_0.id 
    limit
        ?, ?
2026-09-25T00:23:00.207+05:30 TRACE 37120 --- [student-management-system] [http-nio-8080-exec-4] org.hibernate.orm.jdbc.bind              : binding parameter (1:INTEGER) <- [0]
2026-09-25T00:23:00.207+05:30 TRACE 37120 --- [student-management-system] [http-nio-8080-exec-4] org.hibernate.orm.jdbc.bind              : binding parameter (2:INTEGER) <- [10]
2026-09-25T00:23:02.864+05:30 DEBUG 37120 --- [student-management-system] [http-nio-8080-exec-3] org.hibernate.SQL                        : 
    select
        u1_0.id,
        u1_0.created_at,
        u1_0.password,
        u1_0.role,
        u1_0.updated_at,
        u1_0.username 
    from
        users u1_0 
    where
        u1_0.username=?
2026-09-25T00:23:02.864+05:30 TRACE 37120 --- [student-management-system] [http-nio-8080-exec-3] org.hibernate.orm.jdbc.bind              : binding parameter (1:VARCHAR) <- [user]
2026-09-25T00:23:02.873+05:30 DEBUG 37120 --- [student-management-system] [http-nio-8080-exec-3] org.hibernate.SQL                        : 
    select
        s1_0.id,
        s1_0.address,
        s1_0.created_at,
        s1_0.date_of_birth,
        s1_0.email,
        s1_0.first_name,
        s1_0.last_name,
        s1_0.phone,
        s1_0.updated_at 
    from
        students s1_0 
    where
        s1_0.id=?
2026-09-25T00:23:02.874+05:30 TRACE 37120 --- [student-management-system] [http-nio-8080-exec-3] org.hibernate.orm.jdbc.bind              : binding parameter (1:BIGINT) <- [1]
2026-09-25T00:23:09.647+05:30 DEBUG 37120 --- [student-management-system] [http-nio-8080-exec-6] org.hibernate.SQL                        : 
    select
        u1_0.id,
        u1_0.created_at,
        u1_0.password,
        u1_0.role,
        u1_0.updated_at,
        u1_0.username 
    from
        users u1_0 
    where
        u1_0.username=?
2026-09-25T00:23:09.647+05:30 TRACE 37120 --- [student-management-system] [http-nio-8080-exec-6] org.hibernate.orm.jdbc.bind              : binding parameter (1:VARCHAR) <- [user]
2026-09-25T00:23:09.689+05:30  WARN 37120 --- [student-management-system] [http-nio-8080-exec-6] .m.m.a.ExceptionHandlerExceptionResolver : Resolved [org.springframework.security.authorization.AuthorizationDeniedException: Access Denied]
2026-09-25T00:24:01.179+05:30 DEBUG 37120 --- [student-management-system] [http-nio-8080-exec-7] org.hibernate.SQL                        : 
    select
        u1_0.id,
        u1_0.created_at,
        u1_0.password,
        u1_0.role,
        u1_0.updated_at,
        u1_0.username 
    from
        users u1_0 
    where
        u1_0.username=?
2026-09-25T00:24:01.183+05:30 TRACE 37120 --- [student-management-system] [http-nio-8080-exec-7] org.hibernate.orm.jdbc.bind              : binding parameter (1:VARCHAR) <- [admin]
2026-09-25T00:24:01.618+05:30 DEBUG 37120 --- [student-management-system] [http-nio-8080-exec-4] org.hibernate.SQL                        : 
    select
        u1_0.id,
        u1_0.created_at,
        u1_0.password,
        u1_0.role,
        u1_0.updated_at,
        u1_0.username 
    from
        users u1_0 
    where
        u1_0.username=?
2026-09-25T00:24:01.621+05:30 TRACE 37120 --- [student-management-system] [http-nio-8080-exec-4] org.hibernate.orm.jdbc.bind              : binding parameter (1:VARCHAR) <- [admin]
2026-09-25T00:24:01.622+05:30 DEBUG 37120 --- [student-management-system] [http-nio-8080-exec-2] org.hibernate.SQL                        : 
    select
        u1_0.id,
        u1_0.created_at,
        u1_0.password,
        u1_0.role,
        u1_0.updated_at,
        u1_0.username 
    from
        users u1_0 
    where
        u1_0.username=?
2026-09-25T00:24:01.622+05:30 DEBUG 37120 --- [student-management-system] [http-nio-8080-exec-1] org.hibernate.SQL                        : 
    select
        u1_0.id,
        u1_0.created_at,
        u1_0.password,
        u1_0.role,
        u1_0.updated_at,
        u1_0.username 
    from
        users u1_0 
    where
        u1_0.username=?
2026-09-25T00:24:01.622+05:30 TRACE 37120 --- [student-management-system] [http-nio-8080-exec-2] org.hibernate.orm.jdbc.bind              : binding parameter (1:VARCHAR) <- [admin]
2026-09-25T00:24:01.622+05:30 TRACE 37120 --- [student-management-system] [http-nio-8080-exec-1] org.hibernate.orm.jdbc.bind              : binding parameter (1:VARCHAR) <- [admin]
2026-09-25T00:24:01.645+05:30 DEBUG 37120 --- [student-management-system] [http-nio-8080-exec-2] org.hibernate.SQL                        : 
    select
        s1_0.id,
        s1_0.address,
        s1_0.created_at,
        s1_0.date_of_birth,
        s1_0.email,
        s1_0.first_name,
        s1_0.last_name,
        s1_0.phone,
        s1_0.updated_at 
    from
        students s1_0 
    order by
        s1_0.id 
    limit
        ?, ?
2026-09-25T00:24:01.646+05:30 DEBUG 37120 --- [student-management-system] [http-nio-8080-exec-1] org.hibernate.SQL                        : 
    select
        c1_0.id,
        c1_0.course_code,
        c1_0.course_name,
        c1_0.created_at,
        c1_0.description,
        c1_0.duration,
        c1_0.fees,
        c1_0.updated_at 
    from
        courses c1_0 
    order by
        c1_0.id 
    limit
        ?, ?
2026-09-25T00:24:01.647+05:30 TRACE 37120 --- [student-management-system] [http-nio-8080-exec-1] org.hibernate.orm.jdbc.bind              : binding parameter (1:INTEGER) <- [0]
2026-09-25T00:24:01.647+05:30 TRACE 37120 --- [student-management-system] [http-nio-8080-exec-1] org.hibernate.orm.jdbc.bind              : binding parameter (2:INTEGER) <- [1]
2026-09-25T00:24:01.647+05:30 TRACE 37120 --- [student-management-system] [http-nio-8080-exec-2] org.hibernate.orm.jdbc.bind              : binding parameter (1:INTEGER) <- [0]
2026-09-25T00:24:01.647+05:30 TRACE 37120 --- [student-management-system] [http-nio-8080-exec-2] org.hibernate.orm.jdbc.bind              : binding parameter (2:INTEGER) <- [1]
2026-09-25T00:24:01.647+05:30 DEBUG 37120 --- [student-management-system] [http-nio-8080-exec-4] org.hibernate.SQL                        : 
    select
        e1_0.id,
        e1_0.course_id,
        c1_0.id,
        c1_0.course_code,
        c1_0.course_name,
        c1_0.created_at,
        c1_0.description,
        c1_0.duration,
        c1_0.fees,
        c1_0.updated_at,
        e1_0.created_at,
        e1_0.enrollment_date,
        e1_0.status,
        e1_0.student_id,
        s1_0.id,
        s1_0.address,
        s1_0.created_at,
        s1_0.date_of_birth,
        s1_0.email,
        s1_0.first_name,
        s1_0.last_name,
        s1_0.phone,
        s1_0.updated_at,
        e1_0.updated_at 
    from
        enrollments e1_0 
    join
        courses c1_0 
            on c1_0.id=e1_0.course_id 
    join
        students s1_0 
            on s1_0.id=e1_0.student_id 
    limit
        ?, ?
2026-09-25T00:24:01.648+05:30 TRACE 37120 --- [student-management-system] [http-nio-8080-exec-4] org.hibernate.orm.jdbc.bind              : binding parameter (1:INTEGER) <- [0]
2026-09-25T00:24:01.648+05:30 TRACE 37120 --- [student-management-system] [http-nio-8080-exec-4] org.hibernate.orm.jdbc.bind              : binding parameter (2:INTEGER) <- [100]
2026-09-25T00:24:01.658+05:30 DEBUG 37120 --- [student-management-system] [http-nio-8080-exec-1] org.hibernate.SQL                        : 
    select
        count(c1_0.id) 
    from
        courses c1_0
2026-09-25T00:24:01.665+05:30 DEBUG 37120 --- [student-management-system] [http-nio-8080-exec-2] org.hibernate.SQL                        : 
    select
        count(s1_0.id) 
    from
        students s1_0
2026-09-25T00:24:01.665+05:30 DEBUG 37120 --- [student-management-system] [http-nio-8080-exec-7] org.hibernate.SQL                        : 
    select
        u1_0.id,
        u1_0.created_at,
        u1_0.password,
        u1_0.role,
        u1_0.updated_at,
        u1_0.username 
    from
        users u1_0 
    where
        u1_0.username=?
2026-09-25T00:24:01.665+05:30 DEBUG 37120 --- [student-management-system] [http-nio-8080-exec-9] org.hibernate.SQL                        : 
    select
        u1_0.id,
        u1_0.created_at,
        u1_0.password,
        u1_0.role,
        u1_0.updated_at,
        u1_0.username 
    from
        users u1_0 
    where
        u1_0.username=?
2026-09-25T00:24:01.666+05:30 TRACE 37120 --- [student-management-system] [http-nio-8080-exec-9] org.hibernate.orm.jdbc.bind              : binding parameter (1:VARCHAR) <- [admin]
2026-09-25T00:24:01.666+05:30 TRACE 37120 --- [student-management-system] [http-nio-8080-exec-7] org.hibernate.orm.jdbc.bind              : binding parameter (1:VARCHAR) <- [admin]
2026-09-25T00:24:01.677+05:30 DEBUG 37120 --- [student-management-system] [http-nio-8080-exec-10] org.hibernate.SQL                        : 
    select
        u1_0.id,
        u1_0.created_at,
        u1_0.password,
        u1_0.role,
        u1_0.updated_at,
        u1_0.username 
    from
        users u1_0 
    where
        u1_0.username=?
2026-09-25T00:24:01.677+05:30 TRACE 37120 --- [student-management-system] [http-nio-8080-exec-10] org.hibernate.orm.jdbc.bind              : binding parameter (1:VARCHAR) <- [admin]
2026-09-25T00:24:01.678+05:30 DEBUG 37120 --- [student-management-system] [http-nio-8080-exec-7] org.hibernate.SQL                        : 
    select
        c1_0.id,
        c1_0.course_code,
        c1_0.course_name,
        c1_0.created_at,
        c1_0.description,
        c1_0.duration,
        c1_0.fees,
        c1_0.updated_at 
    from
        courses c1_0 
    order by
        c1_0.id 
    limit
        ?, ?
2026-09-25T00:24:01.678+05:30 TRACE 37120 --- [student-management-system] [http-nio-8080-exec-7] org.hibernate.orm.jdbc.bind              : binding parameter (1:INTEGER) <- [0]
2026-09-25T00:24:01.678+05:30 TRACE 37120 --- [student-management-system] [http-nio-8080-exec-7] org.hibernate.orm.jdbc.bind              : binding parameter (2:INTEGER) <- [1]
2026-09-25T00:24:01.681+05:30 DEBUG 37120 --- [student-management-system] [http-nio-8080-exec-9] org.hibernate.SQL                        : 
    select
        e1_0.id,
        e1_0.course_id,
        c1_0.id,
        c1_0.course_code,
        c1_0.course_name,
        c1_0.created_at,
        c1_0.description,
        c1_0.duration,
        c1_0.fees,
        c1_0.updated_at,
        e1_0.created_at,
        e1_0.enrollment_date,
        e1_0.status,
        e1_0.student_id,
        s1_0.id,
        s1_0.address,
        s1_0.created_at,
        s1_0.date_of_birth,
        s1_0.email,
        s1_0.first_name,
        s1_0.last_name,
        s1_0.phone,
        s1_0.updated_at,
        e1_0.updated_at 
    from
        enrollments e1_0 
    join
        courses c1_0 
            on c1_0.id=e1_0.course_id 
    join
        students s1_0 
            on s1_0.id=e1_0.student_id 
    limit
        ?, ?
2026-09-25T00:24:01.682+05:30 TRACE 37120 --- [student-management-system] [http-nio-8080-exec-9] org.hibernate.orm.jdbc.bind              : binding parameter (1:INTEGER) <- [0]
2026-09-25T00:24:01.682+05:30 TRACE 37120 --- [student-management-system] [http-nio-8080-exec-9] org.hibernate.orm.jdbc.bind              : binding parameter (2:INTEGER) <- [100]
2026-09-25T00:24:01.682+05:30 DEBUG 37120 --- [student-management-system] [http-nio-8080-exec-7] org.hibernate.SQL                        : 
    select
        count(c1_0.id) 
    from
        courses c1_0
2026-09-25T00:24:01.683+05:30 DEBUG 37120 --- [student-management-system] [http-nio-8080-exec-10] org.hibernate.SQL                        : 
    select
        s1_0.id,
        s1_0.address,
        s1_0.created_at,
        s1_0.date_of_birth,
        s1_0.email,
        s1_0.first_name,
        s1_0.last_name,
        s1_0.phone,
        s1_0.updated_at 
    from
        students s1_0 
    order by
        s1_0.id 
    limit
        ?, ?
2026-09-25T00:24:01.683+05:30 TRACE 37120 --- [student-management-system] [http-nio-8080-exec-10] org.hibernate.orm.jdbc.bind              : binding parameter (1:INTEGER) <- [0]
2026-09-25T00:24:01.683+05:30 TRACE 37120 --- [student-management-system] [http-nio-8080-exec-10] org.hibernate.orm.jdbc.bind              : binding parameter (2:INTEGER) <- [1]
2026-09-25T00:24:01.684+05:30 DEBUG 37120 --- [student-management-system] [http-nio-8080-exec-10] org.hibernate.SQL                        : 
    select
        count(s1_0.id) 
    from
        students s1_0
2026-09-25T00:24:04.351+05:30 DEBUG 37120 --- [student-management-system] [http-nio-8080-exec-8] org.hibernate.SQL                        : 
    select
        u1_0.id,
        u1_0.created_at,
        u1_0.password,
        u1_0.role,
        u1_0.updated_at,
        u1_0.username 
    from
        users u1_0 
    where
        u1_0.username=?
2026-09-25T00:24:04.351+05:30 TRACE 37120 --- [student-management-system] [http-nio-8080-exec-8] org.hibernate.orm.jdbc.bind              : binding parameter (1:VARCHAR) <- [admin]
2026-09-25T00:24:04.367+05:30 DEBUG 37120 --- [student-management-system] [http-nio-8080-exec-8] org.hibernate.SQL                        : 
    select
        s1_0.id,
        s1_0.address,
        s1_0.created_at,
        s1_0.date_of_birth,
        s1_0.email,
        s1_0.first_name,
        s1_0.last_name,
        s1_0.phone,
        s1_0.updated_at 
    from
        students s1_0 
    order by
        s1_0.id 
    limit
        ?, ?
2026-09-25T00:24:04.367+05:30 TRACE 37120 --- [student-management-system] [http-nio-8080-exec-8] org.hibernate.orm.jdbc.bind              : binding parameter (1:INTEGER) <- [0]
2026-09-25T00:24:04.367+05:30 TRACE 37120 --- [student-management-system] [http-nio-8080-exec-8] org.hibernate.orm.jdbc.bind              : binding parameter (2:INTEGER) <- [10]
2026-09-25T00:24:04.376+05:30 DEBUG 37120 --- [student-management-system] [http-nio-8080-exec-8] org.hibernate.SQL                        : 
    select
        u1_0.id,
        u1_0.created_at,
        u1_0.password,
        u1_0.role,
        u1_0.updated_at,
        u1_0.username 
    from
        users u1_0 
    where
        u1_0.username=?
2026-09-25T00:24:04.377+05:30 TRACE 37120 --- [student-management-system] [http-nio-8080-exec-8] org.hibernate.orm.jdbc.bind              : binding parameter (1:VARCHAR) <- [admin]
2026-09-25T00:24:04.382+05:30 DEBUG 37120 --- [student-management-system] [http-nio-8080-exec-8] org.hibernate.SQL                        : 
    select
        s1_0.id,
        s1_0.address,
        s1_0.created_at,
        s1_0.date_of_birth,
        s1_0.email,
        s1_0.first_name,
        s1_0.last_name,
        s1_0.phone,
        s1_0.updated_at 
    from
        students s1_0 
    order by
        s1_0.id 
    limit
        ?, ?
2026-09-25T00:24:04.383+05:30 TRACE 37120 --- [student-management-system] [http-nio-8080-exec-8] org.hibernate.orm.jdbc.bind              : binding parameter (1:INTEGER) <- [0]
2026-09-25T00:24:04.383+05:30 TRACE 37120 --- [student-management-system] [http-nio-8080-exec-8] org.hibernate.orm.jdbc.bind              : binding parameter (2:INTEGER) <- [10]
2026-09-25T00:24:07.215+05:30 DEBUG 37120 --- [student-management-system] [http-nio-8080-exec-1] org.hibernate.SQL                        : 
    select
        u1_0.id,
        u1_0.created_at,
        u1_0.password,
        u1_0.role,
        u1_0.updated_at,
        u1_0.username 
    from
        users u1_0 
    where
        u1_0.username=?
2026-09-25T00:24:07.215+05:30 TRACE 37120 --- [student-management-system] [http-nio-8080-exec-1] org.hibernate.orm.jdbc.bind              : binding parameter (1:VARCHAR) <- [admin]
2026-09-25T00:24:07.221+05:30 DEBUG 37120 --- [student-management-system] [http-nio-8080-exec-1] org.hibernate.SQL                        : 
    select
        s1_0.id,
        s1_0.address,
        s1_0.created_at,
        s1_0.date_of_birth,
        s1_0.email,
        s1_0.first_name,
        s1_0.last_name,
        s1_0.phone,
        s1_0.updated_at 
    from
        students s1_0 
    where
        s1_0.id=?
2026-09-25T00:24:07.222+05:30 TRACE 37120 --- [student-management-system] [http-nio-8080-exec-1] org.hibernate.orm.jdbc.bind              : binding parameter (1:BIGINT) <- [1]
2026-09-25T00:24:14.737+05:30 DEBUG 37120 --- [student-management-system] [http-nio-8080-exec-9] org.hibernate.SQL                        : 
    select
        u1_0.id,
        u1_0.created_at,
        u1_0.password,
        u1_0.role,
        u1_0.updated_at,
        u1_0.username 
    from
        users u1_0 
    where
        u1_0.username=?
2026-09-25T00:24:14.737+05:30 TRACE 37120 --- [student-management-system] [http-nio-8080-exec-9] org.hibernate.orm.jdbc.bind              : binding parameter (1:VARCHAR) <- [admin]
2026-09-25T00:24:14.765+05:30 DEBUG 37120 --- [student-management-system] [http-nio-8080-exec-9] org.hibernate.SQL                        : 
    select
        s1_0.id,
        s1_0.address,
        s1_0.created_at,
        s1_0.date_of_birth,
        s1_0.email,
        s1_0.first_name,
        s1_0.last_name,
        s1_0.phone,
        s1_0.updated_at 
    from
        students s1_0 
    where
        s1_0.id=?
2026-09-25T00:24:14.765+05:30 TRACE 37120 --- [student-management-system] [http-nio-8080-exec-9] org.hibernate.orm.jdbc.bind              : binding parameter (1:BIGINT) <- [1]
2026-09-25T00:24:14.774+05:30 DEBUG 37120 --- [student-management-system] [http-nio-8080-exec-9] org.hibernate.SQL                        : 
    select
        s1_0.id 
    from
        students s1_0 
    where
        s1_0.email=? 
        and s1_0.id<>? 
    limit
        ?
2026-09-25T00:24:14.775+05:30 TRACE 37120 --- [student-management-system] [http-nio-8080-exec-9] org.hibernate.orm.jdbc.bind              : binding parameter (1:VARCHAR) <- [gouravchopra1406@gmail.com]
2026-09-25T00:24:14.775+05:30 TRACE 37120 --- [student-management-system] [http-nio-8080-exec-9] org.hibernate.orm.jdbc.bind              : binding parameter (2:BIGINT) <- [1]
2026-09-25T00:24:14.775+05:30 TRACE 37120 --- [student-management-system] [http-nio-8080-exec-9] org.hibernate.orm.jdbc.bind              : binding parameter (3:INTEGER) <- [1]
2026-09-25T00:24:14.785+05:30 DEBUG 37120 --- [student-management-system] [http-nio-8080-exec-9] org.hibernate.SQL                        : 
    update
        students 
    set
        address=?,
        date_of_birth=?,
        email=?,
        first_name=?,
        last_name=?,
        phone=?,
        updated_at=? 
    where
        id=?
2026-09-25T00:24:14.785+05:30 TRACE 37120 --- [student-management-system] [http-nio-8080-exec-9] org.hibernate.orm.jdbc.bind              : binding parameter (1:VARCHAR) <- [Bangalore, India]
2026-09-25T00:24:14.785+05:30 TRACE 37120 --- [student-management-system] [http-nio-8080-exec-9] org.hibernate.orm.jdbc.bind              : binding parameter (2:DATE) <- [1996-12-26]
2026-09-25T00:24:14.786+05:30 TRACE 37120 --- [student-management-system] [http-nio-8080-exec-9] org.hibernate.orm.jdbc.bind              : binding parameter (3:VARCHAR) <- [gouravchopra1406@gmail.com]
2026-09-25T00:24:14.787+05:30 TRACE 37120 --- [student-management-system] [http-nio-8080-exec-9] org.hibernate.orm.jdbc.bind              : binding parameter (4:VARCHAR) <- [Gourav]
2026-09-25T00:24:14.787+05:30 TRACE 37120 --- [student-management-system] [http-nio-8080-exec-9] org.hibernate.orm.jdbc.bind              : binding parameter (5:VARCHAR) <- [Chopra]
2026-09-25T00:24:14.787+05:30 TRACE 37120 --- [student-management-system] [http-nio-8080-exec-9] org.hibernate.orm.jdbc.bind              : binding parameter (6:VARCHAR) <- [8435286065]
2026-09-25T00:24:14.787+05:30 TRACE 37120 --- [student-management-system] [http-nio-8080-exec-9] org.hibernate.orm.jdbc.bind              : binding parameter (7:TIMESTAMP) <- [2026-09-25T00:24:14.781558]
2026-09-25T00:24:14.787+05:30 TRACE 37120 --- [student-management-system] [http-nio-8080-exec-9] org.hibernate.orm.jdbc.bind              : binding parameter (8:BIGINT) <- [1]
2026-09-25T00:24:14.814+05:30 DEBUG 37120 --- [student-management-system] [http-nio-8080-exec-10] org.hibernate.SQL                        : 
    select
        u1_0.id,
        u1_0.created_at,
        u1_0.password,
        u1_0.role,
        u1_0.updated_at,
        u1_0.username 
    from
        users u1_0 
    where
        u1_0.username=?
2026-09-25T00:24:14.814+05:30 TRACE 37120 --- [student-management-system] [http-nio-8080-exec-10] org.hibernate.orm.jdbc.bind              : binding parameter (1:VARCHAR) <- [admin]
2026-09-25T00:24:14.817+05:30 DEBUG 37120 --- [student-management-system] [http-nio-8080-exec-10] org.hibernate.SQL                        : 
    select
        s1_0.id,
        s1_0.address,
        s1_0.created_at,
        s1_0.date_of_birth,
        s1_0.email,
        s1_0.first_name,
        s1_0.last_name,
        s1_0.phone,
        s1_0.updated_at 
    from
        students s1_0 
    order by
        s1_0.id 
    limit
        ?, ?
2026-09-25T00:24:14.817+05:30 TRACE 37120 --- [student-management-system] [http-nio-8080-exec-10] org.hibernate.orm.jdbc.bind              : binding parameter (1:INTEGER) <- [0]
2026-09-25T00:24:14.818+05:30 TRACE 37120 --- [student-management-system] [http-nio-8080-exec-10] org.hibernate.orm.jdbc.bind              : binding parameter (2:INTEGER) <- [10]
2026-09-25T00:25:30.634+05:30 DEBUG 37120 --- [student-management-system] [http-nio-8080-exec-7] org.hibernate.SQL                        : 
    select
        u1_0.id,
        u1_0.created_at,
        u1_0.password,
        u1_0.role,
        u1_0.updated_at,
        u1_0.username 
    from
        users u1_0 
    where
        u1_0.username=?
2026-09-25T00:25:30.636+05:30 TRACE 37120 --- [student-management-system] [http-nio-8080-exec-7] org.hibernate.orm.jdbc.bind              : binding parameter (1:VARCHAR) <- [admin]
2026-09-25T00:25:30.704+05:30 DEBUG 37120 --- [student-management-system] [http-nio-8080-exec-7] org.hibernate.SQL                        : 
    select
        s1_0.id,
        s1_0.address,
        s1_0.created_at,
        s1_0.date_of_birth,
        s1_0.email,
        s1_0.first_name,
        s1_0.last_name,
        s1_0.phone,
        s1_0.updated_at 
    from
        students s1_0 
    order by
        s1_0.id 
    limit
        ?, ?
2026-09-25T00:25:30.704+05:30 TRACE 37120 --- [student-management-system] [http-nio-8080-exec-7] org.hibernate.orm.jdbc.bind              : binding parameter (1:INTEGER) <- [0]
2026-09-25T00:25:30.704+05:30 TRACE 37120 --- [student-management-system] [http-nio-8080-exec-7] org.hibernate.orm.jdbc.bind              : binding parameter (2:INTEGER) <- [10]
2026-09-25T00:25:30.726+05:30 DEBUG 37120 --- [student-management-system] [http-nio-8080-exec-10] org.hibernate.SQL                        : 
    select
        u1_0.id,
        u1_0.created_at,
        u1_0.password,
        u1_0.role,
        u1_0.updated_at,
        u1_0.username 
    from
        users u1_0 
    where
        u1_0.username=?
2026-09-25T00:25:30.727+05:30 TRACE 37120 --- [student-management-system] [http-nio-8080-exec-10] org.hibernate.orm.jdbc.bind              : binding parameter (1:VARCHAR) <- [admin]
2026-09-25T00:25:30.731+05:30 DEBUG 37120 --- [student-management-system] [http-nio-8080-exec-10] org.hibernate.SQL                        : 
    select
        s1_0.id,
        s1_0.address,
        s1_0.created_at,
        s1_0.date_of_birth,
        s1_0.email,
        s1_0.first_name,
        s1_0.last_name,
        s1_0.phone,
        s1_0.updated_at 
    from
        students s1_0 
    order by
        s1_0.id 
    limit
        ?, ?
2026-09-25T00:25:30.731+05:30 TRACE 37120 --- [student-management-system] [http-nio-8080-exec-10] org.hibernate.orm.jdbc.bind              : binding parameter (1:INTEGER) <- [0]
2026-09-25T00:25:30.731+05:30 TRACE 37120 --- [student-management-system] [http-nio-8080-exec-10] org.hibernate.orm.jdbc.bind              : binding parameter (2:INTEGER) <- [10]
2026-09-25T00:25:30.841+05:30 DEBUG 37120 --- [student-management-system] [http-nio-8080-exec-9] org.hibernate.SQL                        : 
    select
        u1_0.id,
        u1_0.created_at,
        u1_0.password,
        u1_0.role,
        u1_0.updated_at,
        u1_0.username 
    from
        users u1_0 
    where
        u1_0.username=?
2026-09-25T00:25:30.842+05:30 DEBUG 37120 --- [student-management-system] [http-nio-8080-exec-2] org.hibernate.SQL                        : 
    select
        u1_0.id,
        u1_0.created_at,
        u1_0.password,
        u1_0.role,
        u1_0.updated_at,
        u1_0.username 
    from
        users u1_0 
    where
        u1_0.username=?
2026-09-25T00:25:30.842+05:30 TRACE 37120 --- [student-management-system] [http-nio-8080-exec-9] org.hibernate.orm.jdbc.bind              : binding parameter (1:VARCHAR) <- [admin]
2026-09-25T00:25:30.842+05:30 DEBUG 37120 --- [student-management-system] [http-nio-8080-exec-7] org.hibernate.SQL                        : 
    select
        u1_0.id,
        u1_0.created_at,
        u1_0.password,
        u1_0.role,
        u1_0.updated_at,
        u1_0.username 
    from
        users u1_0 
    where
        u1_0.username=?
2026-09-25T00:25:30.842+05:30 TRACE 37120 --- [student-management-system] [http-nio-8080-exec-2] org.hibernate.orm.jdbc.bind              : binding parameter (1:VARCHAR) <- [admin]
2026-09-25T00:25:30.842+05:30 TRACE 37120 --- [student-management-system] [http-nio-8080-exec-7] org.hibernate.orm.jdbc.bind              : binding parameter (1:VARCHAR) <- [admin]
2026-09-25T00:25:30.848+05:30 DEBUG 37120 --- [student-management-system] [http-nio-8080-exec-2] org.hibernate.SQL                        : 
    select
        c1_0.id,
        c1_0.course_code,
        c1_0.course_name,
        c1_0.created_at,
        c1_0.description,
        c1_0.duration,
        c1_0.fees,
        c1_0.updated_at 
    from
        courses c1_0 
    order by
        c1_0.id 
    limit
        ?, ?
2026-09-25T00:25:30.848+05:30 DEBUG 37120 --- [student-management-system] [http-nio-8080-exec-9] org.hibernate.SQL                        : 
    select
        s1_0.id,
        s1_0.address,
        s1_0.created_at,
        s1_0.date_of_birth,
        s1_0.email,
        s1_0.first_name,
        s1_0.last_name,
        s1_0.phone,
        s1_0.updated_at 
    from
        students s1_0 
    order by
        s1_0.id 
    limit
        ?, ?
2026-09-25T00:25:30.848+05:30 TRACE 37120 --- [student-management-system] [http-nio-8080-exec-2] org.hibernate.orm.jdbc.bind              : binding parameter (1:INTEGER) <- [0]
2026-09-25T00:25:30.848+05:30 TRACE 37120 --- [student-management-system] [http-nio-8080-exec-9] org.hibernate.orm.jdbc.bind              : binding parameter (1:INTEGER) <- [0]
2026-09-25T00:25:30.848+05:30 TRACE 37120 --- [student-management-system] [http-nio-8080-exec-2] org.hibernate.orm.jdbc.bind              : binding parameter (2:INTEGER) <- [100]
2026-09-25T00:25:30.848+05:30 TRACE 37120 --- [student-management-system] [http-nio-8080-exec-9] org.hibernate.orm.jdbc.bind              : binding parameter (2:INTEGER) <- [100]
2026-09-25T00:25:30.853+05:30 DEBUG 37120 --- [student-management-system] [http-nio-8080-exec-10] org.hibernate.SQL                        : 
    select
        u1_0.id,
        u1_0.created_at,
        u1_0.password,
        u1_0.role,
        u1_0.updated_at,
        u1_0.username 
    from
        users u1_0 
    where
        u1_0.username=?
2026-09-25T00:25:30.853+05:30 TRACE 37120 --- [student-management-system] [http-nio-8080-exec-10] org.hibernate.orm.jdbc.bind              : binding parameter (1:VARCHAR) <- [admin]
2026-09-25T00:25:30.856+05:30 DEBUG 37120 --- [student-management-system] [http-nio-8080-exec-10] org.hibernate.SQL                        : 
    select
        s1_0.id,
        s1_0.address,
        s1_0.created_at,
        s1_0.date_of_birth,
        s1_0.email,
        s1_0.first_name,
        s1_0.last_name,
        s1_0.phone,
        s1_0.updated_at 
    from
        students s1_0 
    order by
        s1_0.id 
    limit
        ?, ?
2026-09-25T00:25:30.857+05:30 TRACE 37120 --- [student-management-system] [http-nio-8080-exec-10] org.hibernate.orm.jdbc.bind              : binding parameter (1:INTEGER) <- [0]
2026-09-25T00:25:30.857+05:30 TRACE 37120 --- [student-management-system] [http-nio-8080-exec-10] org.hibernate.orm.jdbc.bind              : binding parameter (2:INTEGER) <- [100]
2026-09-25T00:25:30.857+05:30 DEBUG 37120 --- [student-management-system] [http-nio-8080-exec-7] org.hibernate.SQL                        : 
    select
        e1_0.id,
        e1_0.course_id,
        c1_0.id,
        c1_0.course_code,
        c1_0.course_name,
        c1_0.created_at,
        c1_0.description,
        c1_0.duration,
        c1_0.fees,
        c1_0.updated_at,
        e1_0.created_at,
        e1_0.enrollment_date,
        e1_0.status,
        e1_0.student_id,
        s1_0.id,
        s1_0.address,
        s1_0.created_at,
        s1_0.date_of_birth,
        s1_0.email,
        s1_0.first_name,
        s1_0.last_name,
        s1_0.phone,
        s1_0.updated_at,
        e1_0.updated_at 
    from
        enrollments e1_0 
    join
        courses c1_0 
            on c1_0.id=e1_0.course_id 
    join
        students s1_0 
            on s1_0.id=e1_0.student_id 
    limit
        ?, ?
2026-09-25T00:25:30.857+05:30 TRACE 37120 --- [student-management-system] [http-nio-8080-exec-7] org.hibernate.orm.jdbc.bind              : binding parameter (1:INTEGER) <- [0]
2026-09-25T00:25:30.857+05:30 TRACE 37120 --- [student-management-system] [http-nio-8080-exec-7] org.hibernate.orm.jdbc.bind              : binding parameter (2:INTEGER) <- [10]
2026-09-25T00:25:30.860+05:30 DEBUG 37120 --- [student-management-system] [http-nio-8080-exec-3] org.hibernate.SQL                        : 
    select
        u1_0.id,
        u1_0.created_at,
        u1_0.password,
        u1_0.role,
        u1_0.updated_at,
        u1_0.username 
    from
        users u1_0 
    where
        u1_0.username=?
2026-09-25T00:25:30.861+05:30 TRACE 37120 --- [student-management-system] [http-nio-8080-exec-3] org.hibernate.orm.jdbc.bind              : binding parameter (1:VARCHAR) <- [admin]
2026-09-25T00:25:30.863+05:30 DEBUG 37120 --- [student-management-system] [http-nio-8080-exec-5] org.hibernate.SQL                        : 
    select
        u1_0.id,
        u1_0.created_at,
        u1_0.password,
        u1_0.role,
        u1_0.updated_at,
        u1_0.username 
    from
        users u1_0 
    where
        u1_0.username=?
2026-09-25T00:25:30.864+05:30 TRACE 37120 --- [student-management-system] [http-nio-8080-exec-5] org.hibernate.orm.jdbc.bind              : binding parameter (1:VARCHAR) <- [admin]
2026-09-25T00:25:30.865+05:30 DEBUG 37120 --- [student-management-system] [http-nio-8080-exec-3] org.hibernate.SQL                        : 
    select
        c1_0.id,
        c1_0.course_code,
        c1_0.course_name,
        c1_0.created_at,
        c1_0.description,
        c1_0.duration,
        c1_0.fees,
        c1_0.updated_at 
    from
        courses c1_0 
    order by
        c1_0.id 
    limit
        ?, ?
2026-09-25T00:25:30.865+05:30 TRACE 37120 --- [student-management-system] [http-nio-8080-exec-3] org.hibernate.orm.jdbc.bind              : binding parameter (1:INTEGER) <- [0]
2026-09-25T00:25:30.865+05:30 TRACE 37120 --- [student-management-system] [http-nio-8080-exec-3] org.hibernate.orm.jdbc.bind              : binding parameter (2:INTEGER) <- [100]
2026-09-25T00:25:30.867+05:30 DEBUG 37120 --- [student-management-system] [http-nio-8080-exec-5] org.hibernate.SQL                        : 
    select
        e1_0.id,
        e1_0.course_id,
        c1_0.id,
        c1_0.course_code,
        c1_0.course_name,
        c1_0.created_at,
        c1_0.description,
        c1_0.duration,
        c1_0.fees,
        c1_0.updated_at,
        e1_0.created_at,
        e1_0.enrollment_date,
        e1_0.status,
        e1_0.student_id,
        s1_0.id,
        s1_0.address,
        s1_0.created_at,
        s1_0.date_of_birth,
        s1_0.email,
        s1_0.first_name,
        s1_0.last_name,
        s1_0.phone,
        s1_0.updated_at,
        e1_0.updated_at 
    from
        enrollments e1_0 
    join
        courses c1_0 
            on c1_0.id=e1_0.course_id 
    join
        students s1_0 
            on s1_0.id=e1_0.student_id 
    limit
        ?, ?
2026-09-25T00:25:30.867+05:30 TRACE 37120 --- [student-management-system] [http-nio-8080-exec-5] org.hibernate.orm.jdbc.bind              : binding parameter (1:INTEGER) <- [0]
2026-09-25T00:25:30.867+05:30 TRACE 37120 --- [student-management-system] [http-nio-8080-exec-5] org.hibernate.orm.jdbc.bind              : binding parameter (2:INTEGER) <- [10]
2026-09-25T00:26:29.879+05:30 DEBUG 37120 --- [student-management-system] [http-nio-8080-exec-6] org.hibernate.SQL                        : 
    select
        u1_0.id,
        u1_0.created_at,
        u1_0.password,
        u1_0.role,
        u1_0.updated_at,
        u1_0.username 
    from
        users u1_0 
    where
        u1_0.username=?
2026-09-25T00:26:29.881+05:30 TRACE 37120 --- [student-management-system] [http-nio-8080-exec-6] org.hibernate.orm.jdbc.bind              : binding parameter (1:VARCHAR) <- [admin]
2026-09-25T00:26:29.958+05:30 DEBUG 37120 --- [student-management-system] [http-nio-8080-exec-6] org.hibernate.SQL                        : 
    select
        s1_0.id,
        s1_0.address,
        s1_0.created_at,
        s1_0.date_of_birth,
        s1_0.email,
        s1_0.first_name,
        s1_0.last_name,
        s1_0.phone,
        s1_0.updated_at 
    from
        students s1_0 
    order by
        s1_0.id 
    limit
        ?, ?
2026-09-25T00:26:29.959+05:30 TRACE 37120 --- [student-management-system] [http-nio-8080-exec-6] org.hibernate.orm.jdbc.bind              : binding parameter (1:INTEGER) <- [0]
2026-09-25T00:26:29.959+05:30 TRACE 37120 --- [student-management-system] [http-nio-8080-exec-6] org.hibernate.orm.jdbc.bind              : binding parameter (2:INTEGER) <- [10]
2026-09-25T00:26:29.975+05:30 DEBUG 37120 --- [student-management-system] [http-nio-8080-exec-1] org.hibernate.SQL                        : 
    select
        u1_0.id,
        u1_0.created_at,
        u1_0.password,
        u1_0.role,
        u1_0.updated_at,
        u1_0.username 
    from
        users u1_0 
    where
        u1_0.username=?
2026-09-25T00:26:29.975+05:30 TRACE 37120 --- [student-management-system] [http-nio-8080-exec-1] org.hibernate.orm.jdbc.bind              : binding parameter (1:VARCHAR) <- [admin]
2026-09-25T00:26:29.979+05:30 DEBUG 37120 --- [student-management-system] [http-nio-8080-exec-1] org.hibernate.SQL                        : 
    select
        s1_0.id,
        s1_0.address,
        s1_0.created_at,
        s1_0.date_of_birth,
        s1_0.email,
        s1_0.first_name,
        s1_0.last_name,
        s1_0.phone,
        s1_0.updated_at 
    from
        students s1_0 
    order by
        s1_0.id 
    limit
        ?, ?
2026-09-25T00:26:29.979+05:30 TRACE 37120 --- [student-management-system] [http-nio-8080-exec-1] org.hibernate.orm.jdbc.bind              : binding parameter (1:INTEGER) <- [0]
2026-09-25T00:26:29.979+05:30 TRACE 37120 --- [student-management-system] [http-nio-8080-exec-1] org.hibernate.orm.jdbc.bind              : binding parameter (2:INTEGER) <- [10]
2026-09-25T00:26:30.661+05:30 DEBUG 37120 --- [student-management-system] [http-nio-8080-exec-9] org.hibernate.SQL                        : 
    select
        u1_0.id,
        u1_0.created_at,
        u1_0.password,
        u1_0.role,
        u1_0.updated_at,
        u1_0.username 
    from
        users u1_0 
    where
        u1_0.username=?
2026-09-25T00:26:30.661+05:30 TRACE 37120 --- [student-management-system] [http-nio-8080-exec-9] org.hibernate.orm.jdbc.bind              : binding parameter (1:VARCHAR) <- [admin]
2026-09-25T00:26:30.666+05:30 DEBUG 37120 --- [student-management-system] [http-nio-8080-exec-9] org.hibernate.SQL                        : 
    select
        s1_0.id,
        s1_0.address,
        s1_0.created_at,
        s1_0.date_of_birth,
        s1_0.email,
        s1_0.first_name,
        s1_0.last_name,
        s1_0.phone,
        s1_0.updated_at 
    from
        students s1_0 
    order by
        s1_0.id 
    limit
        ?, ?
2026-09-25T00:26:30.667+05:30 TRACE 37120 --- [student-management-system] [http-nio-8080-exec-9] org.hibernate.orm.jdbc.bind              : binding parameter (1:INTEGER) <- [0]
2026-09-25T00:26:30.667+05:30 TRACE 37120 --- [student-management-system] [http-nio-8080-exec-9] org.hibernate.orm.jdbc.bind              : binding parameter (2:INTEGER) <- [10]
2026-09-25T00:26:30.684+05:30 DEBUG 37120 --- [student-management-system] [http-nio-8080-exec-10] org.hibernate.SQL                        : 
    select
        u1_0.id,
        u1_0.created_at,
        u1_0.password,
        u1_0.role,
        u1_0.updated_at,
        u1_0.username 
    from
        users u1_0 
    where
        u1_0.username=?
2026-09-25T00:26:30.685+05:30 TRACE 37120 --- [student-management-system] [http-nio-8080-exec-10] org.hibernate.orm.jdbc.bind              : binding parameter (1:VARCHAR) <- [admin]
2026-09-25T00:26:30.688+05:30 DEBUG 37120 --- [student-management-system] [http-nio-8080-exec-10] org.hibernate.SQL                        : 
    select
        s1_0.id,
        s1_0.address,
        s1_0.created_at,
        s1_0.date_of_birth,
        s1_0.email,
        s1_0.first_name,
        s1_0.last_name,
        s1_0.phone,
        s1_0.updated_at 
    from
        students s1_0 
    order by
        s1_0.id 
    limit
        ?, ?
2026-09-25T00:26:30.689+05:30 TRACE 37120 --- [student-management-system] [http-nio-8080-exec-10] org.hibernate.orm.jdbc.bind              : binding parameter (1:INTEGER) <- [0]
2026-09-25T00:26:30.689+05:30 TRACE 37120 --- [student-management-system] [http-nio-8080-exec-10] org.hibernate.orm.jdbc.bind              : binding parameter (2:INTEGER) <- [10]
2026-09-25T00:26:36.307+05:30 DEBUG 37120 --- [student-management-system] [http-nio-8080-exec-8] org.hibernate.SQL                        : 
    select
        u1_0.id,
        u1_0.created_at,
        u1_0.password,
        u1_0.role,
        u1_0.updated_at,
        u1_0.username 
    from
        users u1_0 
    where
        u1_0.username=?
2026-09-25T00:26:36.307+05:30 TRACE 37120 --- [student-management-system] [http-nio-8080-exec-8] org.hibernate.orm.jdbc.bind              : binding parameter (1:VARCHAR) <- [user]
2026-09-25T00:26:36.529+05:30 DEBUG 37120 --- [student-management-system] [http-nio-8080-exec-7] org.hibernate.SQL                        : 
    select
        u1_0.id,
        u1_0.created_at,
        u1_0.password,
        u1_0.role,
        u1_0.updated_at,
        u1_0.username 
    from
        users u1_0 
    where
        u1_0.username=?
2026-09-25T00:26:36.530+05:30 TRACE 37120 --- [student-management-system] [http-nio-8080-exec-7] org.hibernate.orm.jdbc.bind              : binding parameter (1:VARCHAR) <- [user]
2026-09-25T00:26:36.532+05:30 DEBUG 37120 --- [student-management-system] [http-nio-8080-exec-4] org.hibernate.SQL                        : 
    select
        u1_0.id,
        u1_0.created_at,
        u1_0.password,
        u1_0.role,
        u1_0.updated_at,
        u1_0.username 
    from
        users u1_0 
    where
        u1_0.username=?
2026-09-25T00:26:36.533+05:30 DEBUG 37120 --- [student-management-system] [http-nio-8080-exec-2] org.hibernate.SQL                        : 
    select
        u1_0.id,
        u1_0.created_at,
        u1_0.password,
        u1_0.role,
        u1_0.updated_at,
        u1_0.username 
    from
        users u1_0 
    where
        u1_0.username=?
2026-09-25T00:26:36.533+05:30 TRACE 37120 --- [student-management-system] [http-nio-8080-exec-2] org.hibernate.orm.jdbc.bind              : binding parameter (1:VARCHAR) <- [user]
2026-09-25T00:26:36.533+05:30 TRACE 37120 --- [student-management-system] [http-nio-8080-exec-4] org.hibernate.orm.jdbc.bind              : binding parameter (1:VARCHAR) <- [user]
2026-09-25T00:26:36.561+05:30 DEBUG 37120 --- [student-management-system] [http-nio-8080-exec-7] org.hibernate.SQL                        : 
    select
        s1_0.id,
        s1_0.address,
        s1_0.created_at,
        s1_0.date_of_birth,
        s1_0.email,
        s1_0.first_name,
        s1_0.last_name,
        s1_0.phone,
        s1_0.updated_at 
    from
        students s1_0 
    order by
        s1_0.id 
    limit
        ?, ?
2026-09-25T00:26:36.562+05:30 TRACE 37120 --- [student-management-system] [http-nio-8080-exec-7] org.hibernate.orm.jdbc.bind              : binding parameter (1:INTEGER) <- [0]
2026-09-25T00:26:36.563+05:30 DEBUG 37120 --- [student-management-system] [http-nio-8080-exec-2] org.hibernate.SQL                        : 
    select
        c1_0.id,
        c1_0.course_code,
        c1_0.course_name,
        c1_0.created_at,
        c1_0.description,
        c1_0.duration,
        c1_0.fees,
        c1_0.updated_at 
    from
        courses c1_0 
    order by
        c1_0.id 
    limit
        ?, ?
2026-09-25T00:26:36.563+05:30 TRACE 37120 --- [student-management-system] [http-nio-8080-exec-7] org.hibernate.orm.jdbc.bind              : binding parameter (2:INTEGER) <- [1]
2026-09-25T00:26:36.563+05:30 TRACE 37120 --- [student-management-system] [http-nio-8080-exec-2] org.hibernate.orm.jdbc.bind              : binding parameter (1:INTEGER) <- [0]
2026-09-25T00:26:36.563+05:30 TRACE 37120 --- [student-management-system] [http-nio-8080-exec-2] org.hibernate.orm.jdbc.bind              : binding parameter (2:INTEGER) <- [1]
2026-09-25T00:26:36.565+05:30 DEBUG 37120 --- [student-management-system] [http-nio-8080-exec-4] org.hibernate.SQL                        : 
    select
        e1_0.id,
        e1_0.course_id,
        c1_0.id,
        c1_0.course_code,
        c1_0.course_name,
        c1_0.created_at,
        c1_0.description,
        c1_0.duration,
        c1_0.fees,
        c1_0.updated_at,
        e1_0.created_at,
        e1_0.enrollment_date,
        e1_0.status,
        e1_0.student_id,
        s1_0.id,
        s1_0.address,
        s1_0.created_at,
        s1_0.date_of_birth,
        s1_0.email,
        s1_0.first_name,
        s1_0.last_name,
        s1_0.phone,
        s1_0.updated_at,
        e1_0.updated_at 
    from
        enrollments e1_0 
    join
        courses c1_0 
            on c1_0.id=e1_0.course_id 
    join
        students s1_0 
            on s1_0.id=e1_0.student_id 
    limit
        ?, ?
2026-09-25T00:26:36.565+05:30 TRACE 37120 --- [student-management-system] [http-nio-8080-exec-4] org.hibernate.orm.jdbc.bind              : binding parameter (1:INTEGER) <- [0]
2026-09-25T00:26:36.565+05:30 TRACE 37120 --- [student-management-system] [http-nio-8080-exec-4] org.hibernate.orm.jdbc.bind              : binding parameter (2:INTEGER) <- [100]
2026-09-25T00:26:36.566+05:30 DEBUG 37120 --- [student-management-system] [http-nio-8080-exec-2] org.hibernate.SQL                        : 
    select
        count(c1_0.id) 
    from
        courses c1_0
2026-09-25T00:26:36.566+05:30 DEBUG 37120 --- [student-management-system] [http-nio-8080-exec-7] org.hibernate.SQL                        : 
    select
        count(s1_0.id) 
    from
        students s1_0
2026-09-25T00:26:36.578+05:30 DEBUG 37120 --- [student-management-system] [http-nio-8080-exec-1] org.hibernate.SQL                        : 
    select
        u1_0.id,
        u1_0.created_at,
        u1_0.password,
        u1_0.role,
        u1_0.updated_at,
        u1_0.username 
    from
        users u1_0 
    where
        u1_0.username=?
2026-09-25T00:26:36.580+05:30 TRACE 37120 --- [student-management-system] [http-nio-8080-exec-1] org.hibernate.orm.jdbc.bind              : binding parameter (1:VARCHAR) <- [user]
2026-09-25T00:26:36.578+05:30 DEBUG 37120 --- [student-management-system] [http-nio-8080-exec-8] org.hibernate.SQL                        : 
    select
        u1_0.id,
        u1_0.created_at,
        u1_0.password,
        u1_0.role,
        u1_0.updated_at,
        u1_0.username 
    from
        users u1_0 
    where
        u1_0.username=?
2026-09-25T00:26:36.581+05:30 TRACE 37120 --- [student-management-system] [http-nio-8080-exec-8] org.hibernate.orm.jdbc.bind              : binding parameter (1:VARCHAR) <- [user]
2026-09-25T00:26:36.581+05:30 DEBUG 37120 --- [student-management-system] [http-nio-8080-exec-6] org.hibernate.SQL                        : 
    select
        u1_0.id,
        u1_0.created_at,
        u1_0.password,
        u1_0.role,
        u1_0.updated_at,
        u1_0.username 
    from
        users u1_0 
    where
        u1_0.username=?
2026-09-25T00:26:36.581+05:30 TRACE 37120 --- [student-management-system] [http-nio-8080-exec-6] org.hibernate.orm.jdbc.bind              : binding parameter (1:VARCHAR) <- [user]
2026-09-25T00:26:36.585+05:30 DEBUG 37120 --- [student-management-system] [http-nio-8080-exec-1] org.hibernate.SQL                        : 
    select
        c1_0.id,
        c1_0.course_code,
        c1_0.course_name,
        c1_0.created_at,
        c1_0.description,
        c1_0.duration,
        c1_0.fees,
        c1_0.updated_at 
    from
        courses c1_0 
    order by
        c1_0.id 
    limit
        ?, ?
2026-09-25T00:26:36.586+05:30 TRACE 37120 --- [student-management-system] [http-nio-8080-exec-1] org.hibernate.orm.jdbc.bind              : binding parameter (1:INTEGER) <- [0]
2026-09-25T00:26:36.586+05:30 TRACE 37120 --- [student-management-system] [http-nio-8080-exec-1] org.hibernate.orm.jdbc.bind              : binding parameter (2:INTEGER) <- [1]
2026-09-25T00:26:36.585+05:30 DEBUG 37120 --- [student-management-system] [http-nio-8080-exec-8] org.hibernate.SQL                        : 
    select
        s1_0.id,
        s1_0.address,
        s1_0.created_at,
        s1_0.date_of_birth,
        s1_0.email,
        s1_0.first_name,
        s1_0.last_name,
        s1_0.phone,
        s1_0.updated_at 
    from
        students s1_0 
    order by
        s1_0.id 
    limit
        ?, ?
2026-09-25T00:26:36.587+05:30 TRACE 37120 --- [student-management-system] [http-nio-8080-exec-8] org.hibernate.orm.jdbc.bind              : binding parameter (1:INTEGER) <- [0]
2026-09-25T00:26:36.587+05:30 TRACE 37120 --- [student-management-system] [http-nio-8080-exec-8] org.hibernate.orm.jdbc.bind              : binding parameter (2:INTEGER) <- [1]
2026-09-25T00:26:36.587+05:30 DEBUG 37120 --- [student-management-system] [http-nio-8080-exec-6] org.hibernate.SQL                        : 
    select
        e1_0.id,
        e1_0.course_id,
        c1_0.id,
        c1_0.course_code,
        c1_0.course_name,
        c1_0.created_at,
        c1_0.description,
        c1_0.duration,
        c1_0.fees,
        c1_0.updated_at,
        e1_0.created_at,
        e1_0.enrollment_date,
        e1_0.status,
        e1_0.student_id,
        s1_0.id,
        s1_0.address,
        s1_0.created_at,
        s1_0.date_of_birth,
        s1_0.email,
        s1_0.first_name,
        s1_0.last_name,
        s1_0.phone,
        s1_0.updated_at,
        e1_0.updated_at 
    from
        enrollments e1_0 
    join
        courses c1_0 
            on c1_0.id=e1_0.course_id 
    join
        students s1_0 
            on s1_0.id=e1_0.student_id 
    limit
        ?, ?
2026-09-25T00:26:36.588+05:30 TRACE 37120 --- [student-management-system] [http-nio-8080-exec-6] org.hibernate.orm.jdbc.bind              : binding parameter (1:INTEGER) <- [0]
2026-09-25T00:26:36.588+05:30 TRACE 37120 --- [student-management-system] [http-nio-8080-exec-6] org.hibernate.orm.jdbc.bind              : binding parameter (2:INTEGER) <- [100]
2026-09-25T00:26:36.589+05:30 DEBUG 37120 --- [student-management-system] [http-nio-8080-exec-1] org.hibernate.SQL                        : 
    select
        count(c1_0.id) 
    from
        courses c1_0
2026-09-25T00:26:36.591+05:30 DEBUG 37120 --- [student-management-system] [http-nio-8080-exec-8] org.hibernate.SQL                        : 
    select
        count(s1_0.id) 
    from
        students s1_0
2026-09-25T00:26:41.085+05:30 DEBUG 37120 --- [student-management-system] [http-nio-8080-exec-9] org.hibernate.SQL                        : 
    select
        u1_0.id,
        u1_0.created_at,
        u1_0.password,
        u1_0.role,
        u1_0.updated_at,
        u1_0.username 
    from
        users u1_0 
    where
        u1_0.username=?
2026-09-25T00:26:41.086+05:30 TRACE 37120 --- [student-management-system] [http-nio-8080-exec-9] org.hibernate.orm.jdbc.bind              : binding parameter (1:VARCHAR) <- [admin]
2026-09-25T00:26:41.287+05:30 DEBUG 37120 --- [student-management-system] [http-nio-8080-exec-10] org.hibernate.SQL                        : 
    select
        u1_0.id,
        u1_0.created_at,
        u1_0.password,
        u1_0.role,
        u1_0.updated_at,
        u1_0.username 
    from
        users u1_0 
    where
        u1_0.username=?
2026-09-25T00:26:41.288+05:30 DEBUG 37120 --- [student-management-system] [http-nio-8080-exec-5] org.hibernate.SQL                        : 
    select
        u1_0.id,
        u1_0.created_at,
        u1_0.password,
        u1_0.role,
        u1_0.updated_at,
        u1_0.username 
    from
        users u1_0 
    where
        u1_0.username=?
2026-09-25T00:26:41.288+05:30 DEBUG 37120 --- [student-management-system] [http-nio-8080-exec-3] org.hibernate.SQL                        : 
    select
        u1_0.id,
        u1_0.created_at,
        u1_0.password,
        u1_0.role,
        u1_0.updated_at,
        u1_0.username 
    from
        users u1_0 
    where
        u1_0.username=?
2026-09-25T00:26:41.288+05:30 TRACE 37120 --- [student-management-system] [http-nio-8080-exec-10] org.hibernate.orm.jdbc.bind              : binding parameter (1:VARCHAR) <- [admin]
2026-09-25T00:26:41.288+05:30 TRACE 37120 --- [student-management-system] [http-nio-8080-exec-3] org.hibernate.orm.jdbc.bind              : binding parameter (1:VARCHAR) <- [admin]
2026-09-25T00:26:41.288+05:30 TRACE 37120 --- [student-management-system] [http-nio-8080-exec-5] org.hibernate.orm.jdbc.bind              : binding parameter (1:VARCHAR) <- [admin]
2026-09-25T00:26:41.295+05:30 DEBUG 37120 --- [student-management-system] [http-nio-8080-exec-5] org.hibernate.SQL                        : 
    select
        s1_0.id,
        s1_0.address,
        s1_0.created_at,
        s1_0.date_of_birth,
        s1_0.email,
        s1_0.first_name,
        s1_0.last_name,
        s1_0.phone,
        s1_0.updated_at 
    from
        students s1_0 
    order by
        s1_0.id 
    limit
        ?, ?
2026-09-25T00:26:41.295+05:30 DEBUG 37120 --- [student-management-system] [http-nio-8080-exec-3] org.hibernate.SQL                        : 
    select
        c1_0.id,
        c1_0.course_code,
        c1_0.course_name,
        c1_0.created_at,
        c1_0.description,
        c1_0.duration,
        c1_0.fees,
        c1_0.updated_at 
    from
        courses c1_0 
    order by
        c1_0.id 
    limit
        ?, ?
2026-09-25T00:26:41.295+05:30 DEBUG 37120 --- [student-management-system] [http-nio-8080-exec-10] org.hibernate.SQL                        : 
    select
        e1_0.id,
        e1_0.course_id,
        c1_0.id,
        c1_0.course_code,
        c1_0.course_name,
        c1_0.created_at,
        c1_0.description,
        c1_0.duration,
        c1_0.fees,
        c1_0.updated_at,
        e1_0.created_at,
        e1_0.enrollment_date,
        e1_0.status,
        e1_0.student_id,
        s1_0.id,
        s1_0.address,
        s1_0.created_at,
        s1_0.date_of_birth,
        s1_0.email,
        s1_0.first_name,
        s1_0.last_name,
        s1_0.phone,
        s1_0.updated_at,
        e1_0.updated_at 
    from
        enrollments e1_0 
    join
        courses c1_0 
            on c1_0.id=e1_0.course_id 
    join
        students s1_0 
            on s1_0.id=e1_0.student_id 
    limit
        ?, ?
2026-09-25T00:26:41.296+05:30 TRACE 37120 --- [student-management-system] [http-nio-8080-exec-3] org.hibernate.orm.jdbc.bind              : binding parameter (1:INTEGER) <- [0]
2026-09-25T00:26:41.296+05:30 TRACE 37120 --- [student-management-system] [http-nio-8080-exec-10] org.hibernate.orm.jdbc.bind              : binding parameter (1:INTEGER) <- [0]
2026-09-25T00:26:41.296+05:30 TRACE 37120 --- [student-management-system] [http-nio-8080-exec-3] org.hibernate.orm.jdbc.bind              : binding parameter (2:INTEGER) <- [1]
2026-09-25T00:26:41.296+05:30 TRACE 37120 --- [student-management-system] [http-nio-8080-exec-5] org.hibernate.orm.jdbc.bind              : binding parameter (1:INTEGER) <- [0]
2026-09-25T00:26:41.297+05:30 TRACE 37120 --- [student-management-system] [http-nio-8080-exec-10] org.hibernate.orm.jdbc.bind              : binding parameter (2:INTEGER) <- [100]
2026-09-25T00:26:41.297+05:30 TRACE 37120 --- [student-management-system] [http-nio-8080-exec-5] org.hibernate.orm.jdbc.bind              : binding parameter (2:INTEGER) <- [1]
2026-09-25T00:26:41.299+05:30 DEBUG 37120 --- [student-management-system] [http-nio-8080-exec-3] org.hibernate.SQL                        : 
    select
        count(c1_0.id) 
    from
        courses c1_0
2026-09-25T00:26:41.299+05:30 DEBUG 37120 --- [student-management-system] [http-nio-8080-exec-5] org.hibernate.SQL                        : 
    select
        count(s1_0.id) 
    from
        students s1_0
2026-09-25T00:26:41.304+05:30 DEBUG 37120 --- [student-management-system] [http-nio-8080-exec-3] org.hibernate.SQL                        : 
    select
        u1_0.id,
        u1_0.created_at,
        u1_0.password,
        u1_0.role,
        u1_0.updated_at,
        u1_0.username 
    from
        users u1_0 
    where
        u1_0.username=?
2026-09-25T00:26:41.304+05:30 TRACE 37120 --- [student-management-system] [http-nio-8080-exec-3] org.hibernate.orm.jdbc.bind              : binding parameter (1:VARCHAR) <- [admin]
2026-09-25T00:26:41.305+05:30 DEBUG 37120 --- [student-management-system] [http-nio-8080-exec-4] org.hibernate.SQL                        : 
    select
        u1_0.id,
        u1_0.created_at,
        u1_0.password,
        u1_0.role,
        u1_0.updated_at,
        u1_0.username 
    from
        users u1_0 
    where
        u1_0.username=?
2026-09-25T00:26:41.305+05:30 DEBUG 37120 --- [student-management-system] [http-nio-8080-exec-2] org.hibernate.SQL                        : 
    select
        u1_0.id,
        u1_0.created_at,
        u1_0.password,
        u1_0.role,
        u1_0.updated_at,
        u1_0.username 
    from
        users u1_0 
    where
        u1_0.username=?
2026-09-25T00:26:41.306+05:30 TRACE 37120 --- [student-management-system] [http-nio-8080-exec-4] org.hibernate.orm.jdbc.bind              : binding parameter (1:VARCHAR) <- [admin]
2026-09-25T00:26:41.306+05:30 TRACE 37120 --- [student-management-system] [http-nio-8080-exec-2] org.hibernate.orm.jdbc.bind              : binding parameter (1:VARCHAR) <- [admin]
2026-09-25T00:26:41.308+05:30 DEBUG 37120 --- [student-management-system] [http-nio-8080-exec-3] org.hibernate.SQL                        : 
    select
        e1_0.id,
        e1_0.course_id,
        c1_0.id,
        c1_0.course_code,
        c1_0.course_name,
        c1_0.created_at,
        c1_0.description,
        c1_0.duration,
        c1_0.fees,
        c1_0.updated_at,
        e1_0.created_at,
        e1_0.enrollment_date,
        e1_0.status,
        e1_0.student_id,
        s1_0.id,
        s1_0.address,
        s1_0.created_at,
        s1_0.date_of_birth,
        s1_0.email,
        s1_0.first_name,
        s1_0.last_name,
        s1_0.phone,
        s1_0.updated_at,
        e1_0.updated_at 
    from
        enrollments e1_0 
    join
        courses c1_0 
            on c1_0.id=e1_0.course_id 
    join
        students s1_0 
            on s1_0.id=e1_0.student_id 
    limit
        ?, ?
2026-09-25T00:26:41.308+05:30 TRACE 37120 --- [student-management-system] [http-nio-8080-exec-3] org.hibernate.orm.jdbc.bind              : binding parameter (1:INTEGER) <- [0]
2026-09-25T00:26:41.308+05:30 TRACE 37120 --- [student-management-system] [http-nio-8080-exec-3] org.hibernate.orm.jdbc.bind              : binding parameter (2:INTEGER) <- [100]
2026-09-25T00:26:41.309+05:30 DEBUG 37120 --- [student-management-system] [http-nio-8080-exec-2] org.hibernate.SQL                        : 
    select
        s1_0.id,
        s1_0.address,
        s1_0.created_at,
        s1_0.date_of_birth,
        s1_0.email,
        s1_0.first_name,
        s1_0.last_name,
        s1_0.phone,
        s1_0.updated_at 
    from
        students s1_0 
    order by
        s1_0.id 
    limit
        ?, ?
2026-09-25T00:26:41.309+05:30 DEBUG 37120 --- [student-management-system] [http-nio-8080-exec-4] org.hibernate.SQL                        : 
    select
        c1_0.id,
        c1_0.course_code,
        c1_0.course_name,
        c1_0.created_at,
        c1_0.description,
        c1_0.duration,
        c1_0.fees,
        c1_0.updated_at 
    from
        courses c1_0 
    order by
        c1_0.id 
    limit
        ?, ?
2026-09-25T00:26:41.309+05:30 TRACE 37120 --- [student-management-system] [http-nio-8080-exec-2] org.hibernate.orm.jdbc.bind              : binding parameter (1:INTEGER) <- [0]
2026-09-25T00:26:41.309+05:30 TRACE 37120 --- [student-management-system] [http-nio-8080-exec-2] org.hibernate.orm.jdbc.bind              : binding parameter (2:INTEGER) <- [1]
2026-09-25T00:26:41.309+05:30 TRACE 37120 --- [student-management-system] [http-nio-8080-exec-4] org.hibernate.orm.jdbc.bind              : binding parameter (1:INTEGER) <- [0]
2026-09-25T00:26:41.309+05:30 TRACE 37120 --- [student-management-system] [http-nio-8080-exec-4] org.hibernate.orm.jdbc.bind              : binding parameter (2:INTEGER) <- [1]
2026-09-25T00:26:41.310+05:30 DEBUG 37120 --- [student-management-system] [http-nio-8080-exec-2] org.hibernate.SQL                        : 
    select
        count(s1_0.id) 
    from
        students s1_0
2026-09-25T00:26:41.312+05:30 DEBUG 37120 --- [student-management-system] [http-nio-8080-exec-4] org.hibernate.SQL                        : 
    select
        count(c1_0.id) 
    from
        courses c1_0
2026-09-25T00:26:45.763+05:30 DEBUG 37120 --- [student-management-system] [http-nio-8080-exec-1] org.hibernate.SQL                        : 
    select
        u1_0.id,
        u1_0.created_at,
        u1_0.password,
        u1_0.role,
        u1_0.updated_at,
        u1_0.username 
    from
        users u1_0 
    where
        u1_0.username=?
2026-09-25T00:26:45.765+05:30 TRACE 37120 --- [student-management-system] [http-nio-8080-exec-1] org.hibernate.orm.jdbc.bind              : binding parameter (1:VARCHAR) <- [admin]
2026-09-25T00:26:45.976+05:30 DEBUG 37120 --- [student-management-system] [http-nio-8080-exec-3] org.hibernate.SQL                        : 
    select
        u1_0.id,
        u1_0.created_at,
        u1_0.password,
        u1_0.role,
        u1_0.updated_at,
        u1_0.username 
    from
        users u1_0 
    where
        u1_0.username=?
2026-09-25T00:26:45.977+05:30 TRACE 37120 --- [student-management-system] [http-nio-8080-exec-3] org.hibernate.orm.jdbc.bind              : binding parameter (1:VARCHAR) <- [admin]
2026-09-25T00:26:45.982+05:30 DEBUG 37120 --- [student-management-system] [http-nio-8080-exec-4] org.hibernate.SQL                        : 
    select
        u1_0.id,
        u1_0.created_at,
        u1_0.password,
        u1_0.role,
        u1_0.updated_at,
        u1_0.username 
    from
        users u1_0 
    where
        u1_0.username=?
2026-09-25T00:26:45.983+05:30 DEBUG 37120 --- [student-management-system] [http-nio-8080-exec-6] org.hibernate.SQL                        : 
    select
        u1_0.id,
        u1_0.created_at,
        u1_0.password,
        u1_0.role,
        u1_0.updated_at,
        u1_0.username 
    from
        users u1_0 
    where
        u1_0.username=?
2026-09-25T00:26:45.983+05:30 TRACE 37120 --- [student-management-system] [http-nio-8080-exec-4] org.hibernate.orm.jdbc.bind              : binding parameter (1:VARCHAR) <- [admin]
2026-09-25T00:26:45.983+05:30 TRACE 37120 --- [student-management-system] [http-nio-8080-exec-6] org.hibernate.orm.jdbc.bind              : binding parameter (1:VARCHAR) <- [admin]
2026-09-25T00:26:45.986+05:30 DEBUG 37120 --- [student-management-system] [http-nio-8080-exec-3] org.hibernate.SQL                        : 
    select
        c1_0.id,
        c1_0.course_code,
        c1_0.course_name,
        c1_0.created_at,
        c1_0.description,
        c1_0.duration,
        c1_0.fees,
        c1_0.updated_at 
    from
        courses c1_0 
    order by
        c1_0.id 
    limit
        ?, ?
2026-09-25T00:26:45.986+05:30 DEBUG 37120 --- [student-management-system] [http-nio-8080-exec-6] org.hibernate.SQL                        : 
    select
        s1_0.id,
        s1_0.address,
        s1_0.created_at,
        s1_0.date_of_birth,
        s1_0.email,
        s1_0.first_name,
        s1_0.last_name,
        s1_0.phone,
        s1_0.updated_at 
    from
        students s1_0 
    order by
        s1_0.id 
    limit
        ?, ?
2026-09-25T00:26:45.987+05:30 TRACE 37120 --- [student-management-system] [http-nio-8080-exec-3] org.hibernate.orm.jdbc.bind              : binding parameter (1:INTEGER) <- [0]
2026-09-25T00:26:45.987+05:30 TRACE 37120 --- [student-management-system] [http-nio-8080-exec-3] org.hibernate.orm.jdbc.bind              : binding parameter (2:INTEGER) <- [1]
2026-09-25T00:26:45.987+05:30 TRACE 37120 --- [student-management-system] [http-nio-8080-exec-6] org.hibernate.orm.jdbc.bind              : binding parameter (1:INTEGER) <- [0]
2026-09-25T00:26:45.987+05:30 TRACE 37120 --- [student-management-system] [http-nio-8080-exec-6] org.hibernate.orm.jdbc.bind              : binding parameter (2:INTEGER) <- [1]
2026-09-25T00:26:45.987+05:30 DEBUG 37120 --- [student-management-system] [http-nio-8080-exec-4] org.hibernate.SQL                        : 
    select
        e1_0.id,
        e1_0.course_id,
        c1_0.id,
        c1_0.course_code,
        c1_0.course_name,
        c1_0.created_at,
        c1_0.description,
        c1_0.duration,
        c1_0.fees,
        c1_0.updated_at,
        e1_0.created_at,
        e1_0.enrollment_date,
        e1_0.status,
        e1_0.student_id,
        s1_0.id,
        s1_0.address,
        s1_0.created_at,
        s1_0.date_of_birth,
        s1_0.email,
        s1_0.first_name,
        s1_0.last_name,
        s1_0.phone,
        s1_0.updated_at,
        e1_0.updated_at 
    from
        enrollments e1_0 
    join
        courses c1_0 
            on c1_0.id=e1_0.course_id 
    join
        students s1_0 
            on s1_0.id=e1_0.student_id 
    limit
        ?, ?
2026-09-25T00:26:45.987+05:30 TRACE 37120 --- [student-management-system] [http-nio-8080-exec-4] org.hibernate.orm.jdbc.bind              : binding parameter (1:INTEGER) <- [0]
2026-09-25T00:26:45.987+05:30 TRACE 37120 --- [student-management-system] [http-nio-8080-exec-4] org.hibernate.orm.jdbc.bind              : binding parameter (2:INTEGER) <- [100]
2026-09-25T00:26:45.988+05:30 DEBUG 37120 --- [student-management-system] [http-nio-8080-exec-6] org.hibernate.SQL                        : 
    select
        count(s1_0.id) 
    from
        students s1_0
2026-09-25T00:26:45.988+05:30 DEBUG 37120 --- [student-management-system] [http-nio-8080-exec-3] org.hibernate.SQL                        : 
    select
        count(c1_0.id) 
    from
        courses c1_0
2026-09-25T00:26:45.995+05:30 DEBUG 37120 --- [student-management-system] [http-nio-8080-exec-10] org.hibernate.SQL                        : 
    select
        u1_0.id,
        u1_0.created_at,
        u1_0.password,
        u1_0.role,
        u1_0.updated_at,
        u1_0.username 
    from
        users u1_0 
    where
        u1_0.username=?
2026-09-25T00:26:45.995+05:30 DEBUG 37120 --- [student-management-system] [http-nio-8080-exec-8] org.hibernate.SQL                        : 
    select
        u1_0.id,
        u1_0.created_at,
        u1_0.password,
        u1_0.role,
        u1_0.updated_at,
        u1_0.username 
    from
        users u1_0 
    where
        u1_0.username=?
2026-09-25T00:26:45.995+05:30 TRACE 37120 --- [student-management-system] [http-nio-8080-exec-10] org.hibernate.orm.jdbc.bind              : binding parameter (1:VARCHAR) <- [admin]
2026-09-25T00:26:45.995+05:30 DEBUG 37120 --- [student-management-system] [http-nio-8080-exec-1] org.hibernate.SQL                        : 
    select
        u1_0.id,
        u1_0.created_at,
        u1_0.password,
        u1_0.role,
        u1_0.updated_at,
        u1_0.username 
    from
        users u1_0 
    where
        u1_0.username=?
2026-09-25T00:26:45.997+05:30 TRACE 37120 --- [student-management-system] [http-nio-8080-exec-8] org.hibernate.orm.jdbc.bind              : binding parameter (1:VARCHAR) <- [admin]
2026-09-25T00:26:45.998+05:30 TRACE 37120 --- [student-management-system] [http-nio-8080-exec-1] org.hibernate.orm.jdbc.bind              : binding parameter (1:VARCHAR) <- [admin]
2026-09-25T00:26:46.007+05:30 DEBUG 37120 --- [student-management-system] [http-nio-8080-exec-1] org.hibernate.SQL                        : 
    select
        c1_0.id,
        c1_0.course_code,
        c1_0.course_name,
        c1_0.created_at,
        c1_0.description,
        c1_0.duration,
        c1_0.fees,
        c1_0.updated_at 
    from
        courses c1_0 
    order by
        c1_0.id 
    limit
        ?, ?
2026-09-25T00:26:46.007+05:30 DEBUG 37120 --- [student-management-system] [http-nio-8080-exec-10] org.hibernate.SQL                        : 
    select
        s1_0.id,
        s1_0.address,
        s1_0.created_at,
        s1_0.date_of_birth,
        s1_0.email,
        s1_0.first_name,
        s1_0.last_name,
        s1_0.phone,
        s1_0.updated_at 
    from
        students s1_0 
    order by
        s1_0.id 
    limit
        ?, ?
2026-09-25T00:26:46.007+05:30 TRACE 37120 --- [student-management-system] [http-nio-8080-exec-1] org.hibernate.orm.jdbc.bind              : binding parameter (1:INTEGER) <- [0]
2026-09-25T00:26:46.008+05:30 TRACE 37120 --- [student-management-system] [http-nio-8080-exec-1] org.hibernate.orm.jdbc.bind              : binding parameter (2:INTEGER) <- [1]
2026-09-25T00:26:46.008+05:30 TRACE 37120 --- [student-management-system] [http-nio-8080-exec-10] org.hibernate.orm.jdbc.bind              : binding parameter (1:INTEGER) <- [0]
2026-09-25T00:26:46.008+05:30 TRACE 37120 --- [student-management-system] [http-nio-8080-exec-10] org.hibernate.orm.jdbc.bind              : binding parameter (2:INTEGER) <- [1]
2026-09-25T00:26:46.010+05:30 DEBUG 37120 --- [student-management-system] [http-nio-8080-exec-1] org.hibernate.SQL                        : 
    select
        count(c1_0.id) 
    from
        courses c1_0
2026-09-25T00:26:46.011+05:30 DEBUG 37120 --- [student-management-system] [http-nio-8080-exec-10] org.hibernate.SQL                        : 
    select
        count(s1_0.id) 
    from
        students s1_0
2026-09-25T00:26:46.011+05:30 DEBUG 37120 --- [student-management-system] [http-nio-8080-exec-8] org.hibernate.SQL                        : 
    select
        e1_0.id,
        e1_0.course_id,
        c1_0.id,
        c1_0.course_code,
        c1_0.course_name,
        c1_0.created_at,
        c1_0.description,
        c1_0.duration,
        c1_0.fees,
        c1_0.updated_at,
        e1_0.created_at,
        e1_0.enrollment_date,
        e1_0.status,
        e1_0.student_id,
        s1_0.id,
        s1_0.address,
        s1_0.created_at,
        s1_0.date_of_birth,
        s1_0.email,
        s1_0.first_name,
        s1_0.last_name,
        s1_0.phone,
        s1_0.updated_at,
        e1_0.updated_at 
    from
        enrollments e1_0 
    join
        courses c1_0 
            on c1_0.id=e1_0.course_id 
    join
        students s1_0 
            on s1_0.id=e1_0.student_id 
    limit
        ?, ?
2026-09-25T00:26:46.013+05:30 TRACE 37120 --- [student-management-system] [http-nio-8080-exec-8] org.hibernate.orm.jdbc.bind              : binding parameter (1:INTEGER) <- [0]
2026-09-25T00:26:46.014+05:30 TRACE 37120 --- [student-management-system] [http-nio-8080-exec-8] org.hibernate.orm.jdbc.bind              : binding parameter (2:INTEGER) <- [100]
2026-09-25T00:26:52.885+05:30 DEBUG 37120 --- [student-management-system] [http-nio-8080-exec-7] org.hibernate.SQL                        : 
    select
        u1_0.id,
        u1_0.created_at,
        u1_0.password,
        u1_0.role,
        u1_0.updated_at,
        u1_0.username 
    from
        users u1_0 
    where
        u1_0.username=?
2026-09-25T00:26:52.886+05:30 TRACE 37120 --- [student-management-system] [http-nio-8080-exec-7] org.hibernate.orm.jdbc.bind              : binding parameter (1:VARCHAR) <- [user]
2026-09-25T00:26:53.089+05:30 DEBUG 37120 --- [student-management-system] [http-nio-8080-exec-8] org.hibernate.SQL                        : 
    select
        u1_0.id,
        u1_0.created_at,
        u1_0.password,
        u1_0.role,
        u1_0.updated_at,
        u1_0.username 
    from
        users u1_0 
    where
        u1_0.username=?
2026-09-25T00:26:53.090+05:30 TRACE 37120 --- [student-management-system] [http-nio-8080-exec-8] org.hibernate.orm.jdbc.bind              : binding parameter (1:VARCHAR) <- [user]
2026-09-25T00:26:53.090+05:30 DEBUG 37120 --- [student-management-system] [http-nio-8080-exec-9] org.hibernate.SQL                        : 
    select
        u1_0.id,
        u1_0.created_at,
        u1_0.password,
        u1_0.role,
        u1_0.updated_at,
        u1_0.username 
    from
        users u1_0 
    where
        u1_0.username=?
2026-09-25T00:26:53.090+05:30 DEBUG 37120 --- [student-management-system] [http-nio-8080-exec-10] org.hibernate.SQL                        : 
    select
        u1_0.id,
        u1_0.created_at,
        u1_0.password,
        u1_0.role,
        u1_0.updated_at,
        u1_0.username 
    from
        users u1_0 
    where
        u1_0.username=?
2026-09-25T00:26:53.090+05:30 TRACE 37120 --- [student-management-system] [http-nio-8080-exec-9] org.hibernate.orm.jdbc.bind              : binding parameter (1:VARCHAR) <- [user]
2026-09-25T00:26:53.090+05:30 TRACE 37120 --- [student-management-system] [http-nio-8080-exec-10] org.hibernate.orm.jdbc.bind              : binding parameter (1:VARCHAR) <- [user]
2026-09-25T00:26:53.094+05:30 DEBUG 37120 --- [student-management-system] [http-nio-8080-exec-10] org.hibernate.SQL                        : 
    select
        c1_0.id,
        c1_0.course_code,
        c1_0.course_name,
        c1_0.created_at,
        c1_0.description,
        c1_0.duration,
        c1_0.fees,
        c1_0.updated_at 
    from
        courses c1_0 
    order by
        c1_0.id 
    limit
        ?, ?
2026-09-25T00:26:53.094+05:30 DEBUG 37120 --- [student-management-system] [http-nio-8080-exec-8] org.hibernate.SQL                        : 
    select
        s1_0.id,
        s1_0.address,
        s1_0.created_at,
        s1_0.date_of_birth,
        s1_0.email,
        s1_0.first_name,
        s1_0.last_name,
        s1_0.phone,
        s1_0.updated_at 
    from
        students s1_0 
    order by
        s1_0.id 
    limit
        ?, ?
2026-09-25T00:26:53.094+05:30 TRACE 37120 --- [student-management-system] [http-nio-8080-exec-8] org.hibernate.orm.jdbc.bind              : binding parameter (1:INTEGER) <- [0]
2026-09-25T00:26:53.094+05:30 TRACE 37120 --- [student-management-system] [http-nio-8080-exec-8] org.hibernate.orm.jdbc.bind              : binding parameter (2:INTEGER) <- [1]
2026-09-25T00:26:53.094+05:30 TRACE 37120 --- [student-management-system] [http-nio-8080-exec-10] org.hibernate.orm.jdbc.bind              : binding parameter (1:INTEGER) <- [0]
2026-09-25T00:26:53.094+05:30 TRACE 37120 --- [student-management-system] [http-nio-8080-exec-10] org.hibernate.orm.jdbc.bind              : binding parameter (2:INTEGER) <- [1]
2026-09-25T00:26:53.095+05:30 DEBUG 37120 --- [student-management-system] [http-nio-8080-exec-9] org.hibernate.SQL                        : 
    select
        e1_0.id,
        e1_0.course_id,
        c1_0.id,
        c1_0.course_code,
        c1_0.course_name,
        c1_0.created_at,
        c1_0.description,
        c1_0.duration,
        c1_0.fees,
        c1_0.updated_at,
        e1_0.created_at,
        e1_0.enrollment_date,
        e1_0.status,
        e1_0.student_id,
        s1_0.id,
        s1_0.address,
        s1_0.created_at,
        s1_0.date_of_birth,
        s1_0.email,
        s1_0.first_name,
        s1_0.last_name,
        s1_0.phone,
        s1_0.updated_at,
        e1_0.updated_at 
    from
        enrollments e1_0 
    join
        courses c1_0 
            on c1_0.id=e1_0.course_id 
    join
        students s1_0 
            on s1_0.id=e1_0.student_id 
    limit
        ?, ?
2026-09-25T00:26:53.095+05:30 TRACE 37120 --- [student-management-system] [http-nio-8080-exec-9] org.hibernate.orm.jdbc.bind              : binding parameter (1:INTEGER) <- [0]
2026-09-25T00:26:53.095+05:30 TRACE 37120 --- [student-management-system] [http-nio-8080-exec-9] org.hibernate.orm.jdbc.bind              : binding parameter (2:INTEGER) <- [100]
2026-09-25T00:26:53.097+05:30 DEBUG 37120 --- [student-management-system] [http-nio-8080-exec-8] org.hibernate.SQL                        : 
    select
        count(s1_0.id) 
    from
        students s1_0
2026-09-25T00:26:53.097+05:30 DEBUG 37120 --- [student-management-system] [http-nio-8080-exec-10] org.hibernate.SQL                        : 
    select
        count(c1_0.id) 
    from
        courses c1_0
2026-09-25T00:26:53.103+05:30 DEBUG 37120 --- [student-management-system] [http-nio-8080-exec-7] org.hibernate.SQL                        : 
    select
        u1_0.id,
        u1_0.created_at,
        u1_0.password,
        u1_0.role,
        u1_0.updated_at,
        u1_0.username 
    from
        users u1_0 
    where
        u1_0.username=?
2026-09-25T00:26:53.103+05:30 DEBUG 37120 --- [student-management-system] [http-nio-8080-exec-10] org.hibernate.SQL                        : 
    select
        u1_0.id,
        u1_0.created_at,
        u1_0.password,
        u1_0.role,
        u1_0.updated_at,
        u1_0.username 
    from
        users u1_0 
    where
        u1_0.username=?
2026-09-25T00:26:53.103+05:30 DEBUG 37120 --- [student-management-system] [http-nio-8080-exec-1] org.hibernate.SQL                        : 
    select
        u1_0.id,
        u1_0.created_at,
        u1_0.password,
        u1_0.role,
        u1_0.updated_at,
        u1_0.username 
    from
        users u1_0 
    where
        u1_0.username=?
2026-09-25T00:26:53.104+05:30 TRACE 37120 --- [student-management-system] [http-nio-8080-exec-1] org.hibernate.orm.jdbc.bind              : binding parameter (1:VARCHAR) <- [user]
2026-09-25T00:26:53.104+05:30 TRACE 37120 --- [student-management-system] [http-nio-8080-exec-10] org.hibernate.orm.jdbc.bind              : binding parameter (1:VARCHAR) <- [user]
2026-09-25T00:26:53.103+05:30 TRACE 37120 --- [student-management-system] [http-nio-8080-exec-7] org.hibernate.orm.jdbc.bind              : binding parameter (1:VARCHAR) <- [user]
2026-09-25T00:26:53.114+05:30 DEBUG 37120 --- [student-management-system] [http-nio-8080-exec-10] org.hibernate.SQL                        : 
    select
        s1_0.id,
        s1_0.address,
        s1_0.created_at,
        s1_0.date_of_birth,
        s1_0.email,
        s1_0.first_name,
        s1_0.last_name,
        s1_0.phone,
        s1_0.updated_at 
    from
        students s1_0 
    order by
        s1_0.id 
    limit
        ?, ?
2026-09-25T00:26:53.114+05:30 DEBUG 37120 --- [student-management-system] [http-nio-8080-exec-1] org.hibernate.SQL                        : 
    select
        c1_0.id,
        c1_0.course_code,
        c1_0.course_name,
        c1_0.created_at,
        c1_0.description,
        c1_0.duration,
        c1_0.fees,
        c1_0.updated_at 
    from
        courses c1_0 
    order by
        c1_0.id 
    limit
        ?, ?
2026-09-25T00:26:53.114+05:30 DEBUG 37120 --- [student-management-system] [http-nio-8080-exec-7] org.hibernate.SQL                        : 
    select
        e1_0.id,
        e1_0.course_id,
        c1_0.id,
        c1_0.course_code,
        c1_0.course_name,
        c1_0.created_at,
        c1_0.description,
        c1_0.duration,
        c1_0.fees,
        c1_0.updated_at,
        e1_0.created_at,
        e1_0.enrollment_date,
        e1_0.status,
        e1_0.student_id,
        s1_0.id,
        s1_0.address,
        s1_0.created_at,
        s1_0.date_of_birth,
        s1_0.email,
        s1_0.first_name,
        s1_0.last_name,
        s1_0.phone,
        s1_0.updated_at,
        e1_0.updated_at 
    from
        enrollments e1_0 
    join
        courses c1_0 
            on c1_0.id=e1_0.course_id 
    join
        students s1_0 
            on s1_0.id=e1_0.student_id 
    limit
        ?, ?
2026-09-25T00:26:53.115+05:30 TRACE 37120 --- [student-management-system] [http-nio-8080-exec-10] org.hibernate.orm.jdbc.bind              : binding parameter (1:INTEGER) <- [0]
2026-09-25T00:26:53.115+05:30 TRACE 37120 --- [student-management-system] [http-nio-8080-exec-10] org.hibernate.orm.jdbc.bind              : binding parameter (2:INTEGER) <- [1]
2026-09-25T00:26:53.115+05:30 TRACE 37120 --- [student-management-system] [http-nio-8080-exec-7] org.hibernate.orm.jdbc.bind              : binding parameter (1:INTEGER) <- [0]
2026-09-25T00:26:53.115+05:30 TRACE 37120 --- [student-management-system] [http-nio-8080-exec-1] org.hibernate.orm.jdbc.bind              : binding parameter (1:INTEGER) <- [0]
2026-09-25T00:26:53.115+05:30 TRACE 37120 --- [student-management-system] [http-nio-8080-exec-7] org.hibernate.orm.jdbc.bind              : binding parameter (2:INTEGER) <- [100]
2026-09-25T00:26:53.115+05:30 TRACE 37120 --- [student-management-system] [http-nio-8080-exec-1] org.hibernate.orm.jdbc.bind              : binding parameter (2:INTEGER) <- [1]
2026-09-25T00:26:53.116+05:30 DEBUG 37120 --- [student-management-system] [http-nio-8080-exec-1] org.hibernate.SQL                        : 
    select
        count(c1_0.id) 
    from
        courses c1_0
2026-09-25T00:26:53.116+05:30 DEBUG 37120 --- [student-management-system] [http-nio-8080-exec-10] org.hibernate.SQL                        : 
    select
        count(s1_0.id) 
    from
        students s1_0
2026-09-25T00:27:01.649+05:30 DEBUG 37120 --- [student-management-system] [http-nio-8080-exec-6] org.hibernate.SQL                        : 
    select
        u1_0.id,
        u1_0.created_at,
        u1_0.password,
        u1_0.role,
        u1_0.updated_at,
        u1_0.username 
    from
        users u1_0 
    where
        u1_0.username=?
2026-09-25T00:27:01.649+05:30 TRACE 37120 --- [student-management-system] [http-nio-8080-exec-6] org.hibernate.orm.jdbc.bind              : binding parameter (1:VARCHAR) <- [admin]
2026-09-25T00:27:01.856+05:30 DEBUG 37120 --- [student-management-system] [http-nio-8080-exec-3] org.hibernate.SQL                        : 
    select
        u1_0.id,
        u1_0.created_at,
        u1_0.password,
        u1_0.role,
        u1_0.updated_at,
        u1_0.username 
    from
        users u1_0 
    where
        u1_0.username=?
2026-09-25T00:27:01.857+05:30 DEBUG 37120 --- [student-management-system] [http-nio-8080-exec-10] org.hibernate.SQL                        : 
    select
        u1_0.id,
        u1_0.created_at,
        u1_0.password,
        u1_0.role,
        u1_0.updated_at,
        u1_0.username 
    from
        users u1_0 
    where
        u1_0.username=?
2026-09-25T00:27:01.857+05:30 DEBUG 37120 --- [student-management-system] [http-nio-8080-exec-1] org.hibernate.SQL                        : 
    select
        u1_0.id,
        u1_0.created_at,
        u1_0.password,
        u1_0.role,
        u1_0.updated_at,
        u1_0.username 
    from
        users u1_0 
    where
        u1_0.username=?
2026-09-25T00:27:01.857+05:30 TRACE 37120 --- [student-management-system] [http-nio-8080-exec-3] org.hibernate.orm.jdbc.bind              : binding parameter (1:VARCHAR) <- [admin]
2026-09-25T00:27:01.857+05:30 TRACE 37120 --- [student-management-system] [http-nio-8080-exec-10] org.hibernate.orm.jdbc.bind              : binding parameter (1:VARCHAR) <- [admin]
2026-09-25T00:27:01.857+05:30 TRACE 37120 --- [student-management-system] [http-nio-8080-exec-1] org.hibernate.orm.jdbc.bind              : binding parameter (1:VARCHAR) <- [admin]
2026-09-25T00:27:01.860+05:30 DEBUG 37120 --- [student-management-system] [http-nio-8080-exec-3] org.hibernate.SQL                        : 
    select
        c1_0.id,
        c1_0.course_code,
        c1_0.course_name,
        c1_0.created_at,
        c1_0.description,
        c1_0.duration,
        c1_0.fees,
        c1_0.updated_at 
    from
        courses c1_0 
    order by
        c1_0.id 
    limit
        ?, ?
2026-09-25T00:27:01.861+05:30 DEBUG 37120 --- [student-management-system] [http-nio-8080-exec-10] org.hibernate.SQL                        : 
    select
        s1_0.id,
        s1_0.address,
        s1_0.created_at,
        s1_0.date_of_birth,
        s1_0.email,
        s1_0.first_name,
        s1_0.last_name,
        s1_0.phone,
        s1_0.updated_at 
    from
        students s1_0 
    order by
        s1_0.id 
    limit
        ?, ?
2026-09-25T00:27:01.861+05:30 TRACE 37120 --- [student-management-system] [http-nio-8080-exec-3] org.hibernate.orm.jdbc.bind              : binding parameter (1:INTEGER) <- [0]
2026-09-25T00:27:01.861+05:30 TRACE 37120 --- [student-management-system] [http-nio-8080-exec-3] org.hibernate.orm.jdbc.bind              : binding parameter (2:INTEGER) <- [1]
2026-09-25T00:27:01.861+05:30 TRACE 37120 --- [student-management-system] [http-nio-8080-exec-10] org.hibernate.orm.jdbc.bind              : binding parameter (1:INTEGER) <- [0]
2026-09-25T00:27:01.861+05:30 TRACE 37120 --- [student-management-system] [http-nio-8080-exec-10] org.hibernate.orm.jdbc.bind              : binding parameter (2:INTEGER) <- [1]
2026-09-25T00:27:01.861+05:30 DEBUG 37120 --- [student-management-system] [http-nio-8080-exec-1] org.hibernate.SQL                        : 
    select
        e1_0.id,
        e1_0.course_id,
        c1_0.id,
        c1_0.course_code,
        c1_0.course_name,
        c1_0.created_at,
        c1_0.description,
        c1_0.duration,
        c1_0.fees,
        c1_0.updated_at,
        e1_0.created_at,
        e1_0.enrollment_date,
        e1_0.status,
        e1_0.student_id,
        s1_0.id,
        s1_0.address,
        s1_0.created_at,
        s1_0.date_of_birth,
        s1_0.email,
        s1_0.first_name,
        s1_0.last_name,
        s1_0.phone,
        s1_0.updated_at,
        e1_0.updated_at 
    from
        enrollments e1_0 
    join
        courses c1_0 
            on c1_0.id=e1_0.course_id 
    join
        students s1_0 
            on s1_0.id=e1_0.student_id 
    limit
        ?, ?
2026-09-25T00:27:01.862+05:30 TRACE 37120 --- [student-management-system] [http-nio-8080-exec-1] org.hibernate.orm.jdbc.bind              : binding parameter (1:INTEGER) <- [0]
2026-09-25T00:27:01.862+05:30 TRACE 37120 --- [student-management-system] [http-nio-8080-exec-1] org.hibernate.orm.jdbc.bind              : binding parameter (2:INTEGER) <- [100]
2026-09-25T00:27:01.863+05:30 DEBUG 37120 --- [student-management-system] [http-nio-8080-exec-10] org.hibernate.SQL                        : 
    select
        count(s1_0.id) 
    from
        students s1_0
2026-09-25T00:27:01.863+05:30 DEBUG 37120 --- [student-management-system] [http-nio-8080-exec-3] org.hibernate.SQL                        : 
    select
        count(c1_0.id) 
    from
        courses c1_0
2026-09-25T00:27:01.871+05:30 DEBUG 37120 --- [student-management-system] [http-nio-8080-exec-6] org.hibernate.SQL                        : 
    select
        u1_0.id,
        u1_0.created_at,
        u1_0.password,
        u1_0.role,
        u1_0.updated_at,
        u1_0.username 
    from
        users u1_0 
    where
        u1_0.username=?
2026-09-25T00:27:01.871+05:30 TRACE 37120 --- [student-management-system] [http-nio-8080-exec-6] org.hibernate.orm.jdbc.bind              : binding parameter (1:VARCHAR) <- [admin]
2026-09-25T00:27:01.871+05:30 DEBUG 37120 --- [student-management-system] [http-nio-8080-exec-1] org.hibernate.SQL                        : 
    select
        u1_0.id,
        u1_0.created_at,
        u1_0.password,
        u1_0.role,
        u1_0.updated_at,
        u1_0.username 
    from
        users u1_0 
    where
        u1_0.username=?
2026-09-25T00:27:01.874+05:30 TRACE 37120 --- [student-management-system] [http-nio-8080-exec-1] org.hibernate.orm.jdbc.bind              : binding parameter (1:VARCHAR) <- [admin]
2026-09-25T00:27:01.874+05:30 DEBUG 37120 --- [student-management-system] [http-nio-8080-exec-2] org.hibernate.SQL                        : 
    select
        u1_0.id,
        u1_0.created_at,
        u1_0.password,
        u1_0.role,
        u1_0.updated_at,
        u1_0.username 
    from
        users u1_0 
    where
        u1_0.username=?
2026-09-25T00:27:01.874+05:30 TRACE 37120 --- [student-management-system] [http-nio-8080-exec-2] org.hibernate.orm.jdbc.bind              : binding parameter (1:VARCHAR) <- [admin]
2026-09-25T00:27:01.894+05:30 DEBUG 37120 --- [student-management-system] [http-nio-8080-exec-1] org.hibernate.SQL                        : 
    select
        s1_0.id,
        s1_0.address,
        s1_0.created_at,
        s1_0.date_of_birth,
        s1_0.email,
        s1_0.first_name,
        s1_0.last_name,
        s1_0.phone,
        s1_0.updated_at 
    from
        students s1_0 
    order by
        s1_0.id 
    limit
        ?, ?
2026-09-25T00:27:01.894+05:30 DEBUG 37120 --- [student-management-system] [http-nio-8080-exec-6] org.hibernate.SQL                        : 
    select
        c1_0.id,
        c1_0.course_code,
        c1_0.course_name,
        c1_0.created_at,
        c1_0.description,
        c1_0.duration,
        c1_0.fees,
        c1_0.updated_at 
    from
        courses c1_0 
    order by
        c1_0.id 
    limit
        ?, ?
2026-09-25T00:27:01.895+05:30 TRACE 37120 --- [student-management-system] [http-nio-8080-exec-1] org.hibernate.orm.jdbc.bind              : binding parameter (1:INTEGER) <- [0]
2026-09-25T00:27:01.905+05:30 TRACE 37120 --- [student-management-system] [http-nio-8080-exec-1] org.hibernate.orm.jdbc.bind              : binding parameter (2:INTEGER) <- [1]
2026-09-25T00:27:01.905+05:30 TRACE 37120 --- [student-management-system] [http-nio-8080-exec-6] org.hibernate.orm.jdbc.bind              : binding parameter (1:INTEGER) <- [0]
2026-09-25T00:27:01.905+05:30 TRACE 37120 --- [student-management-system] [http-nio-8080-exec-6] org.hibernate.orm.jdbc.bind              : binding parameter (2:INTEGER) <- [1]
2026-09-25T00:27:01.905+05:30 DEBUG 37120 --- [student-management-system] [http-nio-8080-exec-2] org.hibernate.SQL                        : 
    select
        e1_0.id,
        e1_0.course_id,
        c1_0.id,
        c1_0.course_code,
        c1_0.course_name,
        c1_0.created_at,
        c1_0.description,
        c1_0.duration,
        c1_0.fees,
        c1_0.updated_at,
        e1_0.created_at,
        e1_0.enrollment_date,
        e1_0.status,
        e1_0.student_id,
        s1_0.id,
        s1_0.address,
        s1_0.created_at,
        s1_0.date_of_birth,
        s1_0.email,
        s1_0.first_name,
        s1_0.last_name,
        s1_0.phone,
        s1_0.updated_at,
        e1_0.updated_at 
    from
        enrollments e1_0 
    join
        courses c1_0 
            on c1_0.id=e1_0.course_id 
    join
        students s1_0 
            on s1_0.id=e1_0.student_id 
    limit
        ?, ?
2026-09-25T00:27:01.906+05:30 TRACE 37120 --- [student-management-system] [http-nio-8080-exec-2] org.hibernate.orm.jdbc.bind              : binding parameter (1:INTEGER) <- [0]
2026-09-25T00:27:01.906+05:30 TRACE 37120 --- [student-management-system] [http-nio-8080-exec-2] org.hibernate.orm.jdbc.bind              : binding parameter (2:INTEGER) <- [100]
2026-09-25T00:27:01.906+05:30 DEBUG 37120 --- [student-management-system] [http-nio-8080-exec-6] org.hibernate.SQL                        : 
    select
        count(c1_0.id) 
    from
        courses c1_0
2026-09-25T00:27:01.906+05:30 DEBUG 37120 --- [student-management-system] [http-nio-8080-exec-1] org.hibernate.SQL                        : 
    select
        count(s1_0.id) 
    from
        students s1_0
2026-09-25T00:27:22.855+05:30 DEBUG 37120 --- [student-management-system] [http-nio-8080-exec-5] org.hibernate.SQL                        : 
    select
        u1_0.id,
        u1_0.created_at,
        u1_0.password,
        u1_0.role,
        u1_0.updated_at,
        u1_0.username 
    from
        users u1_0 
    where
        u1_0.username=?
2026-09-25T00:27:22.856+05:30 TRACE 37120 --- [student-management-system] [http-nio-8080-exec-5] org.hibernate.orm.jdbc.bind              : binding parameter (1:VARCHAR) <- [user]
2026-09-25T00:27:23.187+05:30 DEBUG 37120 --- [student-management-system] [http-nio-8080-exec-2] org.hibernate.SQL                        : 
    select
        u1_0.id,
        u1_0.created_at,
        u1_0.password,
        u1_0.role,
        u1_0.updated_at,
        u1_0.username 
    from
        users u1_0 
    where
        u1_0.username=?
2026-09-25T00:27:23.189+05:30 TRACE 37120 --- [student-management-system] [http-nio-8080-exec-2] org.hibernate.orm.jdbc.bind              : binding parameter (1:VARCHAR) <- [user]
2026-09-25T00:27:23.195+05:30 DEBUG 37120 --- [student-management-system] [http-nio-8080-exec-9] org.hibernate.SQL                        : 
    select
        u1_0.id,
        u1_0.created_at,
        u1_0.password,
        u1_0.role,
        u1_0.updated_at,
        u1_0.username 
    from
        users u1_0 
    where
        u1_0.username=?
2026-09-25T00:27:23.195+05:30 TRACE 37120 --- [student-management-system] [http-nio-8080-exec-9] org.hibernate.orm.jdbc.bind              : binding parameter (1:VARCHAR) <- [user]
2026-09-25T00:27:23.195+05:30 DEBUG 37120 --- [student-management-system] [http-nio-8080-exec-6] org.hibernate.SQL                        : 
    select
        u1_0.id,
        u1_0.created_at,
        u1_0.password,
        u1_0.role,
        u1_0.updated_at,
        u1_0.username 
    from
        users u1_0 
    where
        u1_0.username=?
2026-09-25T00:27:23.196+05:30 TRACE 37120 --- [student-management-system] [http-nio-8080-exec-6] org.hibernate.orm.jdbc.bind              : binding parameter (1:VARCHAR) <- [user]
2026-09-25T00:27:23.218+05:30 DEBUG 37120 --- [student-management-system] [http-nio-8080-exec-2] org.hibernate.SQL                        : 
    select
        s1_0.id,
        s1_0.address,
        s1_0.created_at,
        s1_0.date_of_birth,
        s1_0.email,
        s1_0.first_name,
        s1_0.last_name,
        s1_0.phone,
        s1_0.updated_at 
    from
        students s1_0 
    order by
        s1_0.id 
    limit
        ?, ?
2026-09-25T00:27:23.218+05:30 DEBUG 37120 --- [student-management-system] [http-nio-8080-exec-6] org.hibernate.SQL                        : 
    select
        c1_0.id,
        c1_0.course_code,
        c1_0.course_name,
        c1_0.created_at,
        c1_0.description,
        c1_0.duration,
        c1_0.fees,
        c1_0.updated_at 
    from
        courses c1_0 
    order by
        c1_0.id 
    limit
        ?, ?
2026-09-25T00:27:23.218+05:30 TRACE 37120 --- [student-management-system] [http-nio-8080-exec-2] org.hibernate.orm.jdbc.bind              : binding parameter (1:INTEGER) <- [0]
2026-09-25T00:27:23.218+05:30 TRACE 37120 --- [student-management-system] [http-nio-8080-exec-2] org.hibernate.orm.jdbc.bind              : binding parameter (2:INTEGER) <- [1]
2026-09-25T00:27:23.218+05:30 DEBUG 37120 --- [student-management-system] [http-nio-8080-exec-9] org.hibernate.SQL                        : 
    select
        e1_0.id,
        e1_0.course_id,
        c1_0.id,
        c1_0.course_code,
        c1_0.course_name,
        c1_0.created_at,
        c1_0.description,
        c1_0.duration,
        c1_0.fees,
        c1_0.updated_at,
        e1_0.created_at,
        e1_0.enrollment_date,
        e1_0.status,
        e1_0.student_id,
        s1_0.id,
        s1_0.address,
        s1_0.created_at,
        s1_0.date_of_birth,
        s1_0.email,
        s1_0.first_name,
        s1_0.last_name,
        s1_0.phone,
        s1_0.updated_at,
        e1_0.updated_at 
    from
        enrollments e1_0 
    join
        courses c1_0 
            on c1_0.id=e1_0.course_id 
    join
        students s1_0 
            on s1_0.id=e1_0.student_id 
    limit
        ?, ?
2026-09-25T00:27:23.219+05:30 TRACE 37120 --- [student-management-system] [http-nio-8080-exec-6] org.hibernate.orm.jdbc.bind              : binding parameter (1:INTEGER) <- [0]
2026-09-25T00:27:23.219+05:30 TRACE 37120 --- [student-management-system] [http-nio-8080-exec-6] org.hibernate.orm.jdbc.bind              : binding parameter (2:INTEGER) <- [1]
2026-09-25T00:27:23.219+05:30 TRACE 37120 --- [student-management-system] [http-nio-8080-exec-9] org.hibernate.orm.jdbc.bind              : binding parameter (1:INTEGER) <- [0]
2026-09-25T00:27:23.219+05:30 TRACE 37120 --- [student-management-system] [http-nio-8080-exec-9] org.hibernate.orm.jdbc.bind              : binding parameter (2:INTEGER) <- [100]
2026-09-25T00:27:23.221+05:30 DEBUG 37120 --- [student-management-system] [http-nio-8080-exec-6] org.hibernate.SQL                        : 
    select
        count(c1_0.id) 
    from
        courses c1_0
2026-09-25T00:27:23.221+05:30 DEBUG 37120 --- [student-management-system] [http-nio-8080-exec-2] org.hibernate.SQL                        : 
    select
        count(s1_0.id) 
    from
        students s1_0
2026-09-25T00:27:23.226+05:30 DEBUG 37120 --- [student-management-system] [http-nio-8080-exec-5] org.hibernate.SQL                        : 
    select
        u1_0.id,
        u1_0.created_at,
        u1_0.password,
        u1_0.role,
        u1_0.updated_at,
        u1_0.username 
    from
        users u1_0 
    where
        u1_0.username=?
2026-09-25T00:27:23.226+05:30 DEBUG 37120 --- [student-management-system] [http-nio-8080-exec-2] org.hibernate.SQL                        : 
    select
        u1_0.id,
        u1_0.created_at,
        u1_0.password,
        u1_0.role,
        u1_0.updated_at,
        u1_0.username 
    from
        users u1_0 
    where
        u1_0.username=?
2026-09-25T00:27:23.226+05:30 DEBUG 37120 --- [student-management-system] [http-nio-8080-exec-6] org.hibernate.SQL                        : 
    select
        u1_0.id,
        u1_0.created_at,
        u1_0.password,
        u1_0.role,
        u1_0.updated_at,
        u1_0.username 
    from
        users u1_0 
    where
        u1_0.username=?
2026-09-25T00:27:23.226+05:30 TRACE 37120 --- [student-management-system] [http-nio-8080-exec-2] org.hibernate.orm.jdbc.bind              : binding parameter (1:VARCHAR) <- [user]
2026-09-25T00:27:23.226+05:30 TRACE 37120 --- [student-management-system] [http-nio-8080-exec-5] org.hibernate.orm.jdbc.bind              : binding parameter (1:VARCHAR) <- [user]
2026-09-25T00:27:23.226+05:30 TRACE 37120 --- [student-management-system] [http-nio-8080-exec-6] org.hibernate.orm.jdbc.bind              : binding parameter (1:VARCHAR) <- [user]
2026-09-25T00:27:23.230+05:30 DEBUG 37120 --- [student-management-system] [http-nio-8080-exec-2] org.hibernate.SQL                        : 
    select
        s1_0.id,
        s1_0.address,
        s1_0.created_at,
        s1_0.date_of_birth,
        s1_0.email,
        s1_0.first_name,
        s1_0.last_name,
        s1_0.phone,
        s1_0.updated_at 
    from
        students s1_0 
    order by
        s1_0.id 
    limit
        ?, ?
2026-09-25T00:27:23.231+05:30 DEBUG 37120 --- [student-management-system] [http-nio-8080-exec-6] org.hibernate.SQL                        : 
    select
        c1_0.id,
        c1_0.course_code,
        c1_0.course_name,
        c1_0.created_at,
        c1_0.description,
        c1_0.duration,
        c1_0.fees,
        c1_0.updated_at 
    from
        courses c1_0 
    order by
        c1_0.id 
    limit
        ?, ?
2026-09-25T00:27:23.231+05:30 TRACE 37120 --- [student-management-system] [http-nio-8080-exec-2] org.hibernate.orm.jdbc.bind              : binding parameter (1:INTEGER) <- [0]
2026-09-25T00:27:23.231+05:30 TRACE 37120 --- [student-management-system] [http-nio-8080-exec-2] org.hibernate.orm.jdbc.bind              : binding parameter (2:INTEGER) <- [1]
2026-09-25T00:27:23.231+05:30 TRACE 37120 --- [student-management-system] [http-nio-8080-exec-6] org.hibernate.orm.jdbc.bind              : binding parameter (1:INTEGER) <- [0]
2026-09-25T00:27:23.232+05:30 TRACE 37120 --- [student-management-system] [http-nio-8080-exec-6] org.hibernate.orm.jdbc.bind              : binding parameter (2:INTEGER) <- [1]
2026-09-25T00:27:23.232+05:30 DEBUG 37120 --- [student-management-system] [http-nio-8080-exec-5] org.hibernate.SQL                        : 
    select
        e1_0.id,
        e1_0.course_id,
        c1_0.id,
        c1_0.course_code,
        c1_0.course_name,
        c1_0.created_at,
        c1_0.description,
        c1_0.duration,
        c1_0.fees,
        c1_0.updated_at,
        e1_0.created_at,
        e1_0.enrollment_date,
        e1_0.status,
        e1_0.student_id,
        s1_0.id,
        s1_0.address,
        s1_0.created_at,
        s1_0.date_of_birth,
        s1_0.email,
        s1_0.first_name,
        s1_0.last_name,
        s1_0.phone,
        s1_0.updated_at,
        e1_0.updated_at 
    from
        enrollments e1_0 
    join
        courses c1_0 
            on c1_0.id=e1_0.course_id 
    join
        students s1_0 
            on s1_0.id=e1_0.student_id 
    limit
        ?, ?
2026-09-25T00:27:23.233+05:30 TRACE 37120 --- [student-management-system] [http-nio-8080-exec-5] org.hibernate.orm.jdbc.bind              : binding parameter (1:INTEGER) <- [0]
2026-09-25T00:27:23.233+05:30 TRACE 37120 --- [student-management-system] [http-nio-8080-exec-5] org.hibernate.orm.jdbc.bind              : binding parameter (2:INTEGER) <- [100]
2026-09-25T00:27:23.234+05:30 DEBUG 37120 --- [student-management-system] [http-nio-8080-exec-6] org.hibernate.SQL                        : 
    select
        count(c1_0.id) 
    from
        courses c1_0
2026-09-25T00:27:23.234+05:30 DEBUG 37120 --- [student-management-system] [http-nio-8080-exec-2] org.hibernate.SQL                        : 
    select
        count(s1_0.id) 
    from
        students s1_0
2026-09-25T00:28:16.371+05:30 DEBUG 37120 --- [student-management-system] [http-nio-8080-exec-6] org.hibernate.SQL                        : 
    select
        u1_0.id,
        u1_0.created_at,
        u1_0.password,
        u1_0.role,
        u1_0.updated_at,
        u1_0.username 
    from
        users u1_0 
    where
        u1_0.username=?
2026-09-25T00:28:16.371+05:30 DEBUG 37120 --- [student-management-system] [http-nio-8080-exec-10] org.hibernate.SQL                        : 
    select
        u1_0.id,
        u1_0.created_at,
        u1_0.password,
        u1_0.role,
        u1_0.updated_at,
        u1_0.username 
    from
        users u1_0 
    where
        u1_0.username=?
2026-09-25T00:28:16.371+05:30 DEBUG 37120 --- [student-management-system] [http-nio-8080-exec-5] org.hibernate.SQL                        : 
    select
        u1_0.id,
        u1_0.created_at,
        u1_0.password,
        u1_0.role,
        u1_0.updated_at,
        u1_0.username 
    from
        users u1_0 
    where
        u1_0.username=?
2026-09-25T00:28:16.373+05:30 TRACE 37120 --- [student-management-system] [http-nio-8080-exec-6] org.hibernate.orm.jdbc.bind              : binding parameter (1:VARCHAR) <- [user]
2026-09-25T00:28:16.373+05:30 TRACE 37120 --- [student-management-system] [http-nio-8080-exec-10] org.hibernate.orm.jdbc.bind              : binding parameter (1:VARCHAR) <- [user]
2026-09-25T00:28:16.373+05:30 TRACE 37120 --- [student-management-system] [http-nio-8080-exec-5] org.hibernate.orm.jdbc.bind              : binding parameter (1:VARCHAR) <- [user]
2026-09-25T00:28:16.468+05:30 DEBUG 37120 --- [student-management-system] [http-nio-8080-exec-10] org.hibernate.SQL                        : 
    select
        s1_0.id,
        s1_0.address,
        s1_0.created_at,
        s1_0.date_of_birth,
        s1_0.email,
        s1_0.first_name,
        s1_0.last_name,
        s1_0.phone,
        s1_0.updated_at 
    from
        students s1_0 
    order by
        s1_0.id 
    limit
        ?, ?
2026-09-25T00:28:16.468+05:30 DEBUG 37120 --- [student-management-system] [http-nio-8080-exec-6] org.hibernate.SQL                        : 
    select
        c1_0.id,
        c1_0.course_code,
        c1_0.course_name,
        c1_0.created_at,
        c1_0.description,
        c1_0.duration,
        c1_0.fees,
        c1_0.updated_at 
    from
        courses c1_0 
    order by
        c1_0.id 
    limit
        ?, ?
2026-09-25T00:28:16.468+05:30 TRACE 37120 --- [student-management-system] [http-nio-8080-exec-6] org.hibernate.orm.jdbc.bind              : binding parameter (1:INTEGER) <- [0]
2026-09-25T00:28:16.468+05:30 DEBUG 37120 --- [student-management-system] [http-nio-8080-exec-5] org.hibernate.SQL                        : 
    select
        e1_0.id,
        e1_0.course_id,
        c1_0.id,
        c1_0.course_code,
        c1_0.course_name,
        c1_0.created_at,
        c1_0.description,
        c1_0.duration,
        c1_0.fees,
        c1_0.updated_at,
        e1_0.created_at,
        e1_0.enrollment_date,
        e1_0.status,
        e1_0.student_id,
        s1_0.id,
        s1_0.address,
        s1_0.created_at,
        s1_0.date_of_birth,
        s1_0.email,
        s1_0.first_name,
        s1_0.last_name,
        s1_0.phone,
        s1_0.updated_at,
        e1_0.updated_at 
    from
        enrollments e1_0 
    join
        courses c1_0 
            on c1_0.id=e1_0.course_id 
    join
        students s1_0 
            on s1_0.id=e1_0.student_id 
    limit
        ?, ?
2026-09-25T00:28:16.468+05:30 TRACE 37120 --- [student-management-system] [http-nio-8080-exec-10] org.hibernate.orm.jdbc.bind              : binding parameter (1:INTEGER) <- [0]
2026-09-25T00:28:16.469+05:30 TRACE 37120 --- [student-management-system] [http-nio-8080-exec-6] org.hibernate.orm.jdbc.bind              : binding parameter (2:INTEGER) <- [1]
2026-09-25T00:28:16.469+05:30 TRACE 37120 --- [student-management-system] [http-nio-8080-exec-5] org.hibernate.orm.jdbc.bind              : binding parameter (1:INTEGER) <- [0]
2026-09-25T00:28:16.469+05:30 TRACE 37120 --- [student-management-system] [http-nio-8080-exec-5] org.hibernate.orm.jdbc.bind              : binding parameter (2:INTEGER) <- [100]
2026-09-25T00:28:16.469+05:30 TRACE 37120 --- [student-management-system] [http-nio-8080-exec-10] org.hibernate.orm.jdbc.bind              : binding parameter (2:INTEGER) <- [1]
2026-09-25T00:28:16.477+05:30 DEBUG 37120 --- [student-management-system] [http-nio-8080-exec-6] org.hibernate.SQL                        : 
    select
        count(c1_0.id) 
    from
        courses c1_0
2026-09-25T00:28:16.477+05:30 DEBUG 37120 --- [student-management-system] [http-nio-8080-exec-10] org.hibernate.SQL                        : 
    select
        count(s1_0.id) 
    from
        students s1_0
2026-09-25T00:28:16.490+05:30 DEBUG 37120 --- [student-management-system] [http-nio-8080-exec-8] org.hibernate.SQL                        : 
    select
        u1_0.id,
        u1_0.created_at,
        u1_0.password,
        u1_0.role,
        u1_0.updated_at,
        u1_0.username 
    from
        users u1_0 
    where
        u1_0.username=?
2026-09-25T00:28:16.490+05:30 DEBUG 37120 --- [student-management-system] [http-nio-8080-exec-9] org.hibernate.SQL                        : 
    select
        u1_0.id,
        u1_0.created_at,
        u1_0.password,
        u1_0.role,
        u1_0.updated_at,
        u1_0.username 
    from
        users u1_0 
    where
        u1_0.username=?
2026-09-25T00:28:16.490+05:30 TRACE 37120 --- [student-management-system] [http-nio-8080-exec-9] org.hibernate.orm.jdbc.bind              : binding parameter (1:VARCHAR) <- [user]
2026-09-25T00:28:16.490+05:30 TRACE 37120 --- [student-management-system] [http-nio-8080-exec-8] org.hibernate.orm.jdbc.bind              : binding parameter (1:VARCHAR) <- [user]
2026-09-25T00:28:16.490+05:30 DEBUG 37120 --- [student-management-system] [http-nio-8080-exec-2] org.hibernate.SQL                        : 
    select
        u1_0.id,
        u1_0.created_at,
        u1_0.password,
        u1_0.role,
        u1_0.updated_at,
        u1_0.username 
    from
        users u1_0 
    where
        u1_0.username=?
2026-09-25T00:28:16.491+05:30 TRACE 37120 --- [student-management-system] [http-nio-8080-exec-2] org.hibernate.orm.jdbc.bind              : binding parameter (1:VARCHAR) <- [user]
2026-09-25T00:28:16.495+05:30 DEBUG 37120 --- [student-management-system] [http-nio-8080-exec-2] org.hibernate.SQL                        : 
    select
        s1_0.id,
        s1_0.address,
        s1_0.created_at,
        s1_0.date_of_birth,
        s1_0.email,
        s1_0.first_name,
        s1_0.last_name,
        s1_0.phone,
        s1_0.updated_at 
    from
        students s1_0 
    order by
        s1_0.id 
    limit
        ?, ?
2026-09-25T00:28:16.495+05:30 DEBUG 37120 --- [student-management-system] [http-nio-8080-exec-9] org.hibernate.SQL                        : 
    select
        c1_0.id,
        c1_0.course_code,
        c1_0.course_name,
        c1_0.created_at,
        c1_0.description,
        c1_0.duration,
        c1_0.fees,
        c1_0.updated_at 
    from
        courses c1_0 
    order by
        c1_0.id 
    limit
        ?, ?
2026-09-25T00:28:16.496+05:30 TRACE 37120 --- [student-management-system] [http-nio-8080-exec-2] org.hibernate.orm.jdbc.bind              : binding parameter (1:INTEGER) <- [0]
2026-09-25T00:28:16.496+05:30 TRACE 37120 --- [student-management-system] [http-nio-8080-exec-2] org.hibernate.orm.jdbc.bind              : binding parameter (2:INTEGER) <- [1]
2026-09-25T00:28:16.496+05:30 TRACE 37120 --- [student-management-system] [http-nio-8080-exec-9] org.hibernate.orm.jdbc.bind              : binding parameter (1:INTEGER) <- [0]
2026-09-25T00:28:16.496+05:30 TRACE 37120 --- [student-management-system] [http-nio-8080-exec-9] org.hibernate.orm.jdbc.bind              : binding parameter (2:INTEGER) <- [1]
2026-09-25T00:28:16.497+05:30 DEBUG 37120 --- [student-management-system] [http-nio-8080-exec-8] org.hibernate.SQL                        : 
    select
        e1_0.id,
        e1_0.course_id,
        c1_0.id,
        c1_0.course_code,
        c1_0.course_name,
        c1_0.created_at,
        c1_0.description,
        c1_0.duration,
        c1_0.fees,
        c1_0.updated_at,
        e1_0.created_at,
        e1_0.enrollment_date,
        e1_0.status,
        e1_0.student_id,
        s1_0.id,
        s1_0.address,
        s1_0.created_at,
        s1_0.date_of_birth,
        s1_0.email,
        s1_0.first_name,
        s1_0.last_name,
        s1_0.phone,
        s1_0.updated_at,
        e1_0.updated_at 
    from
        enrollments e1_0 
    join
        courses c1_0 
            on c1_0.id=e1_0.course_id 
    join
        students s1_0 
            on s1_0.id=e1_0.student_id 
    limit
        ?, ?
2026-09-25T00:28:16.498+05:30 DEBUG 37120 --- [student-management-system] [http-nio-8080-exec-2] org.hibernate.SQL                        : 
    select
        count(s1_0.id) 
    from
        students s1_0
2026-09-25T00:28:16.498+05:30 DEBUG 37120 --- [student-management-system] [http-nio-8080-exec-9] org.hibernate.SQL                        : 
    select
        count(c1_0.id) 
    from
        courses c1_0
2026-09-25T00:28:16.498+05:30 TRACE 37120 --- [student-management-system] [http-nio-8080-exec-8] org.hibernate.orm.jdbc.bind              : binding parameter (1:INTEGER) <- [0]
2026-09-25T00:28:16.498+05:30 TRACE 37120 --- [student-management-system] [http-nio-8080-exec-8] org.hibernate.orm.jdbc.bind              : binding parameter (2:INTEGER) <- [100]
2026-09-25T00:28:22.195+05:30 DEBUG 37120 --- [student-management-system] [http-nio-8080-exec-3] org.hibernate.SQL                        : 
    select
        u1_0.id,
        u1_0.created_at,
        u1_0.password,
        u1_0.role,
        u1_0.updated_at,
        u1_0.username 
    from
        users u1_0 
    where
        u1_0.username=?
2026-09-25T00:28:22.195+05:30 TRACE 37120 --- [student-management-system] [http-nio-8080-exec-3] org.hibernate.orm.jdbc.bind              : binding parameter (1:VARCHAR) <- [admin]
2026-09-25T00:28:22.594+05:30 DEBUG 37120 --- [student-management-system] [http-nio-8080-exec-8] org.hibernate.SQL                        : 
    select
        u1_0.id,
        u1_0.created_at,
        u1_0.password,
        u1_0.role,
        u1_0.updated_at,
        u1_0.username 
    from
        users u1_0 
    where
        u1_0.username=?
2026-09-25T00:28:22.595+05:30 TRACE 37120 --- [student-management-system] [http-nio-8080-exec-8] org.hibernate.orm.jdbc.bind              : binding parameter (1:VARCHAR) <- [admin]
2026-09-25T00:28:22.610+05:30 DEBUG 37120 --- [student-management-system] [http-nio-8080-exec-9] org.hibernate.SQL                        : 
    select
        u1_0.id,
        u1_0.created_at,
        u1_0.password,
        u1_0.role,
        u1_0.updated_at,
        u1_0.username 
    from
        users u1_0 
    where
        u1_0.username=?
2026-09-25T00:28:22.610+05:30 TRACE 37120 --- [student-management-system] [http-nio-8080-exec-9] org.hibernate.orm.jdbc.bind              : binding parameter (1:VARCHAR) <- [admin]
2026-09-25T00:28:22.610+05:30 DEBUG 37120 --- [student-management-system] [http-nio-8080-exec-4] org.hibernate.SQL                        : 
    select
        u1_0.id,
        u1_0.created_at,
        u1_0.password,
        u1_0.role,
        u1_0.updated_at,
        u1_0.username 
    from
        users u1_0 
    where
        u1_0.username=?
2026-09-25T00:28:22.610+05:30 TRACE 37120 --- [student-management-system] [http-nio-8080-exec-4] org.hibernate.orm.jdbc.bind              : binding parameter (1:VARCHAR) <- [admin]
2026-09-25T00:28:22.616+05:30 DEBUG 37120 --- [student-management-system] [http-nio-8080-exec-9] org.hibernate.SQL                        : 
    select
        c1_0.id,
        c1_0.course_code,
        c1_0.course_name,
        c1_0.created_at,
        c1_0.description,
        c1_0.duration,
        c1_0.fees,
        c1_0.updated_at 
    from
        courses c1_0 
    order by
        c1_0.id 
    limit
        ?, ?
2026-09-25T00:28:22.616+05:30 DEBUG 37120 --- [student-management-system] [http-nio-8080-exec-8] org.hibernate.SQL                        : 
    select
        s1_0.id,
        s1_0.address,
        s1_0.created_at,
        s1_0.date_of_birth,
        s1_0.email,
        s1_0.first_name,
        s1_0.last_name,
        s1_0.phone,
        s1_0.updated_at 
    from
        students s1_0 
    order by
        s1_0.id 
    limit
        ?, ?
2026-09-25T00:28:22.616+05:30 DEBUG 37120 --- [student-management-system] [http-nio-8080-exec-4] org.hibernate.SQL                        : 
    select
        e1_0.id,
        e1_0.course_id,
        c1_0.id,
        c1_0.course_code,
        c1_0.course_name,
        c1_0.created_at,
        c1_0.description,
        c1_0.duration,
        c1_0.fees,
        c1_0.updated_at,
        e1_0.created_at,
        e1_0.enrollment_date,
        e1_0.status,
        e1_0.student_id,
        s1_0.id,
        s1_0.address,
        s1_0.created_at,
        s1_0.date_of_birth,
        s1_0.email,
        s1_0.first_name,
        s1_0.last_name,
        s1_0.phone,
        s1_0.updated_at,
        e1_0.updated_at 
    from
        enrollments e1_0 
    join
        courses c1_0 
            on c1_0.id=e1_0.course_id 
    join
        students s1_0 
            on s1_0.id=e1_0.student_id 
    limit
        ?, ?
2026-09-25T00:28:22.616+05:30 TRACE 37120 --- [student-management-system] [http-nio-8080-exec-8] org.hibernate.orm.jdbc.bind              : binding parameter (1:INTEGER) <- [0]
2026-09-25T00:28:22.616+05:30 TRACE 37120 --- [student-management-system] [http-nio-8080-exec-9] org.hibernate.orm.jdbc.bind              : binding parameter (1:INTEGER) <- [0]
2026-09-25T00:28:22.616+05:30 TRACE 37120 --- [student-management-system] [http-nio-8080-exec-9] org.hibernate.orm.jdbc.bind              : binding parameter (2:INTEGER) <- [1]
2026-09-25T00:28:22.616+05:30 TRACE 37120 --- [student-management-system] [http-nio-8080-exec-8] org.hibernate.orm.jdbc.bind              : binding parameter (2:INTEGER) <- [1]
2026-09-25T00:28:22.616+05:30 TRACE 37120 --- [student-management-system] [http-nio-8080-exec-4] org.hibernate.orm.jdbc.bind              : binding parameter (1:INTEGER) <- [0]
2026-09-25T00:28:22.616+05:30 TRACE 37120 --- [student-management-system] [http-nio-8080-exec-4] org.hibernate.orm.jdbc.bind              : binding parameter (2:INTEGER) <- [100]
2026-09-25T00:28:22.617+05:30 DEBUG 37120 --- [student-management-system] [http-nio-8080-exec-8] org.hibernate.SQL                        : 
    select
        count(s1_0.id) 
    from
        students s1_0
2026-09-25T00:28:22.617+05:30 DEBUG 37120 --- [student-management-system] [http-nio-8080-exec-9] org.hibernate.SQL                        : 
    select
        count(c1_0.id) 
    from
        courses c1_0
2026-09-25T00:28:22.620+05:30 DEBUG 37120 --- [student-management-system] [http-nio-8080-exec-10] org.hibernate.SQL                        : 
    select
        u1_0.id,
        u1_0.created_at,
        u1_0.password,
        u1_0.role,
        u1_0.updated_at,
        u1_0.username 
    from
        users u1_0 
    where
        u1_0.username=?
2026-09-25T00:28:22.620+05:30 DEBUG 37120 --- [student-management-system] [http-nio-8080-exec-3] org.hibernate.SQL                        : 
    select
        u1_0.id,
        u1_0.created_at,
        u1_0.password,
        u1_0.role,
        u1_0.updated_at,
        u1_0.username 
    from
        users u1_0 
    where
        u1_0.username=?
2026-09-25T00:28:22.620+05:30 TRACE 37120 --- [student-management-system] [http-nio-8080-exec-3] org.hibernate.orm.jdbc.bind              : binding parameter (1:VARCHAR) <- [admin]
2026-09-25T00:28:22.620+05:30 TRACE 37120 --- [student-management-system] [http-nio-8080-exec-10] org.hibernate.orm.jdbc.bind              : binding parameter (1:VARCHAR) <- [admin]
2026-09-25T00:28:22.620+05:30 DEBUG 37120 --- [student-management-system] [http-nio-8080-exec-6] org.hibernate.SQL                        : 
    select
        u1_0.id,
        u1_0.created_at,
        u1_0.password,
        u1_0.role,
        u1_0.updated_at,
        u1_0.username 
    from
        users u1_0 
    where
        u1_0.username=?
2026-09-25T00:28:22.620+05:30 TRACE 37120 --- [student-management-system] [http-nio-8080-exec-6] org.hibernate.orm.jdbc.bind              : binding parameter (1:VARCHAR) <- [admin]
2026-09-25T00:28:22.622+05:30 DEBUG 37120 --- [student-management-system] [http-nio-8080-exec-6] org.hibernate.SQL                        : 
    select
        c1_0.id,
        c1_0.course_code,
        c1_0.course_name,
        c1_0.created_at,
        c1_0.description,
        c1_0.duration,
        c1_0.fees,
        c1_0.updated_at 
    from
        courses c1_0 
    order by
        c1_0.id 
    limit
        ?, ?
2026-09-25T00:28:22.622+05:30 DEBUG 37120 --- [student-management-system] [http-nio-8080-exec-3] org.hibernate.SQL                        : 
    select
        s1_0.id,
        s1_0.address,
        s1_0.created_at,
        s1_0.date_of_birth,
        s1_0.email,
        s1_0.first_name,
        s1_0.last_name,
        s1_0.phone,
        s1_0.updated_at 
    from
        students s1_0 
    order by
        s1_0.id 
    limit
        ?, ?
2026-09-25T00:28:22.623+05:30 TRACE 37120 --- [student-management-system] [http-nio-8080-exec-6] org.hibernate.orm.jdbc.bind              : binding parameter (1:INTEGER) <- [0]
2026-09-25T00:28:22.623+05:30 TRACE 37120 --- [student-management-system] [http-nio-8080-exec-6] org.hibernate.orm.jdbc.bind              : binding parameter (2:INTEGER) <- [1]
2026-09-25T00:28:22.623+05:30 TRACE 37120 --- [student-management-system] [http-nio-8080-exec-3] org.hibernate.orm.jdbc.bind              : binding parameter (1:INTEGER) <- [0]
2026-09-25T00:28:22.623+05:30 TRACE 37120 --- [student-management-system] [http-nio-8080-exec-3] org.hibernate.orm.jdbc.bind              : binding parameter (2:INTEGER) <- [1]
2026-09-25T00:28:22.623+05:30 DEBUG 37120 --- [student-management-system] [http-nio-8080-exec-10] org.hibernate.SQL                        : 
    select
        e1_0.id,
        e1_0.course_id,
        c1_0.id,
        c1_0.course_code,
        c1_0.course_name,
        c1_0.created_at,
        c1_0.description,
        c1_0.duration,
        c1_0.fees,
        c1_0.updated_at,
        e1_0.created_at,
        e1_0.enrollment_date,
        e1_0.status,
        e1_0.student_id,
        s1_0.id,
        s1_0.address,
        s1_0.created_at,
        s1_0.date_of_birth,
        s1_0.email,
        s1_0.first_name,
        s1_0.last_name,
        s1_0.phone,
        s1_0.updated_at,
        e1_0.updated_at 
    from
        enrollments e1_0 
    join
        courses c1_0 
            on c1_0.id=e1_0.course_id 
    join
        students s1_0 
            on s1_0.id=e1_0.student_id 
    limit
        ?, ?
2026-09-25T00:28:22.623+05:30 TRACE 37120 --- [student-management-system] [http-nio-8080-exec-10] org.hibernate.orm.jdbc.bind              : binding parameter (1:INTEGER) <- [0]
2026-09-25T00:28:22.624+05:30 TRACE 37120 --- [student-management-system] [http-nio-8080-exec-10] org.hibernate.orm.jdbc.bind              : binding parameter (2:INTEGER) <- [100]
2026-09-25T00:28:22.624+05:30 DEBUG 37120 --- [student-management-system] [http-nio-8080-exec-6] org.hibernate.SQL                        : 
    select
        count(c1_0.id) 
    from
        courses c1_0
2026-09-25T00:28:22.624+05:30 DEBUG 37120 --- [student-management-system] [http-nio-8080-exec-3] org.hibernate.SQL                        : 
    select
        count(s1_0.id) 
    from
        students s1_0
2026-09-25T00:35:18.820+05:30  INFO 37120 --- [student-management-system] [File Watcher] rtingClassPathChangeChangedEventListener : Restarting due to 1 class path change (0 additions, 0 deletions, 1 modification)
2026-09-25T00:35:18.832+05:30  INFO 37120 --- [student-management-system] [Thread-5] o.s.boot.tomcat.GracefulShutdown         : Commencing graceful shutdown. Waiting for active requests to complete
2026-09-25T00:35:18.839+05:30  INFO 37120 --- [student-management-system] [tomcat-shutdown] o.s.boot.tomcat.GracefulShutdown         : Graceful shutdown complete
2026-09-25T00:35:18.850+05:30  INFO 37120 --- [student-management-system] [Thread-5] j.LocalContainerEntityManagerFactoryBean : Closing JPA EntityManagerFactory for persistence unit 'default'
2026-09-25T00:35:18.859+05:30  INFO 37120 --- [student-management-system] [Thread-5] com.zaxxer.hikari.HikariDataSource       : HikariPool-2 - Shutdown initiated...
2026-09-25T00:35:18.880+05:30  INFO 37120 --- [student-management-system] [Thread-5] com.zaxxer.hikari.HikariDataSource       : HikariPool-2 - Shutdown completed.
2026-09-25T00:35:19.008+05:30  INFO 37120 --- [student-management-system] [restartedMain] c.k.s.StudentManagementSystemApplication : Starting StudentManagementSystemApplication using Java 21.0.12 with PID 37120 (/Users/gourav/Student-Management-System-f1/student-management-system/target/classes started by gourav in /Users/gourav/Student-Management-System-f1/student-management-system)
2026-09-25T00:35:19.009+05:30 DEBUG 37120 --- [student-management-system] [restartedMain] c.k.s.StudentManagementSystemApplication : Running with Spring Boot v4.1.1, Spring v7.0.9
2026-09-25T00:35:19.009+05:30  INFO 37120 --- [student-management-system] [restartedMain] c.k.s.StudentManagementSystemApplication : The following 1 profile is active: "dev"
2026-09-25T00:35:19.223+05:30  INFO 37120 --- [student-management-system] [restartedMain] .s.d.r.c.RepositoryConfigurationDelegate : Bootstrapping Spring Data JPA repositories in DEFAULT mode.
2026-09-25T00:35:19.231+05:30  INFO 37120 --- [student-management-system] [restartedMain] .s.d.r.c.RepositoryConfigurationDelegate : Finished Spring Data repository scanning in 7 ms. Found 4 JPA repository interfaces.
2026-09-25T00:35:19.381+05:30  INFO 37120 --- [student-management-system] [restartedMain] o.s.boot.tomcat.TomcatWebServer          : Tomcat initialized with port 8080 (http)
2026-09-25T00:35:19.382+05:30  INFO 37120 --- [student-management-system] [restartedMain] o.apache.catalina.core.StandardService   : Starting service [Tomcat]
2026-09-25T00:35:19.382+05:30  INFO 37120 --- [student-management-system] [restartedMain] o.apache.catalina.core.StandardEngine    : Starting Servlet engine: [Apache Tomcat/11.0.24]
2026-09-25T00:35:19.388+05:30  INFO 37120 --- [student-management-system] [restartedMain] b.w.c.s.WebApplicationContextInitializer : Root WebApplicationContext: initialization completed in 377 ms
2026-09-25T00:35:19.445+05:30  INFO 37120 --- [student-management-system] [restartedMain] com.zaxxer.hikari.HikariDataSource       : HikariPool-3 - Starting...
2026-09-25T00:35:19.499+05:30  INFO 37120 --- [student-management-system] [restartedMain] com.zaxxer.hikari.pool.HikariPool        : HikariPool-3 - Added connection com.mysql.cj.jdbc.ConnectionImpl@4eb2132d
2026-09-25T00:35:19.499+05:30  INFO 37120 --- [student-management-system] [restartedMain] com.zaxxer.hikari.HikariDataSource       : HikariPool-3 - Start completed.
2026-09-25T00:35:19.501+05:30  INFO 37120 --- [student-management-system] [restartedMain] org.flywaydb.core.FlywayExecutor         : Database: jdbc:mysql://localhost:3306/student_management (MySQL 9.7)
2026-09-25T00:35:19.559+05:30  WARN 37120 --- [student-management-system] [restartedMain] o.f.c.internal.database.base.Database    : Using MySQL 9.7 which is newer than the version Flyway has been verified with. The latest verified version of MySQL is 9.4.
2026-09-25T00:35:19.575+05:30  INFO 37120 --- [student-management-system] [restartedMain] o.f.core.internal.command.DbValidate     : Successfully validated 3 migrations (execution time 00:00.012s)
2026-09-25T00:35:19.580+05:30  INFO 37120 --- [student-management-system] [restartedMain] o.f.core.internal.command.DbMigrate      : Current version of schema `student_management`: 3
2026-09-25T00:35:19.580+05:30  INFO 37120 --- [student-management-system] [restartedMain] o.f.core.internal.command.DbMigrate      : Schema `student_management` is up to date. No migration necessary.
2026-09-25T00:35:19.598+05:30  INFO 37120 --- [student-management-system] [restartedMain] org.hibernate.orm.jpa                    : HHH008540: Processing PersistenceUnitInfo [name: default]
2026-09-25T00:35:19.616+05:30  INFO 37120 --- [student-management-system] [restartedMain] o.s.o.j.p.SpringPersistenceUnitInfo      : No LoadTimeWeaver setup: ignoring JPA class transformer
2026-09-25T00:35:19.617+05:30  INFO 37120 --- [student-management-system] [restartedMain] org.hibernate.orm.connections.pooling    : HHH10001005: Database info:
	Database JDBC URL [jdbc:mysql://localhost:3306/student_management]
	Database driver: MySQL Connector/J
	Database dialect: MySQLDialect
	Database version: 9.7.1
	Default catalog/schema: student_management/undefined
	Autocommit mode: undefined/unknown
	Isolation level: REPEATABLE_READ [default REPEATABLE_READ]
	JDBC fetch size: none
	Pool: DataSourceConnectionProvider
	Minimum pool size: undefined/unknown
	Maximum pool size: undefined/unknown
2026-09-25T00:35:19.678+05:30  INFO 37120 --- [student-management-system] [restartedMain] org.hibernate.orm.core                   : HHH000489: No JTA platform available (set 'hibernate.transaction.jta.platform' to enable JTA platform integration)
2026-09-25T00:35:19.695+05:30  INFO 37120 --- [student-management-system] [restartedMain] j.LocalContainerEntityManagerFactoryBean : Initialized JPA EntityManagerFactory for persistence unit 'default'
2026-09-25T00:35:19.762+05:30 DEBUG 37120 --- [student-management-system] [restartedMain] c.k.s.security.JwtAuthenticationFilter   : Filter 'jwtAuthenticationFilter' configured for use
2026-09-25T00:35:19.795+05:30  INFO 37120 --- [student-management-system] [restartedMain] eAuthenticationProviderManagerConfigurer : Global AuthenticationManager configured with AuthenticationProvider bean with name authenticationProvider
2026-09-25T00:35:19.795+05:30  WARN 37120 --- [student-management-system] [restartedMain] r$InitializeUserDetailsManagerConfigurer : Global AuthenticationManager configured with an AuthenticationProvider bean. UserDetailsService beans will not be used by Spring Security for automatically configuring username/password login. Consider removing the AuthenticationProvider bean. Alternatively, consider using the UserDetailsService in a manually instantiated DaoAuthenticationProvider. If the current configuration is intentional, to turn off this warning, increase the logging level of 'org.springframework.security.config.annotation.authentication.configuration.InitializeUserDetailsBeanManagerConfigurer' to ERROR
2026-09-25T00:35:19.889+05:30  WARN 37120 --- [student-management-system] [restartedMain] JpaBaseConfiguration$JpaWebConfiguration : spring.jpa.open-in-view is enabled by default. Therefore, database queries may be performed during view rendering. Explicitly configure spring.jpa.open-in-view to disable this warning
2026-09-25T00:35:20.215+05:30  INFO 37120 --- [student-management-system] [restartedMain] o.s.b.a.e.web.EndpointLinksResolver      : Exposing 1 endpoint beneath base path '/actuator'
2026-09-25T00:35:20.249+05:30  INFO 37120 --- [student-management-system] [restartedMain] o.s.boot.tomcat.TomcatWebServer          : Tomcat started on port 8080 (http) with context path '/'
2026-09-25T00:35:20.252+05:30  INFO 37120 --- [student-management-system] [restartedMain] c.k.s.StudentManagementSystemApplication : Started StudentManagementSystemApplication in 1.27 seconds (process running for 6225.362)
2026-09-25T00:35:20.271+05:30 DEBUG 37120 --- [student-management-system] [restartedMain] org.hibernate.SQL                        : 
    select
        u1_0.id 
    from
        users u1_0 
    where
        u1_0.username=? 
    limit
        ?
2026-09-25T00:35:20.271+05:30 TRACE 37120 --- [student-management-system] [restartedMain] org.hibernate.orm.jdbc.bind              : binding parameter (1:VARCHAR) <- [admin]
2026-09-25T00:35:20.271+05:30 TRACE 37120 --- [student-management-system] [restartedMain] org.hibernate.orm.jdbc.bind              : binding parameter (2:INTEGER) <- [1]
2026-09-25T00:35:20.272+05:30 DEBUG 37120 --- [student-management-system] [restartedMain] org.hibernate.SQL                        : 
    select
        u1_0.id 
    from
        users u1_0 
    where
        u1_0.username=? 
    limit
        ?
2026-09-25T00:35:20.272+05:30 TRACE 37120 --- [student-management-system] [restartedMain] org.hibernate.orm.jdbc.bind              : binding parameter (1:VARCHAR) <- [user]
2026-09-25T00:35:20.272+05:30 TRACE 37120 --- [student-management-system] [restartedMain] org.hibernate.orm.jdbc.bind              : binding parameter (2:INTEGER) <- [1]
2026-09-25T00:35:20.274+05:30  INFO 37120 --- [student-management-system] [restartedMain] .ConditionEvaluationDeltaLoggingListener : Condition evaluation unchanged
2026-09-25T00:35:21.612+05:30  INFO 37120 --- [student-management-system] [File Watcher] rtingClassPathChangeChangedEventListener : Restarting due to 4 class path changes (4 additions, 0 deletions, 0 modifications)
2026-09-25T00:35:21.615+05:30  INFO 37120 --- [student-management-system] [Thread-9] o.s.boot.tomcat.GracefulShutdown         : Commencing graceful shutdown. Waiting for active requests to complete
2026-09-25T00:35:21.620+05:30  INFO 37120 --- [student-management-system] [tomcat-shutdown] o.s.boot.tomcat.GracefulShutdown         : Graceful shutdown complete
2026-09-25T00:35:21.625+05:30  INFO 37120 --- [student-management-system] [Thread-9] j.LocalContainerEntityManagerFactoryBean : Closing JPA EntityManagerFactory for persistence unit 'default'
2026-09-25T00:35:21.626+05:30  INFO 37120 --- [student-management-system] [Thread-9] com.zaxxer.hikari.HikariDataSource       : HikariPool-3 - Shutdown initiated...
2026-09-25T00:35:21.628+05:30  INFO 37120 --- [student-management-system] [Thread-9] com.zaxxer.hikari.HikariDataSource       : HikariPool-3 - Shutdown completed.
2026-09-25T00:35:21.701+05:30  INFO 37120 --- [student-management-system] [restartedMain] c.k.s.StudentManagementSystemApplication : Starting StudentManagementSystemApplication using Java 21.0.12 with PID 37120 (/Users/gourav/Student-Management-System-f1/student-management-system/target/classes started by gourav in /Users/gourav/Student-Management-System-f1/student-management-system)
2026-09-25T00:35:21.701+05:30 DEBUG 37120 --- [student-management-system] [restartedMain] c.k.s.StudentManagementSystemApplication : Running with Spring Boot v4.1.1, Spring v7.0.9
2026-09-25T00:35:21.701+05:30  INFO 37120 --- [student-management-system] [restartedMain] c.k.s.StudentManagementSystemApplication : The following 1 profile is active: "dev"
2026-09-25T00:35:21.805+05:30  INFO 37120 --- [student-management-system] [restartedMain] .s.d.r.c.RepositoryConfigurationDelegate : Bootstrapping Spring Data JPA repositories in DEFAULT mode.
2026-09-25T00:35:21.812+05:30  INFO 37120 --- [student-management-system] [restartedMain] .s.d.r.c.RepositoryConfigurationDelegate : Finished Spring Data repository scanning in 5 ms. Found 4 JPA repository interfaces.
2026-09-25T00:35:21.919+05:30  INFO 37120 --- [student-management-system] [restartedMain] o.s.boot.tomcat.TomcatWebServer          : Tomcat initialized with port 8080 (http)
2026-09-25T00:35:21.920+05:30  INFO 37120 --- [student-management-system] [restartedMain] o.apache.catalina.core.StandardService   : Starting service [Tomcat]
2026-09-25T00:35:21.920+05:30  INFO 37120 --- [student-management-system] [restartedMain] o.apache.catalina.core.StandardEngine    : Starting Servlet engine: [Apache Tomcat/11.0.24]
2026-09-25T00:35:21.925+05:30  INFO 37120 --- [student-management-system] [restartedMain] b.w.c.s.WebApplicationContextInitializer : Root WebApplicationContext: initialization completed in 223 ms
2026-09-25T00:35:21.974+05:30  INFO 37120 --- [student-management-system] [restartedMain] com.zaxxer.hikari.HikariDataSource       : HikariPool-4 - Starting...
2026-09-25T00:35:21.984+05:30  INFO 37120 --- [student-management-system] [restartedMain] com.zaxxer.hikari.pool.HikariPool        : HikariPool-4 - Added connection com.mysql.cj.jdbc.ConnectionImpl@45c43d78
2026-09-25T00:35:21.985+05:30  INFO 37120 --- [student-management-system] [restartedMain] com.zaxxer.hikari.HikariDataSource       : HikariPool-4 - Start completed.
2026-09-25T00:35:21.985+05:30  INFO 37120 --- [student-management-system] [restartedMain] org.flywaydb.core.FlywayExecutor         : Database: jdbc:mysql://localhost:3306/student_management (MySQL 9.7)
2026-09-25T00:35:21.995+05:30  WARN 37120 --- [student-management-system] [restartedMain] o.f.c.internal.database.base.Database    : Using MySQL 9.7 which is newer than the version Flyway has been verified with. The latest verified version of MySQL is 9.4.
2026-09-25T00:35:22.002+05:30  INFO 37120 --- [student-management-system] [restartedMain] o.f.core.internal.command.DbValidate     : Successfully validated 3 migrations (execution time 00:00.004s)
2026-09-25T00:35:22.007+05:30  INFO 37120 --- [student-management-system] [restartedMain] o.f.core.internal.command.DbMigrate      : Current version of schema `student_management`: 3
2026-09-25T00:35:22.007+05:30  INFO 37120 --- [student-management-system] [restartedMain] o.f.core.internal.command.DbMigrate      : Schema `student_management` is up to date. No migration necessary.
2026-09-25T00:35:22.021+05:30  INFO 37120 --- [student-management-system] [restartedMain] org.hibernate.orm.jpa                    : HHH008540: Processing PersistenceUnitInfo [name: default]
2026-09-25T00:35:22.033+05:30  INFO 37120 --- [student-management-system] [restartedMain] o.s.o.j.p.SpringPersistenceUnitInfo      : No LoadTimeWeaver setup: ignoring JPA class transformer
2026-09-25T00:35:22.034+05:30  INFO 37120 --- [student-management-system] [restartedMain] org.hibernate.orm.connections.pooling    : HHH10001005: Database info:
	Database JDBC URL [jdbc:mysql://localhost:3306/student_management]
	Database driver: MySQL Connector/J
	Database dialect: MySQLDialect
	Database version: 9.7.1
	Default catalog/schema: student_management/undefined
	Autocommit mode: undefined/unknown
	Isolation level: REPEATABLE_READ [default REPEATABLE_READ]
	JDBC fetch size: none
	Pool: DataSourceConnectionProvider
	Minimum pool size: undefined/unknown
	Maximum pool size: undefined/unknown
2026-09-25T00:35:22.079+05:30  INFO 37120 --- [student-management-system] [restartedMain] org.hibernate.orm.core                   : HHH000489: No JTA platform available (set 'hibernate.transaction.jta.platform' to enable JTA platform integration)
2026-09-25T00:35:22.087+05:30  INFO 37120 --- [student-management-system] [restartedMain] j.LocalContainerEntityManagerFactoryBean : Initialized JPA EntityManagerFactory for persistence unit 'default'
2026-09-25T00:35:22.239+05:30 DEBUG 37120 --- [student-management-system] [restartedMain] c.k.s.security.JwtAuthenticationFilter   : Filter 'jwtAuthenticationFilter' configured for use
2026-09-25T00:35:22.384+05:30  INFO 37120 --- [student-management-system] [restartedMain] eAuthenticationProviderManagerConfigurer : Global AuthenticationManager configured with AuthenticationProvider bean with name authenticationProvider
2026-09-25T00:35:22.385+05:30  WARN 37120 --- [student-management-system] [restartedMain] r$InitializeUserDetailsManagerConfigurer : Global AuthenticationManager configured with an AuthenticationProvider bean. UserDetailsService beans will not be used by Spring Security for automatically configuring username/password login. Consider removing the AuthenticationProvider bean. Alternatively, consider using the UserDetailsService in a manually instantiated DaoAuthenticationProvider. If the current configuration is intentional, to turn off this warning, increase the logging level of 'org.springframework.security.config.annotation.authentication.configuration.InitializeUserDetailsBeanManagerConfigurer' to ERROR
2026-09-25T00:35:22.487+05:30  WARN 37120 --- [student-management-system] [restartedMain] JpaBaseConfiguration$JpaWebConfiguration : spring.jpa.open-in-view is enabled by default. Therefore, database queries may be performed during view rendering. Explicitly configure spring.jpa.open-in-view to disable this warning
2026-09-25T00:35:22.801+05:30  INFO 37120 --- [student-management-system] [restartedMain] o.s.b.a.e.web.EndpointLinksResolver      : Exposing 1 endpoint beneath base path '/actuator'
2026-09-25T00:35:22.834+05:30  INFO 37120 --- [student-management-system] [restartedMain] o.s.boot.tomcat.TomcatWebServer          : Tomcat started on port 8080 (http) with context path '/'
2026-09-25T00:35:22.836+05:30  INFO 37120 --- [student-management-system] [restartedMain] c.k.s.StudentManagementSystemApplication : Started StudentManagementSystemApplication in 1.147 seconds (process running for 6227.947)
2026-09-25T00:35:22.853+05:30 DEBUG 37120 --- [student-management-system] [restartedMain] org.hibernate.SQL                        : 
    select
        u1_0.id 
    from
        users u1_0 
    where
        u1_0.username=? 
    limit
        ?
2026-09-25T00:35:22.853+05:30 TRACE 37120 --- [student-management-system] [restartedMain] org.hibernate.orm.jdbc.bind              : binding parameter (1:VARCHAR) <- [admin]
2026-09-25T00:35:22.853+05:30 TRACE 37120 --- [student-management-system] [restartedMain] org.hibernate.orm.jdbc.bind              : binding parameter (2:INTEGER) <- [1]
2026-09-25T00:35:22.854+05:30 DEBUG 37120 --- [student-management-system] [restartedMain] org.hibernate.SQL                        : 
    select
        u1_0.id 
    from
        users u1_0 
    where
        u1_0.username=? 
    limit
        ?
2026-09-25T00:35:22.855+05:30 TRACE 37120 --- [student-management-system] [restartedMain] org.hibernate.orm.jdbc.bind              : binding parameter (1:VARCHAR) <- [user]
2026-09-25T00:35:22.855+05:30 TRACE 37120 --- [student-management-system] [restartedMain] org.hibernate.orm.jdbc.bind              : binding parameter (2:INTEGER) <- [1]
2026-09-25T00:35:22.856+05:30  INFO 37120 --- [student-management-system] [restartedMain] .ConditionEvaluationDeltaLoggingListener : Condition evaluation unchanged
2026-09-25T00:35:43.716+05:30  INFO 37120 --- [student-management-system] [http-nio-8080-exec-3] o.a.c.c.C.[Tomcat].[localhost].[/]       : Initializing Spring DispatcherServlet 'dispatcherServlet'
2026-09-25T00:35:43.717+05:30  INFO 37120 --- [student-management-system] [http-nio-8080-exec-3] o.s.web.servlet.DispatcherServlet        : Initializing Servlet 'dispatcherServlet'
2026-09-25T00:35:43.733+05:30  INFO 37120 --- [student-management-system] [http-nio-8080-exec-3] o.s.web.servlet.DispatcherServlet        : Completed initialization in 16 ms
2026-09-25T00:35:43.756+05:30 DEBUG 37120 --- [student-management-system] [http-nio-8080-exec-9] org.hibernate.SQL                        : 
    select
        u1_0.id,
        u1_0.created_at,
        u1_0.password,
        u1_0.role,
        u1_0.updated_at,
        u1_0.username 
    from
        users u1_0 
    where
        u1_0.username=?
2026-09-25T00:35:43.756+05:30 DEBUG 37120 --- [student-management-system] [http-nio-8080-exec-5] org.hibernate.SQL                        : 
    select
        u1_0.id,
        u1_0.created_at,
        u1_0.password,
        u1_0.role,
        u1_0.updated_at,
        u1_0.username 
    from
        users u1_0 
    where
        u1_0.username=?
2026-09-25T00:35:43.756+05:30 DEBUG 37120 --- [student-management-system] [http-nio-8080-exec-1] org.hibernate.SQL                        : 
    select
        u1_0.id,
        u1_0.created_at,
        u1_0.password,
        u1_0.role,
        u1_0.updated_at,
        u1_0.username 
    from
        users u1_0 
    where
        u1_0.username=?
2026-09-25T00:35:43.757+05:30 TRACE 37120 --- [student-management-system] [http-nio-8080-exec-5] org.hibernate.orm.jdbc.bind              : binding parameter (1:VARCHAR) <- [admin]
2026-09-25T00:35:43.757+05:30 TRACE 37120 --- [student-management-system] [http-nio-8080-exec-9] org.hibernate.orm.jdbc.bind              : binding parameter (1:VARCHAR) <- [admin]
2026-09-25T00:35:43.757+05:30 TRACE 37120 --- [student-management-system] [http-nio-8080-exec-1] org.hibernate.orm.jdbc.bind              : binding parameter (1:VARCHAR) <- [admin]
2026-09-25T00:35:43.778+05:30 DEBUG 37120 --- [student-management-system] [http-nio-8080-exec-5] org.hibernate.SQL                        : 
    select
        s1_0.id,
        s1_0.address,
        s1_0.created_at,
        s1_0.date_of_birth,
        s1_0.email,
        s1_0.first_name,
        s1_0.last_name,
        s1_0.phone,
        s1_0.updated_at 
    from
        students s1_0 
    order by
        s1_0.id 
    limit
        ?, ?
2026-09-25T00:35:43.778+05:30 DEBUG 37120 --- [student-management-system] [http-nio-8080-exec-9] org.hibernate.SQL                        : 
    select
        c1_0.id,
        c1_0.course_code,
        c1_0.course_name,
        c1_0.created_at,
        c1_0.description,
        c1_0.duration,
        c1_0.fees,
        c1_0.updated_at 
    from
        courses c1_0 
    order by
        c1_0.id 
    limit
        ?, ?
2026-09-25T00:35:43.778+05:30 TRACE 37120 --- [student-management-system] [http-nio-8080-exec-5] org.hibernate.orm.jdbc.bind              : binding parameter (1:INTEGER) <- [0]
2026-09-25T00:35:43.778+05:30 TRACE 37120 --- [student-management-system] [http-nio-8080-exec-5] org.hibernate.orm.jdbc.bind              : binding parameter (2:INTEGER) <- [1]
2026-09-25T00:35:43.778+05:30 TRACE 37120 --- [student-management-system] [http-nio-8080-exec-9] org.hibernate.orm.jdbc.bind              : binding parameter (1:INTEGER) <- [0]
2026-09-25T00:35:43.778+05:30 TRACE 37120 --- [student-management-system] [http-nio-8080-exec-9] org.hibernate.orm.jdbc.bind              : binding parameter (2:INTEGER) <- [1]
2026-09-25T00:35:43.779+05:30 DEBUG 37120 --- [student-management-system] [http-nio-8080-exec-1] org.hibernate.SQL                        : 
    select
        e1_0.id,
        e1_0.course_id,
        c1_0.id,
        c1_0.course_code,
        c1_0.course_name,
        c1_0.created_at,
        c1_0.description,
        c1_0.duration,
        c1_0.fees,
        c1_0.updated_at,
        e1_0.created_at,
        e1_0.enrollment_date,
        e1_0.status,
        e1_0.student_id,
        s1_0.id,
        s1_0.address,
        s1_0.created_at,
        s1_0.date_of_birth,
        s1_0.email,
        s1_0.first_name,
        s1_0.last_name,
        s1_0.phone,
        s1_0.updated_at,
        e1_0.updated_at 
    from
        enrollments e1_0 
    join
        courses c1_0 
            on c1_0.id=e1_0.course_id 
    join
        students s1_0 
            on s1_0.id=e1_0.student_id 
    limit
        ?, ?
2026-09-25T00:35:43.780+05:30 TRACE 37120 --- [student-management-system] [http-nio-8080-exec-1] org.hibernate.orm.jdbc.bind              : binding parameter (1:INTEGER) <- [0]
2026-09-25T00:35:43.780+05:30 TRACE 37120 --- [student-management-system] [http-nio-8080-exec-1] org.hibernate.orm.jdbc.bind              : binding parameter (2:INTEGER) <- [100]
2026-09-25T00:35:43.781+05:30 DEBUG 37120 --- [student-management-system] [http-nio-8080-exec-5] org.hibernate.SQL                        : 
    select
        count(s1_0.id) 
    from
        students s1_0
2026-09-25T00:35:43.785+05:30 DEBUG 37120 --- [student-management-system] [http-nio-8080-exec-9] org.hibernate.SQL                        : 
    select
        count(c1_0.id) 
    from
        courses c1_0
2026-09-25T00:35:43.793+05:30  WARN 37120 --- [student-management-system] [http-nio-8080-exec-9] ration$PageModule$WarningLoggingModifier : Serializing PageImpl instances as-is is not supported, meaning that there is no guarantee about the stability of the resulting JSON structure!
	For a stable JSON structure, please use Spring Data's PagedModel (globally via @EnableSpringDataWebSupport(pageSerializationMode = VIA_DTO))
	or Spring HATEOAS and Spring Data's PagedResourcesAssembler as documented in https://docs.spring.io/spring-data/commons/reference/repositories/core-extensions.html#core.web.pageables.

2026-09-25T00:35:43.804+05:30 DEBUG 37120 --- [student-management-system] [http-nio-8080-exec-10] org.hibernate.SQL                        : 
    select
        u1_0.id,
        u1_0.created_at,
        u1_0.password,
        u1_0.role,
        u1_0.updated_at,
        u1_0.username 
    from
        users u1_0 
    where
        u1_0.username=?
2026-09-25T00:35:43.804+05:30 DEBUG 37120 --- [student-management-system] [http-nio-8080-exec-4] org.hibernate.SQL                        : 
    select
        u1_0.id,
        u1_0.created_at,
        u1_0.password,
        u1_0.role,
        u1_0.updated_at,
        u1_0.username 
    from
        users u1_0 
    where
        u1_0.username=?
2026-09-25T00:35:43.804+05:30 TRACE 37120 --- [student-management-system] [http-nio-8080-exec-10] org.hibernate.orm.jdbc.bind              : binding parameter (1:VARCHAR) <- [admin]
2026-09-25T00:35:43.804+05:30 TRACE 37120 --- [student-management-system] [http-nio-8080-exec-4] org.hibernate.orm.jdbc.bind              : binding parameter (1:VARCHAR) <- [admin]
2026-09-25T00:35:43.804+05:30 DEBUG 37120 --- [student-management-system] [http-nio-8080-exec-3] org.hibernate.SQL                        : 
    select
        u1_0.id,
        u1_0.created_at,
        u1_0.password,
        u1_0.role,
        u1_0.updated_at,
        u1_0.username 
    from
        users u1_0 
    where
        u1_0.username=?
2026-09-25T00:35:43.805+05:30 TRACE 37120 --- [student-management-system] [http-nio-8080-exec-3] org.hibernate.orm.jdbc.bind              : binding parameter (1:VARCHAR) <- [admin]
2026-09-25T00:35:43.815+05:30 DEBUG 37120 --- [student-management-system] [http-nio-8080-exec-4] org.hibernate.SQL                        : 
    select
        s1_0.id,
        s1_0.address,
        s1_0.created_at,
        s1_0.date_of_birth,
        s1_0.email,
        s1_0.first_name,
        s1_0.last_name,
        s1_0.phone,
        s1_0.updated_at 
    from
        students s1_0 
    order by
        s1_0.id 
    limit
        ?, ?
2026-09-25T00:35:43.815+05:30 TRACE 37120 --- [student-management-system] [http-nio-8080-exec-4] org.hibernate.orm.jdbc.bind              : binding parameter (1:INTEGER) <- [0]
2026-09-25T00:35:43.815+05:30 DEBUG 37120 --- [student-management-system] [http-nio-8080-exec-10] org.hibernate.SQL                        : 
    select
        c1_0.id,
        c1_0.course_code,
        c1_0.course_name,
        c1_0.created_at,
        c1_0.description,
        c1_0.duration,
        c1_0.fees,
        c1_0.updated_at 
    from
        courses c1_0 
    order by
        c1_0.id 
    limit
        ?, ?
2026-09-25T00:35:43.816+05:30 TRACE 37120 --- [student-management-system] [http-nio-8080-exec-10] org.hibernate.orm.jdbc.bind              : binding parameter (1:INTEGER) <- [0]
2026-09-25T00:35:43.816+05:30 TRACE 37120 --- [student-management-system] [http-nio-8080-exec-10] org.hibernate.orm.jdbc.bind              : binding parameter (2:INTEGER) <- [1]
2026-09-25T00:35:43.816+05:30 TRACE 37120 --- [student-management-system] [http-nio-8080-exec-4] org.hibernate.orm.jdbc.bind              : binding parameter (2:INTEGER) <- [1]
2026-09-25T00:35:43.819+05:30 DEBUG 37120 --- [student-management-system] [http-nio-8080-exec-3] org.hibernate.SQL                        : 
    select
        e1_0.id,
        e1_0.course_id,
        c1_0.id,
        c1_0.course_code,
        c1_0.course_name,
        c1_0.created_at,
        c1_0.description,
        c1_0.duration,
        c1_0.fees,
        c1_0.updated_at,
        e1_0.created_at,
        e1_0.enrollment_date,
        e1_0.status,
        e1_0.student_id,
        s1_0.id,
        s1_0.address,
        s1_0.created_at,
        s1_0.date_of_birth,
        s1_0.email,
        s1_0.first_name,
        s1_0.last_name,
        s1_0.phone,
        s1_0.updated_at,
        e1_0.updated_at 
    from
        enrollments e1_0 
    join
        courses c1_0 
            on c1_0.id=e1_0.course_id 
    join
        students s1_0 
            on s1_0.id=e1_0.student_id 
    limit
        ?, ?
2026-09-25T00:35:43.820+05:30 TRACE 37120 --- [student-management-system] [http-nio-8080-exec-3] org.hibernate.orm.jdbc.bind              : binding parameter (1:INTEGER) <- [0]
2026-09-25T00:35:43.820+05:30 TRACE 37120 --- [student-management-system] [http-nio-8080-exec-3] org.hibernate.orm.jdbc.bind              : binding parameter (2:INTEGER) <- [100]
2026-09-25T00:35:43.821+05:30 DEBUG 37120 --- [student-management-system] [http-nio-8080-exec-10] org.hibernate.SQL                        : 
    select
        count(c1_0.id) 
    from
        courses c1_0
2026-09-25T00:35:43.825+05:30 DEBUG 37120 --- [student-management-system] [http-nio-8080-exec-4] org.hibernate.SQL                        : 
    select
        count(s1_0.id) 
    from
        students s1_0
2026-09-25T00:36:00.806+05:30  INFO 37120 --- [student-management-system] [RMI TCP Connection(108)-127.0.0.1] inMXBeanRegistrar$SpringApplicationAdmin : Application shutdown requested.
2026-09-25T00:36:00.810+05:30  INFO 37120 --- [student-management-system] [RMI TCP Connection(108)-127.0.0.1] o.s.boot.tomcat.GracefulShutdown         : Commencing graceful shutdown. Waiting for active requests to complete
2026-09-25T00:36:00.813+05:30  INFO 37120 --- [student-management-system] [tomcat-shutdown] o.s.boot.tomcat.GracefulShutdown         : Graceful shutdown complete
2026-09-25T00:36:00.818+05:30  INFO 37120 --- [student-management-system] [RMI TCP Connection(108)-127.0.0.1] j.LocalContainerEntityManagerFactoryBean : Closing JPA EntityManagerFactory for persistence unit 'default'
2026-09-25T00:36:00.819+05:30  INFO 37120 --- [student-management-system] [RMI TCP Connection(108)-127.0.0.1] com.zaxxer.hikari.HikariDataSource       : HikariPool-4 - Shutdown initiated...
2026-09-25T00:36:00.821+05:30  INFO 37120 --- [student-management-system] [RMI TCP Connection(108)-127.0.0.1] com.zaxxer.hikari.HikariDataSource       : HikariPool-4 - Shutdown completed.
2026-09-25T00:36:03.120+05:30  INFO 1303 --- [student-management-system] [restartedMain] c.k.s.StudentManagementSystemApplication : Starting StudentManagementSystemApplication using Java 21.0.12 with PID 1303 (/Users/gourav/Student-Management-System-f1/student-management-system/target/classes started by gourav in /Users/gourav/Student-Management-System-f1/student-management-system)
2026-09-25T00:36:03.121+05:30 DEBUG 1303 --- [student-management-system] [restartedMain] c.k.s.StudentManagementSystemApplication : Running with Spring Boot v4.1.1, Spring v7.0.9
2026-09-25T00:36:03.121+05:30  INFO 1303 --- [student-management-system] [restartedMain] c.k.s.StudentManagementSystemApplication : The following 1 profile is active: "dev"
2026-09-25T00:36:03.150+05:30  INFO 1303 --- [student-management-system] [restartedMain] .e.DevToolsPropertyDefaultsPostProcessor : Devtools property defaults active! Set 'spring.devtools.add-properties' to 'false' to disable
2026-09-25T00:36:03.150+05:30  INFO 1303 --- [student-management-system] [restartedMain] .e.DevToolsPropertyDefaultsPostProcessor : For additional web related logging consider setting the 'logging.level.web' property to 'DEBUG'
2026-09-25T00:36:03.645+05:30  INFO 1303 --- [student-management-system] [restartedMain] .s.d.r.c.RepositoryConfigurationDelegate : Bootstrapping Spring Data JPA repositories in DEFAULT mode.
2026-09-25T00:36:03.673+05:30  INFO 1303 --- [student-management-system] [restartedMain] .s.d.r.c.RepositoryConfigurationDelegate : Finished Spring Data repository scanning in 23 ms. Found 4 JPA repository interfaces.
2026-09-25T00:36:04.056+05:30  INFO 1303 --- [student-management-system] [restartedMain] o.s.boot.tomcat.TomcatWebServer          : Tomcat initialized with port 8080 (http)
2026-09-25T00:36:04.065+05:30  INFO 1303 --- [student-management-system] [restartedMain] o.apache.catalina.core.StandardService   : Starting service [Tomcat]
2026-09-25T00:36:04.066+05:30  INFO 1303 --- [student-management-system] [restartedMain] o.apache.catalina.core.StandardEngine    : Starting Servlet engine: [Apache Tomcat/11.0.24]
2026-09-25T00:36:04.084+05:30  INFO 1303 --- [student-management-system] [restartedMain] b.w.c.s.WebApplicationContextInitializer : Root WebApplicationContext: initialization completed in 933 ms
2026-09-25T00:36:04.253+05:30  INFO 1303 --- [student-management-system] [restartedMain] com.zaxxer.hikari.HikariDataSource       : HikariPool-1 - Starting...
2026-09-25T00:36:04.504+05:30  INFO 1303 --- [student-management-system] [restartedMain] com.zaxxer.hikari.pool.HikariPool        : HikariPool-1 - Added connection com.mysql.cj.jdbc.ConnectionImpl@7ea2370f
2026-09-25T00:36:04.505+05:30  INFO 1303 --- [student-management-system] [restartedMain] com.zaxxer.hikari.HikariDataSource       : HikariPool-1 - Start completed.
2026-09-25T00:36:04.521+05:30  INFO 1303 --- [student-management-system] [restartedMain] org.flywaydb.core.FlywayExecutor         : Database: jdbc:mysql://localhost:3306/student_management (MySQL 9.7)
2026-09-25T00:36:04.542+05:30  WARN 1303 --- [student-management-system] [restartedMain] o.f.c.internal.database.base.Database    : Using MySQL 9.7 which is newer than the version Flyway has been verified with. The latest verified version of MySQL is 9.4.
2026-09-25T00:36:04.572+05:30  INFO 1303 --- [student-management-system] [restartedMain] o.f.core.internal.command.DbValidate     : Successfully validated 3 migrations (execution time 00:00.023s)
2026-09-25T00:36:04.583+05:30  INFO 1303 --- [student-management-system] [restartedMain] o.f.core.internal.command.DbMigrate      : Current version of schema `student_management`: 3
2026-09-25T00:36:04.586+05:30  INFO 1303 --- [student-management-system] [restartedMain] o.f.core.internal.command.DbMigrate      : Schema `student_management` is up to date. No migration necessary.
2026-09-25T00:36:04.643+05:30  INFO 1303 --- [student-management-system] [restartedMain] org.hibernate.orm.jpa                    : HHH008540: Processing PersistenceUnitInfo [name: default]
2026-09-25T00:36:04.677+05:30  INFO 1303 --- [student-management-system] [restartedMain] org.hibernate.orm.core                   : HHH000001: Hibernate ORM core version 7.4.5.Final
2026-09-25T00:36:04.891+05:30  INFO 1303 --- [student-management-system] [restartedMain] o.s.o.j.p.SpringPersistenceUnitInfo      : No LoadTimeWeaver setup: ignoring JPA class transformer
2026-09-25T00:36:04.950+05:30  INFO 1303 --- [student-management-system] [restartedMain] org.hibernate.orm.connections.pooling    : HHH10001005: Database info:
	Database JDBC URL [jdbc:mysql://localhost:3306/student_management]
	Database driver: MySQL Connector/J
	Database dialect: MySQLDialect
	Database version: 9.7.1
	Default catalog/schema: student_management/undefined
	Autocommit mode: undefined/unknown
	Isolation level: REPEATABLE_READ [default REPEATABLE_READ]
	JDBC fetch size: none
	Pool: DataSourceConnectionProvider
	Minimum pool size: undefined/unknown
	Maximum pool size: undefined/unknown
2026-09-25T00:36:05.424+05:30  INFO 1303 --- [student-management-system] [restartedMain] org.hibernate.orm.core                   : HHH000489: No JTA platform available (set 'hibernate.transaction.jta.platform' to enable JTA platform integration)
2026-09-25T00:36:05.453+05:30  INFO 1303 --- [student-management-system] [restartedMain] j.LocalContainerEntityManagerFactoryBean : Initialized JPA EntityManagerFactory for persistence unit 'default'
2026-09-25T00:36:05.500+05:30  INFO 1303 --- [student-management-system] [restartedMain] o.s.d.j.r.query.QueryEnhancerFactories   : Hibernate is in classpath; If applicable, HQL parser will be used.
2026-09-25T00:36:05.620+05:30 DEBUG 1303 --- [student-management-system] [restartedMain] c.k.s.security.JwtAuthenticationFilter   : Filter 'jwtAuthenticationFilter' configured for use
2026-09-25T00:36:05.678+05:30  INFO 1303 --- [student-management-system] [restartedMain] eAuthenticationProviderManagerConfigurer : Global AuthenticationManager configured with AuthenticationProvider bean with name authenticationProvider
2026-09-25T00:36:05.679+05:30  WARN 1303 --- [student-management-system] [restartedMain] r$InitializeUserDetailsManagerConfigurer : Global AuthenticationManager configured with an AuthenticationProvider bean. UserDetailsService beans will not be used by Spring Security for automatically configuring username/password login. Consider removing the AuthenticationProvider bean. Alternatively, consider using the UserDetailsService in a manually instantiated DaoAuthenticationProvider. If the current configuration is intentional, to turn off this warning, increase the logging level of 'org.springframework.security.config.annotation.authentication.configuration.InitializeUserDetailsBeanManagerConfigurer' to ERROR
2026-09-25T00:36:05.827+05:30  WARN 1303 --- [student-management-system] [restartedMain] JpaBaseConfiguration$JpaWebConfiguration : spring.jpa.open-in-view is enabled by default. Therefore, database queries may be performed during view rendering. Explicitly configure spring.jpa.open-in-view to disable this warning
2026-09-25T00:36:06.389+05:30  INFO 1303 --- [student-management-system] [restartedMain] o.s.b.a.e.web.EndpointLinksResolver      : Exposing 1 endpoint beneath base path '/actuator'
2026-09-25T00:36:06.455+05:30  INFO 1303 --- [student-management-system] [restartedMain] o.s.boot.tomcat.TomcatWebServer          : Tomcat started on port 8080 (http) with context path '/'
2026-09-25T00:36:06.462+05:30  INFO 1303 --- [student-management-system] [restartedMain] c.k.s.StudentManagementSystemApplication : Started StudentManagementSystemApplication in 3.56 seconds (process running for 3.839)
2026-09-25T00:36:06.748+05:30 DEBUG 1303 --- [student-management-system] [restartedMain] org.hibernate.SQL                        : 
    select
        u1_0.id 
    from
        users u1_0 
    where
        u1_0.username=? 
    limit
        ?
2026-09-25T00:36:06.749+05:30 TRACE 1303 --- [student-management-system] [restartedMain] org.hibernate.orm.jdbc.bind              : binding parameter (1:VARCHAR) <- [admin]
2026-09-25T00:36:06.749+05:30 TRACE 1303 --- [student-management-system] [restartedMain] org.hibernate.orm.jdbc.bind              : binding parameter (2:INTEGER) <- [1]
2026-09-25T00:36:06.757+05:30 DEBUG 1303 --- [student-management-system] [restartedMain] org.hibernate.SQL                        : 
    select
        u1_0.id 
    from
        users u1_0 
    where
        u1_0.username=? 
    limit
        ?
2026-09-25T00:36:06.757+05:30 TRACE 1303 --- [student-management-system] [restartedMain] org.hibernate.orm.jdbc.bind              : binding parameter (1:VARCHAR) <- [user]
2026-09-25T00:36:06.758+05:30 TRACE 1303 --- [student-management-system] [restartedMain] org.hibernate.orm.jdbc.bind              : binding parameter (2:INTEGER) <- [1]
2026-09-25T00:36:07.038+05:30  INFO 1303 --- [student-management-system] [RMI TCP Connection(2)-127.0.0.1] o.a.c.c.C.[Tomcat].[localhost].[/]       : Initializing Spring DispatcherServlet 'dispatcherServlet'
2026-09-25T00:36:07.038+05:30  INFO 1303 --- [student-management-system] [RMI TCP Connection(2)-127.0.0.1] o.s.web.servlet.DispatcherServlet        : Initializing Servlet 'dispatcherServlet'
2026-09-25T00:36:07.039+05:30  INFO 1303 --- [student-management-system] [RMI TCP Connection(2)-127.0.0.1] o.s.web.servlet.DispatcherServlet        : Completed initialization in 1 ms
2026-09-25T00:36:09.014+05:30 DEBUG 1303 --- [student-management-system] [http-nio-8080-exec-9] org.hibernate.SQL                        : 
    select
        u1_0.id,
        u1_0.created_at,
        u1_0.password,
        u1_0.role,
        u1_0.updated_at,
        u1_0.username 
    from
        users u1_0 
    where
        u1_0.username=?
2026-09-25T00:36:09.014+05:30 DEBUG 1303 --- [student-management-system] [http-nio-8080-exec-7] org.hibernate.SQL                        : 
    select
        u1_0.id,
        u1_0.created_at,
        u1_0.password,
        u1_0.role,
        u1_0.updated_at,
        u1_0.username 
    from
        users u1_0 
    where
        u1_0.username=?
2026-09-25T00:36:09.014+05:30 DEBUG 1303 --- [student-management-system] [http-nio-8080-exec-8] org.hibernate.SQL                        : 
    select
        u1_0.id,
        u1_0.created_at,
        u1_0.password,
        u1_0.role,
        u1_0.updated_at,
        u1_0.username 
    from
        users u1_0 
    where
        u1_0.username=?
2026-09-25T00:36:09.015+05:30 TRACE 1303 --- [student-management-system] [http-nio-8080-exec-7] org.hibernate.orm.jdbc.bind              : binding parameter (1:VARCHAR) <- [admin]
2026-09-25T00:36:09.015+05:30 TRACE 1303 --- [student-management-system] [http-nio-8080-exec-9] org.hibernate.orm.jdbc.bind              : binding parameter (1:VARCHAR) <- [admin]
2026-09-25T00:36:09.015+05:30 TRACE 1303 --- [student-management-system] [http-nio-8080-exec-8] org.hibernate.orm.jdbc.bind              : binding parameter (1:VARCHAR) <- [admin]
2026-09-25T00:36:09.077+05:30 DEBUG 1303 --- [student-management-system] [http-nio-8080-exec-7] org.hibernate.SQL                        : 
    select
        c1_0.id,
        c1_0.course_code,
        c1_0.course_name,
        c1_0.created_at,
        c1_0.description,
        c1_0.duration,
        c1_0.fees,
        c1_0.updated_at 
    from
        courses c1_0 
    order by
        c1_0.id 
    limit
        ?, ?
2026-09-25T00:36:09.077+05:30 DEBUG 1303 --- [student-management-system] [http-nio-8080-exec-8] org.hibernate.SQL                        : 
    select
        s1_0.id,
        s1_0.address,
        s1_0.created_at,
        s1_0.date_of_birth,
        s1_0.email,
        s1_0.first_name,
        s1_0.last_name,
        s1_0.phone,
        s1_0.updated_at 
    from
        students s1_0 
    order by
        s1_0.id 
    limit
        ?, ?
2026-09-25T00:36:09.078+05:30 TRACE 1303 --- [student-management-system] [http-nio-8080-exec-7] org.hibernate.orm.jdbc.bind              : binding parameter (1:INTEGER) <- [0]
2026-09-25T00:36:09.078+05:30 TRACE 1303 --- [student-management-system] [http-nio-8080-exec-7] org.hibernate.orm.jdbc.bind              : binding parameter (2:INTEGER) <- [1]
2026-09-25T00:36:09.078+05:30 TRACE 1303 --- [student-management-system] [http-nio-8080-exec-8] org.hibernate.orm.jdbc.bind              : binding parameter (1:INTEGER) <- [0]
2026-09-25T00:36:09.078+05:30 TRACE 1303 --- [student-management-system] [http-nio-8080-exec-8] org.hibernate.orm.jdbc.bind              : binding parameter (2:INTEGER) <- [1]
2026-09-25T00:36:09.086+05:30 DEBUG 1303 --- [student-management-system] [http-nio-8080-exec-9] org.hibernate.SQL                        : 
    select
        e1_0.id,
        e1_0.course_id,
        c1_0.id,
        c1_0.course_code,
        c1_0.course_name,
        c1_0.created_at,
        c1_0.description,
        c1_0.duration,
        c1_0.fees,
        c1_0.updated_at,
        e1_0.created_at,
        e1_0.enrollment_date,
        e1_0.status,
        e1_0.student_id,
        s1_0.id,
        s1_0.address,
        s1_0.created_at,
        s1_0.date_of_birth,
        s1_0.email,
        s1_0.first_name,
        s1_0.last_name,
        s1_0.phone,
        s1_0.updated_at,
        e1_0.updated_at 
    from
        enrollments e1_0 
    join
        courses c1_0 
            on c1_0.id=e1_0.course_id 
    join
        students s1_0 
            on s1_0.id=e1_0.student_id 
    limit
        ?, ?
2026-09-25T00:36:09.087+05:30 TRACE 1303 --- [student-management-system] [http-nio-8080-exec-9] org.hibernate.orm.jdbc.bind              : binding parameter (1:INTEGER) <- [0]
2026-09-25T00:36:09.087+05:30 DEBUG 1303 --- [student-management-system] [http-nio-8080-exec-7] org.hibernate.SQL                        : 
    select
        count(c1_0.id) 
    from
        courses c1_0
2026-09-25T00:36:09.087+05:30 TRACE 1303 --- [student-management-system] [http-nio-8080-exec-9] org.hibernate.orm.jdbc.bind              : binding parameter (2:INTEGER) <- [100]
2026-09-25T00:36:09.087+05:30 DEBUG 1303 --- [student-management-system] [http-nio-8080-exec-8] org.hibernate.SQL                        : 
    select
        count(s1_0.id) 
    from
        students s1_0
2026-09-25T00:36:09.119+05:30  WARN 1303 --- [student-management-system] [http-nio-8080-exec-9] ration$PageModule$WarningLoggingModifier : Serializing PageImpl instances as-is is not supported, meaning that there is no guarantee about the stability of the resulting JSON structure!
	For a stable JSON structure, please use Spring Data's PagedModel (globally via @EnableSpringDataWebSupport(pageSerializationMode = VIA_DTO))
	or Spring HATEOAS and Spring Data's PagedResourcesAssembler as documented in https://docs.spring.io/spring-data/commons/reference/repositories/core-extensions.html#core.web.pageables.

2026-09-25T00:36:09.133+05:30 DEBUG 1303 --- [student-management-system] [http-nio-8080-exec-5] org.hibernate.SQL                        : 
    select
        u1_0.id,
        u1_0.created_at,
        u1_0.password,
        u1_0.role,
        u1_0.updated_at,
        u1_0.username 
    from
        users u1_0 
    where
        u1_0.username=?
2026-09-25T00:36:09.135+05:30 TRACE 1303 --- [student-management-system] [http-nio-8080-exec-5] org.hibernate.orm.jdbc.bind              : binding parameter (1:VARCHAR) <- [admin]
2026-09-25T00:36:09.135+05:30 DEBUG 1303 --- [student-management-system] [http-nio-8080-exec-10] org.hibernate.SQL                        : 
    select
        u1_0.id,
        u1_0.created_at,
        u1_0.password,
        u1_0.role,
        u1_0.updated_at,
        u1_0.username 
    from
        users u1_0 
    where
        u1_0.username=?
2026-09-25T00:36:09.135+05:30 DEBUG 1303 --- [student-management-system] [http-nio-8080-exec-4] org.hibernate.SQL                        : 
    select
        u1_0.id,
        u1_0.created_at,
        u1_0.password,
        u1_0.role,
        u1_0.updated_at,
        u1_0.username 
    from
        users u1_0 
    where
        u1_0.username=?
2026-09-25T00:36:09.136+05:30 TRACE 1303 --- [student-management-system] [http-nio-8080-exec-10] org.hibernate.orm.jdbc.bind              : binding parameter (1:VARCHAR) <- [admin]
2026-09-25T00:36:09.136+05:30 TRACE 1303 --- [student-management-system] [http-nio-8080-exec-4] org.hibernate.orm.jdbc.bind              : binding parameter (1:VARCHAR) <- [admin]
2026-09-25T00:36:09.145+05:30 DEBUG 1303 --- [student-management-system] [http-nio-8080-exec-4] org.hibernate.SQL                        : 
    select
        s1_0.id,
        s1_0.address,
        s1_0.created_at,
        s1_0.date_of_birth,
        s1_0.email,
        s1_0.first_name,
        s1_0.last_name,
        s1_0.phone,
        s1_0.updated_at 
    from
        students s1_0 
    order by
        s1_0.id 
    limit
        ?, ?
2026-09-25T00:36:09.145+05:30 DEBUG 1303 --- [student-management-system] [http-nio-8080-exec-5] org.hibernate.SQL                        : 
    select
        c1_0.id,
        c1_0.course_code,
        c1_0.course_name,
        c1_0.created_at,
        c1_0.description,
        c1_0.duration,
        c1_0.fees,
        c1_0.updated_at 
    from
        courses c1_0 
    order by
        c1_0.id 
    limit
        ?, ?
2026-09-25T00:36:09.146+05:30 DEBUG 1303 --- [student-management-system] [http-nio-8080-exec-10] org.hibernate.SQL                        : 
    select
        e1_0.id,
        e1_0.course_id,
        c1_0.id,
        c1_0.course_code,
        c1_0.course_name,
        c1_0.created_at,
        c1_0.description,
        c1_0.duration,
        c1_0.fees,
        c1_0.updated_at,
        e1_0.created_at,
        e1_0.enrollment_date,
        e1_0.status,
        e1_0.student_id,
        s1_0.id,
        s1_0.address,
        s1_0.created_at,
        s1_0.date_of_birth,
        s1_0.email,
        s1_0.first_name,
        s1_0.last_name,
        s1_0.phone,
        s1_0.updated_at,
        e1_0.updated_at 
    from
        enrollments e1_0 
    join
        courses c1_0 
            on c1_0.id=e1_0.course_id 
    join
        students s1_0 
            on s1_0.id=e1_0.student_id 
    limit
        ?, ?
2026-09-25T00:36:09.146+05:30 TRACE 1303 --- [student-management-system] [http-nio-8080-exec-4] org.hibernate.orm.jdbc.bind              : binding parameter (1:INTEGER) <- [0]
2026-09-25T00:36:09.146+05:30 TRACE 1303 --- [student-management-system] [http-nio-8080-exec-5] org.hibernate.orm.jdbc.bind              : binding parameter (1:INTEGER) <- [0]
2026-09-25T00:36:09.146+05:30 TRACE 1303 --- [student-management-system] [http-nio-8080-exec-4] org.hibernate.orm.jdbc.bind              : binding parameter (2:INTEGER) <- [1]
2026-09-25T00:36:09.146+05:30 TRACE 1303 --- [student-management-system] [http-nio-8080-exec-5] org.hibernate.orm.jdbc.bind              : binding parameter (2:INTEGER) <- [1]
2026-09-25T00:36:09.146+05:30 TRACE 1303 --- [student-management-system] [http-nio-8080-exec-10] org.hibernate.orm.jdbc.bind              : binding parameter (1:INTEGER) <- [0]
2026-09-25T00:36:09.147+05:30 TRACE 1303 --- [student-management-system] [http-nio-8080-exec-10] org.hibernate.orm.jdbc.bind              : binding parameter (2:INTEGER) <- [100]
2026-09-25T00:36:09.150+05:30 DEBUG 1303 --- [student-management-system] [http-nio-8080-exec-4] org.hibernate.SQL                        : 
    select
        count(s1_0.id) 
    from
        students s1_0
2026-09-25T00:36:09.151+05:30 DEBUG 1303 --- [student-management-system] [http-nio-8080-exec-5] org.hibernate.SQL                        : 
    select
        count(c1_0.id) 
    from
        courses c1_0
2026-09-25T00:36:24.465+05:30 DEBUG 1303 --- [student-management-system] [http-nio-8080-exec-1] org.hibernate.SQL                        : 
    select
        u1_0.id,
        u1_0.created_at,
        u1_0.password,
        u1_0.role,
        u1_0.updated_at,
        u1_0.username 
    from
        users u1_0 
    where
        u1_0.username=?
2026-09-25T00:36:24.466+05:30 TRACE 1303 --- [student-management-system] [http-nio-8080-exec-1] org.hibernate.orm.jdbc.bind              : binding parameter (1:VARCHAR) <- [admin]
2026-09-25T00:36:24.938+05:30 DEBUG 1303 --- [student-management-system] [http-nio-8080-exec-6] org.hibernate.SQL                        : 
    select
        u1_0.id,
        u1_0.created_at,
        u1_0.password,
        u1_0.role,
        u1_0.updated_at,
        u1_0.username 
    from
        users u1_0 
    where
        u1_0.username=?
2026-09-25T00:36:24.940+05:30 TRACE 1303 --- [student-management-system] [http-nio-8080-exec-6] org.hibernate.orm.jdbc.bind              : binding parameter (1:VARCHAR) <- [admin]
2026-09-25T00:36:24.940+05:30 DEBUG 1303 --- [student-management-system] [http-nio-8080-exec-4] org.hibernate.SQL                        : 
    select
        u1_0.id,
        u1_0.created_at,
        u1_0.password,
        u1_0.role,
        u1_0.updated_at,
        u1_0.username 
    from
        users u1_0 
    where
        u1_0.username=?
2026-09-25T00:36:24.941+05:30 TRACE 1303 --- [student-management-system] [http-nio-8080-exec-4] org.hibernate.orm.jdbc.bind              : binding parameter (1:VARCHAR) <- [admin]
2026-09-25T00:36:24.944+05:30 DEBUG 1303 --- [student-management-system] [http-nio-8080-exec-5] org.hibernate.SQL                        : 
    select
        u1_0.id,
        u1_0.created_at,
        u1_0.password,
        u1_0.role,
        u1_0.updated_at,
        u1_0.username 
    from
        users u1_0 
    where
        u1_0.username=?
2026-09-25T00:36:24.944+05:30 TRACE 1303 --- [student-management-system] [http-nio-8080-exec-5] org.hibernate.orm.jdbc.bind              : binding parameter (1:VARCHAR) <- [admin]
2026-09-25T00:36:24.954+05:30 DEBUG 1303 --- [student-management-system] [http-nio-8080-exec-6] org.hibernate.SQL                        : 
    select
        s1_0.id,
        s1_0.address,
        s1_0.created_at,
        s1_0.date_of_birth,
        s1_0.email,
        s1_0.first_name,
        s1_0.last_name,
        s1_0.phone,
        s1_0.updated_at 
    from
        students s1_0 
    order by
        s1_0.id 
    limit
        ?, ?
2026-09-25T00:36:24.954+05:30 DEBUG 1303 --- [student-management-system] [http-nio-8080-exec-5] org.hibernate.SQL                        : 
    select
        c1_0.id,
        c1_0.course_code,
        c1_0.course_name,
        c1_0.created_at,
        c1_0.description,
        c1_0.duration,
        c1_0.fees,
        c1_0.updated_at 
    from
        courses c1_0 
    order by
        c1_0.id 
    limit
        ?, ?
2026-09-25T00:36:24.954+05:30 DEBUG 1303 --- [student-management-system] [http-nio-8080-exec-4] org.hibernate.SQL                        : 
    select
        e1_0.id,
        e1_0.course_id,
        c1_0.id,
        c1_0.course_code,
        c1_0.course_name,
        c1_0.created_at,
        c1_0.description,
        c1_0.duration,
        c1_0.fees,
        c1_0.updated_at,
        e1_0.created_at,
        e1_0.enrollment_date,
        e1_0.status,
        e1_0.student_id,
        s1_0.id,
        s1_0.address,
        s1_0.created_at,
        s1_0.date_of_birth,
        s1_0.email,
        s1_0.first_name,
        s1_0.last_name,
        s1_0.phone,
        s1_0.updated_at,
        e1_0.updated_at 
    from
        enrollments e1_0 
    join
        courses c1_0 
            on c1_0.id=e1_0.course_id 
    join
        students s1_0 
            on s1_0.id=e1_0.student_id 
    limit
        ?, ?
2026-09-25T00:36:24.955+05:30 TRACE 1303 --- [student-management-system] [http-nio-8080-exec-6] org.hibernate.orm.jdbc.bind              : binding parameter (1:INTEGER) <- [0]
2026-09-25T00:36:24.955+05:30 TRACE 1303 --- [student-management-system] [http-nio-8080-exec-5] org.hibernate.orm.jdbc.bind              : binding parameter (1:INTEGER) <- [0]
2026-09-25T00:36:24.955+05:30 TRACE 1303 --- [student-management-system] [http-nio-8080-exec-6] org.hibernate.orm.jdbc.bind              : binding parameter (2:INTEGER) <- [1]
2026-09-25T00:36:24.955+05:30 TRACE 1303 --- [student-management-system] [http-nio-8080-exec-5] org.hibernate.orm.jdbc.bind              : binding parameter (2:INTEGER) <- [1]
2026-09-25T00:36:24.955+05:30 TRACE 1303 --- [student-management-system] [http-nio-8080-exec-4] org.hibernate.orm.jdbc.bind              : binding parameter (1:INTEGER) <- [0]
2026-09-25T00:36:24.955+05:30 TRACE 1303 --- [student-management-system] [http-nio-8080-exec-4] org.hibernate.orm.jdbc.bind              : binding parameter (2:INTEGER) <- [100]
2026-09-25T00:36:24.958+05:30 DEBUG 1303 --- [student-management-system] [http-nio-8080-exec-5] org.hibernate.SQL                        : 
    select
        count(c1_0.id) 
    from
        courses c1_0
2026-09-25T00:36:24.958+05:30 DEBUG 1303 --- [student-management-system] [http-nio-8080-exec-6] org.hibernate.SQL                        : 
    select
        count(s1_0.id) 
    from
        students s1_0
2026-09-25T00:36:24.964+05:30 DEBUG 1303 --- [student-management-system] [http-nio-8080-exec-8] org.hibernate.SQL                        : 
    select
        u1_0.id,
        u1_0.created_at,
        u1_0.password,
        u1_0.role,
        u1_0.updated_at,
        u1_0.username 
    from
        users u1_0 
    where
        u1_0.username=?
2026-09-25T00:36:24.965+05:30 DEBUG 1303 --- [student-management-system] [http-nio-8080-exec-5] org.hibernate.SQL                        : 
    select
        u1_0.id,
        u1_0.created_at,
        u1_0.password,
        u1_0.role,
        u1_0.updated_at,
        u1_0.username 
    from
        users u1_0 
    where
        u1_0.username=?
2026-09-25T00:36:24.964+05:30 DEBUG 1303 --- [student-management-system] [http-nio-8080-exec-1] org.hibernate.SQL                        : 
    select
        u1_0.id,
        u1_0.created_at,
        u1_0.password,
        u1_0.role,
        u1_0.updated_at,
        u1_0.username 
    from
        users u1_0 
    where
        u1_0.username=?
2026-09-25T00:36:24.965+05:30 TRACE 1303 --- [student-management-system] [http-nio-8080-exec-8] org.hibernate.orm.jdbc.bind              : binding parameter (1:VARCHAR) <- [admin]
2026-09-25T00:36:24.965+05:30 TRACE 1303 --- [student-management-system] [http-nio-8080-exec-1] org.hibernate.orm.jdbc.bind              : binding parameter (1:VARCHAR) <- [admin]
2026-09-25T00:36:24.965+05:30 TRACE 1303 --- [student-management-system] [http-nio-8080-exec-5] org.hibernate.orm.jdbc.bind              : binding parameter (1:VARCHAR) <- [admin]
2026-09-25T00:36:24.969+05:30 DEBUG 1303 --- [student-management-system] [http-nio-8080-exec-1] org.hibernate.SQL                        : 
    select
        c1_0.id,
        c1_0.course_code,
        c1_0.course_name,
        c1_0.created_at,
        c1_0.description,
        c1_0.duration,
        c1_0.fees,
        c1_0.updated_at 
    from
        courses c1_0 
    order by
        c1_0.id 
    limit
        ?, ?
2026-09-25T00:36:24.969+05:30 DEBUG 1303 --- [student-management-system] [http-nio-8080-exec-8] org.hibernate.SQL                        : 
    select
        s1_0.id,
        s1_0.address,
        s1_0.created_at,
        s1_0.date_of_birth,
        s1_0.email,
        s1_0.first_name,
        s1_0.last_name,
        s1_0.phone,
        s1_0.updated_at 
    from
        students s1_0 
    order by
        s1_0.id 
    limit
        ?, ?
2026-09-25T00:36:24.969+05:30 DEBUG 1303 --- [student-management-system] [http-nio-8080-exec-5] org.hibernate.SQL                        : 
    select
        e1_0.id,
        e1_0.course_id,
        c1_0.id,
        c1_0.course_code,
        c1_0.course_name,
        c1_0.created_at,
        c1_0.description,
        c1_0.duration,
        c1_0.fees,
        c1_0.updated_at,
        e1_0.created_at,
        e1_0.enrollment_date,
        e1_0.status,
        e1_0.student_id,
        s1_0.id,
        s1_0.address,
        s1_0.created_at,
        s1_0.date_of_birth,
        s1_0.email,
        s1_0.first_name,
        s1_0.last_name,
        s1_0.phone,
        s1_0.updated_at,
        e1_0.updated_at 
    from
        enrollments e1_0 
    join
        courses c1_0 
            on c1_0.id=e1_0.course_id 
    join
        students s1_0 
            on s1_0.id=e1_0.student_id 
    limit
        ?, ?
2026-09-25T00:36:24.970+05:30 TRACE 1303 --- [student-management-system] [http-nio-8080-exec-1] org.hibernate.orm.jdbc.bind              : binding parameter (1:INTEGER) <- [0]
2026-09-25T00:36:24.970+05:30 TRACE 1303 --- [student-management-system] [http-nio-8080-exec-1] org.hibernate.orm.jdbc.bind              : binding parameter (2:INTEGER) <- [1]
2026-09-25T00:36:24.970+05:30 TRACE 1303 --- [student-management-system] [http-nio-8080-exec-5] org.hibernate.orm.jdbc.bind              : binding parameter (1:INTEGER) <- [0]
2026-09-25T00:36:24.970+05:30 TRACE 1303 --- [student-management-system] [http-nio-8080-exec-8] org.hibernate.orm.jdbc.bind              : binding parameter (1:INTEGER) <- [0]
2026-09-25T00:36:24.970+05:30 TRACE 1303 --- [student-management-system] [http-nio-8080-exec-5] org.hibernate.orm.jdbc.bind              : binding parameter (2:INTEGER) <- [100]
2026-09-25T00:36:24.970+05:30 TRACE 1303 --- [student-management-system] [http-nio-8080-exec-8] org.hibernate.orm.jdbc.bind              : binding parameter (2:INTEGER) <- [1]
2026-09-25T00:36:24.971+05:30 DEBUG 1303 --- [student-management-system] [http-nio-8080-exec-1] org.hibernate.SQL                        : 
    select
        count(c1_0.id) 
    from
        courses c1_0
2026-09-25T00:36:24.971+05:30 DEBUG 1303 --- [student-management-system] [http-nio-8080-exec-8] org.hibernate.SQL                        : 
    select
        count(s1_0.id) 
    from
        students s1_0
2026-09-25T00:36:45.588+05:30 DEBUG 1303 --- [student-management-system] [http-nio-8080-exec-9] org.hibernate.SQL                        : 
    select
        u1_0.id,
        u1_0.created_at,
        u1_0.password,
        u1_0.role,
        u1_0.updated_at,
        u1_0.username 
    from
        users u1_0 
    where
        u1_0.username=?
2026-09-25T00:36:45.592+05:30 TRACE 1303 --- [student-management-system] [http-nio-8080-exec-9] org.hibernate.orm.jdbc.bind              : binding parameter (1:VARCHAR) <- [user]
2026-09-25T00:36:46.050+05:30 DEBUG 1303 --- [student-management-system] [http-nio-8080-exec-4] org.hibernate.SQL                        : 
    select
        u1_0.id,
        u1_0.created_at,
        u1_0.password,
        u1_0.role,
        u1_0.updated_at,
        u1_0.username 
    from
        users u1_0 
    where
        u1_0.username=?
2026-09-25T00:36:46.050+05:30 DEBUG 1303 --- [student-management-system] [http-nio-8080-exec-1] org.hibernate.SQL                        : 
    select
        u1_0.id,
        u1_0.created_at,
        u1_0.password,
        u1_0.role,
        u1_0.updated_at,
        u1_0.username 
    from
        users u1_0 
    where
        u1_0.username=?
2026-09-25T00:36:46.050+05:30 DEBUG 1303 --- [student-management-system] [http-nio-8080-exec-5] org.hibernate.SQL                        : 
    select
        u1_0.id,
        u1_0.created_at,
        u1_0.password,
        u1_0.role,
        u1_0.updated_at,
        u1_0.username 
    from
        users u1_0 
    where
        u1_0.username=?
2026-09-25T00:36:46.051+05:30 TRACE 1303 --- [student-management-system] [http-nio-8080-exec-5] org.hibernate.orm.jdbc.bind              : binding parameter (1:VARCHAR) <- [user]
2026-09-25T00:36:46.051+05:30 TRACE 1303 --- [student-management-system] [http-nio-8080-exec-1] org.hibernate.orm.jdbc.bind              : binding parameter (1:VARCHAR) <- [user]
2026-09-25T00:36:46.051+05:30 TRACE 1303 --- [student-management-system] [http-nio-8080-exec-4] org.hibernate.orm.jdbc.bind              : binding parameter (1:VARCHAR) <- [user]
2026-09-25T00:36:46.066+05:30 DEBUG 1303 --- [student-management-system] [http-nio-8080-exec-1] org.hibernate.SQL                        : 
    select
        s1_0.id,
        s1_0.address,
        s1_0.created_at,
        s1_0.date_of_birth,
        s1_0.email,
        s1_0.first_name,
        s1_0.last_name,
        s1_0.phone,
        s1_0.updated_at 
    from
        students s1_0 
    order by
        s1_0.id 
    limit
        ?, ?
2026-09-25T00:36:46.066+05:30 DEBUG 1303 --- [student-management-system] [http-nio-8080-exec-5] org.hibernate.SQL                        : 
    select
        c1_0.id,
        c1_0.course_code,
        c1_0.course_name,
        c1_0.created_at,
        c1_0.description,
        c1_0.duration,
        c1_0.fees,
        c1_0.updated_at 
    from
        courses c1_0 
    order by
        c1_0.id 
    limit
        ?, ?
2026-09-25T00:36:46.066+05:30 DEBUG 1303 --- [student-management-system] [http-nio-8080-exec-4] org.hibernate.SQL                        : 
    select
        e1_0.id,
        e1_0.course_id,
        c1_0.id,
        c1_0.course_code,
        c1_0.course_name,
        c1_0.created_at,
        c1_0.description,
        c1_0.duration,
        c1_0.fees,
        c1_0.updated_at,
        e1_0.created_at,
        e1_0.enrollment_date,
        e1_0.status,
        e1_0.student_id,
        s1_0.id,
        s1_0.address,
        s1_0.created_at,
        s1_0.date_of_birth,
        s1_0.email,
        s1_0.first_name,
        s1_0.last_name,
        s1_0.phone,
        s1_0.updated_at,
        e1_0.updated_at 
    from
        enrollments e1_0 
    join
        courses c1_0 
            on c1_0.id=e1_0.course_id 
    join
        students s1_0 
            on s1_0.id=e1_0.student_id 
    limit
        ?, ?
2026-09-25T00:36:46.066+05:30 TRACE 1303 --- [student-management-system] [http-nio-8080-exec-1] org.hibernate.orm.jdbc.bind              : binding parameter (1:INTEGER) <- [0]
2026-09-25T00:36:46.066+05:30 TRACE 1303 --- [student-management-system] [http-nio-8080-exec-1] org.hibernate.orm.jdbc.bind              : binding parameter (2:INTEGER) <- [1]
2026-09-25T00:36:46.066+05:30 TRACE 1303 --- [student-management-system] [http-nio-8080-exec-4] org.hibernate.orm.jdbc.bind              : binding parameter (1:INTEGER) <- [0]
2026-09-25T00:36:46.066+05:30 TRACE 1303 --- [student-management-system] [http-nio-8080-exec-4] org.hibernate.orm.jdbc.bind              : binding parameter (2:INTEGER) <- [100]
2026-09-25T00:36:46.066+05:30 TRACE 1303 --- [student-management-system] [http-nio-8080-exec-5] org.hibernate.orm.jdbc.bind              : binding parameter (1:INTEGER) <- [0]
2026-09-25T00:36:46.066+05:30 TRACE 1303 --- [student-management-system] [http-nio-8080-exec-5] org.hibernate.orm.jdbc.bind              : binding parameter (2:INTEGER) <- [1]
2026-09-25T00:36:46.068+05:30 DEBUG 1303 --- [student-management-system] [http-nio-8080-exec-1] org.hibernate.SQL                        : 
    select
        count(s1_0.id) 
    from
        students s1_0
2026-09-25T00:36:46.068+05:30 DEBUG 1303 --- [student-management-system] [http-nio-8080-exec-5] org.hibernate.SQL                        : 
    select
        count(c1_0.id) 
    from
        courses c1_0
2026-09-25T00:36:46.076+05:30 DEBUG 1303 --- [student-management-system] [http-nio-8080-exec-7] org.hibernate.SQL                        : 
    select
        u1_0.id,
        u1_0.created_at,
        u1_0.password,
        u1_0.role,
        u1_0.updated_at,
        u1_0.username 
    from
        users u1_0 
    where
        u1_0.username=?
2026-09-25T00:36:46.076+05:30 DEBUG 1303 --- [student-management-system] [http-nio-8080-exec-3] org.hibernate.SQL                        : 
    select
        u1_0.id,
        u1_0.created_at,
        u1_0.password,
        u1_0.role,
        u1_0.updated_at,
        u1_0.username 
    from
        users u1_0 
    where
        u1_0.username=?
2026-09-25T00:36:46.076+05:30 DEBUG 1303 --- [student-management-system] [http-nio-8080-exec-9] org.hibernate.SQL                        : 
    select
        u1_0.id,
        u1_0.created_at,
        u1_0.password,
        u1_0.role,
        u1_0.updated_at,
        u1_0.username 
    from
        users u1_0 
    where
        u1_0.username=?
2026-09-25T00:36:46.076+05:30 TRACE 1303 --- [student-management-system] [http-nio-8080-exec-7] org.hibernate.orm.jdbc.bind              : binding parameter (1:VARCHAR) <- [user]
2026-09-25T00:36:46.076+05:30 TRACE 1303 --- [student-management-system] [http-nio-8080-exec-9] org.hibernate.orm.jdbc.bind              : binding parameter (1:VARCHAR) <- [user]
2026-09-25T00:36:46.076+05:30 TRACE 1303 --- [student-management-system] [http-nio-8080-exec-3] org.hibernate.orm.jdbc.bind              : binding parameter (1:VARCHAR) <- [user]
2026-09-25T00:36:46.084+05:30 DEBUG 1303 --- [student-management-system] [http-nio-8080-exec-7] org.hibernate.SQL                        : 
    select
        s1_0.id,
        s1_0.address,
        s1_0.created_at,
        s1_0.date_of_birth,
        s1_0.email,
        s1_0.first_name,
        s1_0.last_name,
        s1_0.phone,
        s1_0.updated_at 
    from
        students s1_0 
    order by
        s1_0.id 
    limit
        ?, ?
2026-09-25T00:36:46.084+05:30 DEBUG 1303 --- [student-management-system] [http-nio-8080-exec-9] org.hibernate.SQL                        : 
    select
        c1_0.id,
        c1_0.course_code,
        c1_0.course_name,
        c1_0.created_at,
        c1_0.description,
        c1_0.duration,
        c1_0.fees,
        c1_0.updated_at 
    from
        courses c1_0 
    order by
        c1_0.id 
    limit
        ?, ?
2026-09-25T00:36:46.085+05:30 TRACE 1303 --- [student-management-system] [http-nio-8080-exec-9] org.hibernate.orm.jdbc.bind              : binding parameter (1:INTEGER) <- [0]
2026-09-25T00:36:46.085+05:30 TRACE 1303 --- [student-management-system] [http-nio-8080-exec-9] org.hibernate.orm.jdbc.bind              : binding parameter (2:INTEGER) <- [1]
2026-09-25T00:36:46.085+05:30 TRACE 1303 --- [student-management-system] [http-nio-8080-exec-7] org.hibernate.orm.jdbc.bind              : binding parameter (1:INTEGER) <- [0]
2026-09-25T00:36:46.086+05:30 TRACE 1303 --- [student-management-system] [http-nio-8080-exec-7] org.hibernate.orm.jdbc.bind              : binding parameter (2:INTEGER) <- [1]
2026-09-25T00:36:46.086+05:30 DEBUG 1303 --- [student-management-system] [http-nio-8080-exec-3] org.hibernate.SQL                        : 
    select
        e1_0.id,
        e1_0.course_id,
        c1_0.id,
        c1_0.course_code,
        c1_0.course_name,
        c1_0.created_at,
        c1_0.description,
        c1_0.duration,
        c1_0.fees,
        c1_0.updated_at,
        e1_0.created_at,
        e1_0.enrollment_date,
        e1_0.status,
        e1_0.student_id,
        s1_0.id,
        s1_0.address,
        s1_0.created_at,
        s1_0.date_of_birth,
        s1_0.email,
        s1_0.first_name,
        s1_0.last_name,
        s1_0.phone,
        s1_0.updated_at,
        e1_0.updated_at 
    from
        enrollments e1_0 
    join
        courses c1_0 
            on c1_0.id=e1_0.course_id 
    join
        students s1_0 
            on s1_0.id=e1_0.student_id 
    limit
        ?, ?
2026-09-25T00:36:46.087+05:30 TRACE 1303 --- [student-management-system] [http-nio-8080-exec-3] org.hibernate.orm.jdbc.bind              : binding parameter (1:INTEGER) <- [0]
2026-09-25T00:36:46.087+05:30 TRACE 1303 --- [student-management-system] [http-nio-8080-exec-3] org.hibernate.orm.jdbc.bind              : binding parameter (2:INTEGER) <- [100]
2026-09-25T00:36:46.088+05:30 DEBUG 1303 --- [student-management-system] [http-nio-8080-exec-9] org.hibernate.SQL                        : 
    select
        count(c1_0.id) 
    from
        courses c1_0
2026-09-25T00:36:46.088+05:30 DEBUG 1303 --- [student-management-system] [http-nio-8080-exec-7] org.hibernate.SQL                        : 
    select
        count(s1_0.id) 
    from
        students s1_0
2026-09-25T00:36:53.960+05:30 DEBUG 1303 --- [student-management-system] [http-nio-8080-exec-8] org.hibernate.SQL                        : 
    select
        u1_0.id,
        u1_0.created_at,
        u1_0.password,
        u1_0.role,
        u1_0.updated_at,
        u1_0.username 
    from
        users u1_0 
    where
        u1_0.username=?
2026-09-25T00:36:53.961+05:30 TRACE 1303 --- [student-management-system] [http-nio-8080-exec-8] org.hibernate.orm.jdbc.bind              : binding parameter (1:VARCHAR) <- [admin]
2026-09-25T00:36:54.389+05:30 DEBUG 1303 --- [student-management-system] [http-nio-8080-exec-7] org.hibernate.SQL                        : 
    select
        u1_0.id,
        u1_0.created_at,
        u1_0.password,
        u1_0.role,
        u1_0.updated_at,
        u1_0.username 
    from
        users u1_0 
    where
        u1_0.username=?
2026-09-25T00:36:54.389+05:30 DEBUG 1303 --- [student-management-system] [http-nio-8080-exec-3] org.hibernate.SQL                        : 
    select
        u1_0.id,
        u1_0.created_at,
        u1_0.password,
        u1_0.role,
        u1_0.updated_at,
        u1_0.username 
    from
        users u1_0 
    where
        u1_0.username=?
2026-09-25T00:36:54.391+05:30 TRACE 1303 --- [student-management-system] [http-nio-8080-exec-3] org.hibernate.orm.jdbc.bind              : binding parameter (1:VARCHAR) <- [admin]
2026-09-25T00:36:54.392+05:30 DEBUG 1303 --- [student-management-system] [http-nio-8080-exec-10] org.hibernate.SQL                        : 
    select
        u1_0.id,
        u1_0.created_at,
        u1_0.password,
        u1_0.role,
        u1_0.updated_at,
        u1_0.username 
    from
        users u1_0 
    where
        u1_0.username=?
2026-09-25T00:36:54.392+05:30 TRACE 1303 --- [student-management-system] [http-nio-8080-exec-10] org.hibernate.orm.jdbc.bind              : binding parameter (1:VARCHAR) <- [admin]
2026-09-25T00:36:54.392+05:30 TRACE 1303 --- [student-management-system] [http-nio-8080-exec-7] org.hibernate.orm.jdbc.bind              : binding parameter (1:VARCHAR) <- [admin]
2026-09-25T00:36:54.403+05:30 DEBUG 1303 --- [student-management-system] [http-nio-8080-exec-3] org.hibernate.SQL                        : 
    select
        s1_0.id,
        s1_0.address,
        s1_0.created_at,
        s1_0.date_of_birth,
        s1_0.email,
        s1_0.first_name,
        s1_0.last_name,
        s1_0.phone,
        s1_0.updated_at 
    from
        students s1_0 
    order by
        s1_0.id 
    limit
        ?, ?
2026-09-25T00:36:54.403+05:30 DEBUG 1303 --- [student-management-system] [http-nio-8080-exec-7] org.hibernate.SQL                        : 
    select
        c1_0.id,
        c1_0.course_code,
        c1_0.course_name,
        c1_0.created_at,
        c1_0.description,
        c1_0.duration,
        c1_0.fees,
        c1_0.updated_at 
    from
        courses c1_0 
    order by
        c1_0.id 
    limit
        ?, ?
2026-09-25T00:36:54.403+05:30 TRACE 1303 --- [student-management-system] [http-nio-8080-exec-3] org.hibernate.orm.jdbc.bind              : binding parameter (1:INTEGER) <- [0]
2026-09-25T00:36:54.403+05:30 TRACE 1303 --- [student-management-system] [http-nio-8080-exec-7] org.hibernate.orm.jdbc.bind              : binding parameter (1:INTEGER) <- [0]
2026-09-25T00:36:54.403+05:30 TRACE 1303 --- [student-management-system] [http-nio-8080-exec-7] org.hibernate.orm.jdbc.bind              : binding parameter (2:INTEGER) <- [1]
2026-09-25T00:36:54.403+05:30 TRACE 1303 --- [student-management-system] [http-nio-8080-exec-3] org.hibernate.orm.jdbc.bind              : binding parameter (2:INTEGER) <- [1]
2026-09-25T00:36:54.406+05:30 DEBUG 1303 --- [student-management-system] [http-nio-8080-exec-3] org.hibernate.SQL                        : 
    select
        count(s1_0.id) 
    from
        students s1_0
2026-09-25T00:36:54.406+05:30 DEBUG 1303 --- [student-management-system] [http-nio-8080-exec-7] org.hibernate.SQL                        : 
    select
        count(c1_0.id) 
    from
        courses c1_0
2026-09-25T00:36:54.407+05:30 DEBUG 1303 --- [student-management-system] [http-nio-8080-exec-10] org.hibernate.SQL                        : 
    select
        e1_0.id,
        e1_0.course_id,
        c1_0.id,
        c1_0.course_code,
        c1_0.course_name,
        c1_0.created_at,
        c1_0.description,
        c1_0.duration,
        c1_0.fees,
        c1_0.updated_at,
        e1_0.created_at,
        e1_0.enrollment_date,
        e1_0.status,
        e1_0.student_id,
        s1_0.id,
        s1_0.address,
        s1_0.created_at,
        s1_0.date_of_birth,
        s1_0.email,
        s1_0.first_name,
        s1_0.last_name,
        s1_0.phone,
        s1_0.updated_at,
        e1_0.updated_at 
    from
        enrollments e1_0 
    join
        courses c1_0 
            on c1_0.id=e1_0.course_id 
    join
        students s1_0 
            on s1_0.id=e1_0.student_id 
    limit
        ?, ?
2026-09-25T00:36:54.407+05:30 TRACE 1303 --- [student-management-system] [http-nio-8080-exec-10] org.hibernate.orm.jdbc.bind              : binding parameter (1:INTEGER) <- [0]
2026-09-25T00:36:54.407+05:30 TRACE 1303 --- [student-management-system] [http-nio-8080-exec-10] org.hibernate.orm.jdbc.bind              : binding parameter (2:INTEGER) <- [100]
2026-09-25T00:36:54.412+05:30 DEBUG 1303 --- [student-management-system] [http-nio-8080-exec-2] org.hibernate.SQL                        : 
    select
        u1_0.id,
        u1_0.created_at,
        u1_0.password,
        u1_0.role,
        u1_0.updated_at,
        u1_0.username 
    from
        users u1_0 
    where
        u1_0.username=?
2026-09-25T00:36:54.412+05:30 DEBUG 1303 --- [student-management-system] [http-nio-8080-exec-8] org.hibernate.SQL                        : 
    select
        u1_0.id,
        u1_0.created_at,
        u1_0.password,
        u1_0.role,
        u1_0.updated_at,
        u1_0.username 
    from
        users u1_0 
    where
        u1_0.username=?
2026-09-25T00:36:54.413+05:30 TRACE 1303 --- [student-management-system] [http-nio-8080-exec-2] org.hibernate.orm.jdbc.bind              : binding parameter (1:VARCHAR) <- [admin]
2026-09-25T00:36:54.413+05:30 TRACE 1303 --- [student-management-system] [http-nio-8080-exec-8] org.hibernate.orm.jdbc.bind              : binding parameter (1:VARCHAR) <- [admin]
2026-09-25T00:36:54.415+05:30 DEBUG 1303 --- [student-management-system] [http-nio-8080-exec-6] org.hibernate.SQL                        : 
    select
        u1_0.id,
        u1_0.created_at,
        u1_0.password,
        u1_0.role,
        u1_0.updated_at,
        u1_0.username 
    from
        users u1_0 
    where
        u1_0.username=?
2026-09-25T00:36:54.416+05:30 TRACE 1303 --- [student-management-system] [http-nio-8080-exec-6] org.hibernate.orm.jdbc.bind              : binding parameter (1:VARCHAR) <- [admin]
2026-09-25T00:36:54.418+05:30 DEBUG 1303 --- [student-management-system] [http-nio-8080-exec-8] org.hibernate.SQL                        : 
    select
        s1_0.id,
        s1_0.address,
        s1_0.created_at,
        s1_0.date_of_birth,
        s1_0.email,
        s1_0.first_name,
        s1_0.last_name,
        s1_0.phone,
        s1_0.updated_at 
    from
        students s1_0 
    order by
        s1_0.id 
    limit
        ?, ?
2026-09-25T00:36:54.418+05:30 TRACE 1303 --- [student-management-system] [http-nio-8080-exec-8] org.hibernate.orm.jdbc.bind              : binding parameter (1:INTEGER) <- [0]
2026-09-25T00:36:54.418+05:30 TRACE 1303 --- [student-management-system] [http-nio-8080-exec-8] org.hibernate.orm.jdbc.bind              : binding parameter (2:INTEGER) <- [1]
2026-09-25T00:36:54.419+05:30 DEBUG 1303 --- [student-management-system] [http-nio-8080-exec-2] org.hibernate.SQL                        : 
    select
        c1_0.id,
        c1_0.course_code,
        c1_0.course_name,
        c1_0.created_at,
        c1_0.description,
        c1_0.duration,
        c1_0.fees,
        c1_0.updated_at 
    from
        courses c1_0 
    order by
        c1_0.id 
    limit
        ?, ?
2026-09-25T00:36:54.420+05:30 TRACE 1303 --- [student-management-system] [http-nio-8080-exec-2] org.hibernate.orm.jdbc.bind              : binding parameter (1:INTEGER) <- [0]
2026-09-25T00:36:54.420+05:30 TRACE 1303 --- [student-management-system] [http-nio-8080-exec-2] org.hibernate.orm.jdbc.bind              : binding parameter (2:INTEGER) <- [1]
2026-09-25T00:36:54.420+05:30 DEBUG 1303 --- [student-management-system] [http-nio-8080-exec-6] org.hibernate.SQL                        : 
    select
        e1_0.id,
        e1_0.course_id,
        c1_0.id,
        c1_0.course_code,
        c1_0.course_name,
        c1_0.created_at,
        c1_0.description,
        c1_0.duration,
        c1_0.fees,
        c1_0.updated_at,
        e1_0.created_at,
        e1_0.enrollment_date,
        e1_0.status,
        e1_0.student_id,
        s1_0.id,
        s1_0.address,
        s1_0.created_at,
        s1_0.date_of_birth,
        s1_0.email,
        s1_0.first_name,
        s1_0.last_name,
        s1_0.phone,
        s1_0.updated_at,
        e1_0.updated_at 
    from
        enrollments e1_0 
    join
        courses c1_0 
            on c1_0.id=e1_0.course_id 
    join
        students s1_0 
            on s1_0.id=e1_0.student_id 
    limit
        ?, ?
2026-09-25T00:36:54.420+05:30 DEBUG 1303 --- [student-management-system] [http-nio-8080-exec-8] org.hibernate.SQL                        : 
    select
        count(s1_0.id) 
    from
        students s1_0
2026-09-25T00:36:54.420+05:30 TRACE 1303 --- [student-management-system] [http-nio-8080-exec-6] org.hibernate.orm.jdbc.bind              : binding parameter (1:INTEGER) <- [0]
2026-09-25T00:36:54.420+05:30 TRACE 1303 --- [student-management-system] [http-nio-8080-exec-6] org.hibernate.orm.jdbc.bind              : binding parameter (2:INTEGER) <- [100]
2026-09-25T00:36:54.425+05:30 DEBUG 1303 --- [student-management-system] [http-nio-8080-exec-2] org.hibernate.SQL                        : 
    select
        count(c1_0.id) 
    from
        courses c1_0
2026-09-25T00:44:12.596+05:30 DEBUG 1303 --- [student-management-system] [http-nio-8080-exec-3] org.hibernate.SQL                        : 
    select
        u1_0.id,
        u1_0.created_at,
        u1_0.password,
        u1_0.role,
        u1_0.updated_at,
        u1_0.username 
    from
        users u1_0 
    where
        u1_0.username=?
2026-09-25T00:44:12.596+05:30 DEBUG 1303 --- [student-management-system] [http-nio-8080-exec-1] org.hibernate.SQL                        : 
    select
        u1_0.id,
        u1_0.created_at,
        u1_0.password,
        u1_0.role,
        u1_0.updated_at,
        u1_0.username 
    from
        users u1_0 
    where
        u1_0.username=?
2026-09-25T00:44:12.596+05:30 DEBUG 1303 --- [student-management-system] [http-nio-8080-exec-9] org.hibernate.SQL                        : 
    select
        u1_0.id,
        u1_0.created_at,
        u1_0.password,
        u1_0.role,
        u1_0.updated_at,
        u1_0.username 
    from
        users u1_0 
    where
        u1_0.username=?
2026-09-25T00:44:12.598+05:30 TRACE 1303 --- [student-management-system] [http-nio-8080-exec-1] org.hibernate.orm.jdbc.bind              : binding parameter (1:VARCHAR) <- [admin]
2026-09-25T00:44:12.598+05:30 TRACE 1303 --- [student-management-system] [http-nio-8080-exec-3] org.hibernate.orm.jdbc.bind              : binding parameter (1:VARCHAR) <- [admin]
2026-09-25T00:44:12.598+05:30 TRACE 1303 --- [student-management-system] [http-nio-8080-exec-9] org.hibernate.orm.jdbc.bind              : binding parameter (1:VARCHAR) <- [admin]
2026-09-25T00:44:12.674+05:30 DEBUG 1303 --- [student-management-system] [http-nio-8080-exec-9] org.hibernate.SQL                        : 
    select
        s1_0.id,
        s1_0.address,
        s1_0.created_at,
        s1_0.date_of_birth,
        s1_0.email,
        s1_0.first_name,
        s1_0.last_name,
        s1_0.phone,
        s1_0.updated_at 
    from
        students s1_0 
    order by
        s1_0.id 
    limit
        ?, ?
2026-09-25T00:44:12.674+05:30 DEBUG 1303 --- [student-management-system] [http-nio-8080-exec-1] org.hibernate.SQL                        : 
    select
        c1_0.id,
        c1_0.course_code,
        c1_0.course_name,
        c1_0.created_at,
        c1_0.description,
        c1_0.duration,
        c1_0.fees,
        c1_0.updated_at 
    from
        courses c1_0 
    order by
        c1_0.id 
    limit
        ?, ?
2026-09-25T00:44:12.675+05:30 DEBUG 1303 --- [student-management-system] [http-nio-8080-exec-3] org.hibernate.SQL                        : 
    select
        e1_0.id,
        e1_0.course_id,
        c1_0.id,
        c1_0.course_code,
        c1_0.course_name,
        c1_0.created_at,
        c1_0.description,
        c1_0.duration,
        c1_0.fees,
        c1_0.updated_at,
        e1_0.created_at,
        e1_0.enrollment_date,
        e1_0.status,
        e1_0.student_id,
        s1_0.id,
        s1_0.address,
        s1_0.created_at,
        s1_0.date_of_birth,
        s1_0.email,
        s1_0.first_name,
        s1_0.last_name,
        s1_0.phone,
        s1_0.updated_at,
        e1_0.updated_at 
    from
        enrollments e1_0 
    join
        courses c1_0 
            on c1_0.id=e1_0.course_id 
    join
        students s1_0 
            on s1_0.id=e1_0.student_id 
    limit
        ?, ?
2026-09-25T00:44:12.675+05:30 TRACE 1303 --- [student-management-system] [http-nio-8080-exec-1] org.hibernate.orm.jdbc.bind              : binding parameter (1:INTEGER) <- [0]
2026-09-25T00:44:12.675+05:30 TRACE 1303 --- [student-management-system] [http-nio-8080-exec-9] org.hibernate.orm.jdbc.bind              : binding parameter (1:INTEGER) <- [0]
2026-09-25T00:44:12.675+05:30 TRACE 1303 --- [student-management-system] [http-nio-8080-exec-3] org.hibernate.orm.jdbc.bind              : binding parameter (1:INTEGER) <- [0]
2026-09-25T00:44:12.675+05:30 TRACE 1303 --- [student-management-system] [http-nio-8080-exec-3] org.hibernate.orm.jdbc.bind              : binding parameter (2:INTEGER) <- [100]
2026-09-25T00:44:12.675+05:30 TRACE 1303 --- [student-management-system] [http-nio-8080-exec-1] org.hibernate.orm.jdbc.bind              : binding parameter (2:INTEGER) <- [1]
2026-09-25T00:44:12.675+05:30 TRACE 1303 --- [student-management-system] [http-nio-8080-exec-9] org.hibernate.orm.jdbc.bind              : binding parameter (2:INTEGER) <- [1]
2026-09-25T00:44:12.680+05:30 DEBUG 1303 --- [student-management-system] [http-nio-8080-exec-1] org.hibernate.SQL                        : 
    select
        count(c1_0.id) 
    from
        courses c1_0
2026-09-25T00:44:12.680+05:30 DEBUG 1303 --- [student-management-system] [http-nio-8080-exec-9] org.hibernate.SQL                        : 
    select
        count(s1_0.id) 
    from
        students s1_0
2026-09-25T00:44:12.697+05:30 DEBUG 1303 --- [student-management-system] [http-nio-8080-exec-9] org.hibernate.SQL                        : 
    select
        u1_0.id,
        u1_0.created_at,
        u1_0.password,
        u1_0.role,
        u1_0.updated_at,
        u1_0.username 
    from
        users u1_0 
    where
        u1_0.username=?
2026-09-25T00:44:12.697+05:30 DEBUG 1303 --- [student-management-system] [http-nio-8080-exec-3] org.hibernate.SQL                        : 
    select
        u1_0.id,
        u1_0.created_at,
        u1_0.password,
        u1_0.role,
        u1_0.updated_at,
        u1_0.username 
    from
        users u1_0 
    where
        u1_0.username=?
2026-09-25T00:44:12.697+05:30 DEBUG 1303 --- [student-management-system] [http-nio-8080-exec-7] org.hibernate.SQL                        : 
    select
        u1_0.id,
        u1_0.created_at,
        u1_0.password,
        u1_0.role,
        u1_0.updated_at,
        u1_0.username 
    from
        users u1_0 
    where
        u1_0.username=?
2026-09-25T00:44:12.698+05:30 TRACE 1303 --- [student-management-system] [http-nio-8080-exec-9] org.hibernate.orm.jdbc.bind              : binding parameter (1:VARCHAR) <- [admin]
2026-09-25T00:44:12.698+05:30 TRACE 1303 --- [student-management-system] [http-nio-8080-exec-3] org.hibernate.orm.jdbc.bind              : binding parameter (1:VARCHAR) <- [admin]
2026-09-25T00:44:12.698+05:30 TRACE 1303 --- [student-management-system] [http-nio-8080-exec-7] org.hibernate.orm.jdbc.bind              : binding parameter (1:VARCHAR) <- [admin]
2026-09-25T00:44:12.705+05:30 DEBUG 1303 --- [student-management-system] [http-nio-8080-exec-9] org.hibernate.SQL                        : 
    select
        s1_0.id,
        s1_0.address,
        s1_0.created_at,
        s1_0.date_of_birth,
        s1_0.email,
        s1_0.first_name,
        s1_0.last_name,
        s1_0.phone,
        s1_0.updated_at 
    from
        students s1_0 
    order by
        s1_0.id 
    limit
        ?, ?
2026-09-25T00:44:12.705+05:30 DEBUG 1303 --- [student-management-system] [http-nio-8080-exec-3] org.hibernate.SQL                        : 
    select
        c1_0.id,
        c1_0.course_code,
        c1_0.course_name,
        c1_0.created_at,
        c1_0.description,
        c1_0.duration,
        c1_0.fees,
        c1_0.updated_at 
    from
        courses c1_0 
    order by
        c1_0.id 
    limit
        ?, ?
2026-09-25T00:44:12.705+05:30 DEBUG 1303 --- [student-management-system] [http-nio-8080-exec-7] org.hibernate.SQL                        : 
    select
        e1_0.id,
        e1_0.course_id,
        c1_0.id,
        c1_0.course_code,
        c1_0.course_name,
        c1_0.created_at,
        c1_0.description,
        c1_0.duration,
        c1_0.fees,
        c1_0.updated_at,
        e1_0.created_at,
        e1_0.enrollment_date,
        e1_0.status,
        e1_0.student_id,
        s1_0.id,
        s1_0.address,
        s1_0.created_at,
        s1_0.date_of_birth,
        s1_0.email,
        s1_0.first_name,
        s1_0.last_name,
        s1_0.phone,
        s1_0.updated_at,
        e1_0.updated_at 
    from
        enrollments e1_0 
    join
        courses c1_0 
            on c1_0.id=e1_0.course_id 
    join
        students s1_0 
            on s1_0.id=e1_0.student_id 
    limit
        ?, ?
2026-09-25T00:44:12.706+05:30 TRACE 1303 --- [student-management-system] [http-nio-8080-exec-3] org.hibernate.orm.jdbc.bind              : binding parameter (1:INTEGER) <- [0]
2026-09-25T00:44:12.706+05:30 TRACE 1303 --- [student-management-system] [http-nio-8080-exec-3] org.hibernate.orm.jdbc.bind              : binding parameter (2:INTEGER) <- [1]
2026-09-25T00:44:12.706+05:30 TRACE 1303 --- [student-management-system] [http-nio-8080-exec-9] org.hibernate.orm.jdbc.bind              : binding parameter (1:INTEGER) <- [0]
2026-09-25T00:44:12.706+05:30 TRACE 1303 --- [student-management-system] [http-nio-8080-exec-9] org.hibernate.orm.jdbc.bind              : binding parameter (2:INTEGER) <- [1]
2026-09-25T00:44:12.706+05:30 TRACE 1303 --- [student-management-system] [http-nio-8080-exec-7] org.hibernate.orm.jdbc.bind              : binding parameter (1:INTEGER) <- [0]
2026-09-25T00:44:12.706+05:30 TRACE 1303 --- [student-management-system] [http-nio-8080-exec-7] org.hibernate.orm.jdbc.bind              : binding parameter (2:INTEGER) <- [100]
2026-09-25T00:44:12.709+05:30 DEBUG 1303 --- [student-management-system] [http-nio-8080-exec-9] org.hibernate.SQL                        : 
    select
        count(s1_0.id) 
    from
        students s1_0
2026-09-25T00:44:12.709+05:30 DEBUG 1303 --- [student-management-system] [http-nio-8080-exec-3] org.hibernate.SQL                        : 
    select
        count(c1_0.id) 
    from
        courses c1_0
2026-09-25T00:44:18.211+05:30 DEBUG 1303 --- [student-management-system] [http-nio-8080-exec-1] org.hibernate.SQL                        : 
    select
        u1_0.id,
        u1_0.created_at,
        u1_0.password,
        u1_0.role,
        u1_0.updated_at,
        u1_0.username 
    from
        users u1_0 
    where
        u1_0.username=?
2026-09-25T00:44:18.212+05:30 DEBUG 1303 --- [student-management-system] [http-nio-8080-exec-4] org.hibernate.SQL                        : 
    select
        u1_0.id,
        u1_0.created_at,
        u1_0.password,
        u1_0.role,
        u1_0.updated_at,
        u1_0.username 
    from
        users u1_0 
    where
        u1_0.username=?
2026-09-25T00:44:18.215+05:30 TRACE 1303 --- [student-management-system] [http-nio-8080-exec-1] org.hibernate.orm.jdbc.bind              : binding parameter (1:VARCHAR) <- [admin]
2026-09-25T00:44:18.215+05:30 TRACE 1303 --- [student-management-system] [http-nio-8080-exec-4] org.hibernate.orm.jdbc.bind              : binding parameter (1:VARCHAR) <- [admin]
2026-09-25T00:44:18.239+05:30 DEBUG 1303 --- [student-management-system] [http-nio-8080-exec-8] org.hibernate.SQL                        : 
    select
        u1_0.id,
        u1_0.created_at,
        u1_0.password,
        u1_0.role,
        u1_0.updated_at,
        u1_0.username 
    from
        users u1_0 
    where
        u1_0.username=?
2026-09-25T00:44:18.240+05:30 TRACE 1303 --- [student-management-system] [http-nio-8080-exec-8] org.hibernate.orm.jdbc.bind              : binding parameter (1:VARCHAR) <- [admin]
2026-09-25T00:44:18.241+05:30 DEBUG 1303 --- [student-management-system] [http-nio-8080-exec-4] org.hibernate.SQL                        : 
    select
        c1_0.id,
        c1_0.course_code,
        c1_0.course_name,
        c1_0.created_at,
        c1_0.description,
        c1_0.duration,
        c1_0.fees,
        c1_0.updated_at 
    from
        courses c1_0 
    order by
        c1_0.id 
    limit
        ?, ?
2026-09-25T00:44:18.242+05:30 TRACE 1303 --- [student-management-system] [http-nio-8080-exec-4] org.hibernate.orm.jdbc.bind              : binding parameter (1:INTEGER) <- [0]
2026-09-25T00:44:18.242+05:30 TRACE 1303 --- [student-management-system] [http-nio-8080-exec-4] org.hibernate.orm.jdbc.bind              : binding parameter (2:INTEGER) <- [1]
2026-09-25T00:44:18.245+05:30 DEBUG 1303 --- [student-management-system] [http-nio-8080-exec-4] org.hibernate.SQL                        : 
    select
        count(c1_0.id) 
    from
        courses c1_0
2026-09-25T00:44:18.246+05:30 DEBUG 1303 --- [student-management-system] [http-nio-8080-exec-1] org.hibernate.SQL                        : 
    select
        e1_0.id,
        e1_0.course_id,
        c1_0.id,
        c1_0.course_code,
        c1_0.course_name,
        c1_0.created_at,
        c1_0.description,
        c1_0.duration,
        c1_0.fees,
        c1_0.updated_at,
        e1_0.created_at,
        e1_0.enrollment_date,
        e1_0.status,
        e1_0.student_id,
        s1_0.id,
        s1_0.address,
        s1_0.created_at,
        s1_0.date_of_birth,
        s1_0.email,
        s1_0.first_name,
        s1_0.last_name,
        s1_0.phone,
        s1_0.updated_at,
        e1_0.updated_at 
    from
        enrollments e1_0 
    join
        courses c1_0 
            on c1_0.id=e1_0.course_id 
    join
        students s1_0 
            on s1_0.id=e1_0.student_id 
    limit
        ?, ?
2026-09-25T00:44:18.246+05:30 TRACE 1303 --- [student-management-system] [http-nio-8080-exec-1] org.hibernate.orm.jdbc.bind              : binding parameter (1:INTEGER) <- [0]
2026-09-25T00:44:18.246+05:30 TRACE 1303 --- [student-management-system] [http-nio-8080-exec-1] org.hibernate.orm.jdbc.bind              : binding parameter (2:INTEGER) <- [100]
2026-09-25T00:44:18.247+05:30 DEBUG 1303 --- [student-management-system] [http-nio-8080-exec-8] org.hibernate.SQL                        : 
    select
        s1_0.id,
        s1_0.address,
        s1_0.created_at,
        s1_0.date_of_birth,
        s1_0.email,
        s1_0.first_name,
        s1_0.last_name,
        s1_0.phone,
        s1_0.updated_at 
    from
        students s1_0 
    order by
        s1_0.id 
    limit
        ?, ?
2026-09-25T00:44:18.247+05:30 TRACE 1303 --- [student-management-system] [http-nio-8080-exec-8] org.hibernate.orm.jdbc.bind              : binding parameter (1:INTEGER) <- [0]
2026-09-25T00:44:18.248+05:30 TRACE 1303 --- [student-management-system] [http-nio-8080-exec-8] org.hibernate.orm.jdbc.bind              : binding parameter (2:INTEGER) <- [1]
2026-09-25T00:44:18.251+05:30 DEBUG 1303 --- [student-management-system] [http-nio-8080-exec-8] org.hibernate.SQL                        : 
    select
        count(s1_0.id) 
    from
        students s1_0
2026-09-25T00:44:18.257+05:30 DEBUG 1303 --- [student-management-system] [http-nio-8080-exec-3] org.hibernate.SQL                        : 
    select
        u1_0.id,
        u1_0.created_at,
        u1_0.password,
        u1_0.role,
        u1_0.updated_at,
        u1_0.username 
    from
        users u1_0 
    where
        u1_0.username=?
2026-09-25T00:44:18.258+05:30 TRACE 1303 --- [student-management-system] [http-nio-8080-exec-3] org.hibernate.orm.jdbc.bind              : binding parameter (1:VARCHAR) <- [admin]
2026-09-25T00:44:18.262+05:30 DEBUG 1303 --- [student-management-system] [http-nio-8080-exec-5] org.hibernate.SQL                        : 
    select
        u1_0.id,
        u1_0.created_at,
        u1_0.password,
        u1_0.role,
        u1_0.updated_at,
        u1_0.username 
    from
        users u1_0 
    where
        u1_0.username=?
2026-09-25T00:44:18.263+05:30 TRACE 1303 --- [student-management-system] [http-nio-8080-exec-5] org.hibernate.orm.jdbc.bind              : binding parameter (1:VARCHAR) <- [admin]
2026-09-25T00:44:18.263+05:30 DEBUG 1303 --- [student-management-system] [http-nio-8080-exec-2] org.hibernate.SQL                        : 
    select
        u1_0.id,
        u1_0.created_at,
        u1_0.password,
        u1_0.role,
        u1_0.updated_at,
        u1_0.username 
    from
        users u1_0 
    where
        u1_0.username=?
2026-09-25T00:44:18.264+05:30 TRACE 1303 --- [student-management-system] [http-nio-8080-exec-2] org.hibernate.orm.jdbc.bind              : binding parameter (1:VARCHAR) <- [admin]
2026-09-25T00:44:18.271+05:30 DEBUG 1303 --- [student-management-system] [http-nio-8080-exec-3] org.hibernate.SQL                        : 
    select
        c1_0.id,
        c1_0.course_code,
        c1_0.course_name,
        c1_0.created_at,
        c1_0.description,
        c1_0.duration,
        c1_0.fees,
        c1_0.updated_at 
    from
        courses c1_0 
    order by
        c1_0.id 
    limit
        ?, ?
2026-09-25T00:44:18.271+05:30 TRACE 1303 --- [student-management-system] [http-nio-8080-exec-3] org.hibernate.orm.jdbc.bind              : binding parameter (1:INTEGER) <- [0]
2026-09-25T00:44:18.271+05:30 TRACE 1303 --- [student-management-system] [http-nio-8080-exec-3] org.hibernate.orm.jdbc.bind              : binding parameter (2:INTEGER) <- [1]
2026-09-25T00:44:18.273+05:30 DEBUG 1303 --- [student-management-system] [http-nio-8080-exec-2] org.hibernate.SQL                        : 
    select
        s1_0.id,
        s1_0.address,
        s1_0.created_at,
        s1_0.date_of_birth,
        s1_0.email,
        s1_0.first_name,
        s1_0.last_name,
        s1_0.phone,
        s1_0.updated_at 
    from
        students s1_0 
    order by
        s1_0.id 
    limit
        ?, ?
2026-09-25T00:44:18.274+05:30 TRACE 1303 --- [student-management-system] [http-nio-8080-exec-2] org.hibernate.orm.jdbc.bind              : binding parameter (1:INTEGER) <- [0]
2026-09-25T00:44:18.274+05:30 TRACE 1303 --- [student-management-system] [http-nio-8080-exec-2] org.hibernate.orm.jdbc.bind              : binding parameter (2:INTEGER) <- [1]
2026-09-25T00:44:18.275+05:30 DEBUG 1303 --- [student-management-system] [http-nio-8080-exec-5] org.hibernate.SQL                        : 
    select
        e1_0.id,
        e1_0.course_id,
        c1_0.id,
        c1_0.course_code,
        c1_0.course_name,
        c1_0.created_at,
        c1_0.description,
        c1_0.duration,
        c1_0.fees,
        c1_0.updated_at,
        e1_0.created_at,
        e1_0.enrollment_date,
        e1_0.status,
        e1_0.student_id,
        s1_0.id,
        s1_0.address,
        s1_0.created_at,
        s1_0.date_of_birth,
        s1_0.email,
        s1_0.first_name,
        s1_0.last_name,
        s1_0.phone,
        s1_0.updated_at,
        e1_0.updated_at 
    from
        enrollments e1_0 
    join
        courses c1_0 
            on c1_0.id=e1_0.course_id 
    join
        students s1_0 
            on s1_0.id=e1_0.student_id 
    limit
        ?, ?
2026-09-25T00:44:18.275+05:30 DEBUG 1303 --- [student-management-system] [http-nio-8080-exec-3] org.hibernate.SQL                        : 
    select
        count(c1_0.id) 
    from
        courses c1_0
2026-09-25T00:44:18.276+05:30 TRACE 1303 --- [student-management-system] [http-nio-8080-exec-5] org.hibernate.orm.jdbc.bind              : binding parameter (1:INTEGER) <- [0]
2026-09-25T00:44:18.277+05:30 DEBUG 1303 --- [student-management-system] [http-nio-8080-exec-2] org.hibernate.SQL                        : 
    select
        count(s1_0.id) 
    from
        students s1_0
2026-09-25T00:44:18.277+05:30 TRACE 1303 --- [student-management-system] [http-nio-8080-exec-5] org.hibernate.orm.jdbc.bind              : binding parameter (2:INTEGER) <- [100]
2026-09-25T00:44:26.274+05:30 DEBUG 1303 --- [student-management-system] [http-nio-8080-exec-7] org.hibernate.SQL                        : 
    select
        u1_0.id,
        u1_0.created_at,
        u1_0.password,
        u1_0.role,
        u1_0.updated_at,
        u1_0.username 
    from
        users u1_0 
    where
        u1_0.username=?
2026-09-25T00:44:26.277+05:30 TRACE 1303 --- [student-management-system] [http-nio-8080-exec-7] org.hibernate.orm.jdbc.bind              : binding parameter (1:VARCHAR) <- [user]
2026-09-25T00:44:26.500+05:30 DEBUG 1303 --- [student-management-system] [http-nio-8080-exec-10] org.hibernate.SQL                        : 
    select
        u1_0.id,
        u1_0.created_at,
        u1_0.password,
        u1_0.role,
        u1_0.updated_at,
        u1_0.username 
    from
        users u1_0 
    where
        u1_0.username=?
2026-09-25T00:44:26.500+05:30 DEBUG 1303 --- [student-management-system] [http-nio-8080-exec-1] org.hibernate.SQL                        : 
    select
        u1_0.id,
        u1_0.created_at,
        u1_0.password,
        u1_0.role,
        u1_0.updated_at,
        u1_0.username 
    from
        users u1_0 
    where
        u1_0.username=?
2026-09-25T00:44:26.500+05:30 DEBUG 1303 --- [student-management-system] [http-nio-8080-exec-2] org.hibernate.SQL                        : 
    select
        u1_0.id,
        u1_0.created_at,
        u1_0.password,
        u1_0.role,
        u1_0.updated_at,
        u1_0.username 
    from
        users u1_0 
    where
        u1_0.username=?
2026-09-25T00:44:26.501+05:30 TRACE 1303 --- [student-management-system] [http-nio-8080-exec-10] org.hibernate.orm.jdbc.bind              : binding parameter (1:VARCHAR) <- [user]
2026-09-25T00:44:26.501+05:30 TRACE 1303 --- [student-management-system] [http-nio-8080-exec-1] org.hibernate.orm.jdbc.bind              : binding parameter (1:VARCHAR) <- [user]
2026-09-25T00:44:26.502+05:30 TRACE 1303 --- [student-management-system] [http-nio-8080-exec-2] org.hibernate.orm.jdbc.bind              : binding parameter (1:VARCHAR) <- [user]
2026-09-25T00:44:26.525+05:30 DEBUG 1303 --- [student-management-system] [http-nio-8080-exec-2] org.hibernate.SQL                        : 
    select
        c1_0.id,
        c1_0.course_code,
        c1_0.course_name,
        c1_0.created_at,
        c1_0.description,
        c1_0.duration,
        c1_0.fees,
        c1_0.updated_at 
    from
        courses c1_0 
    order by
        c1_0.id 
    limit
        ?, ?
2026-09-25T00:44:26.525+05:30 DEBUG 1303 --- [student-management-system] [http-nio-8080-exec-1] org.hibernate.SQL                        : 
    select
        s1_0.id,
        s1_0.address,
        s1_0.created_at,
        s1_0.date_of_birth,
        s1_0.email,
        s1_0.first_name,
        s1_0.last_name,
        s1_0.phone,
        s1_0.updated_at 
    from
        students s1_0 
    order by
        s1_0.id 
    limit
        ?, ?
2026-09-25T00:44:26.525+05:30 TRACE 1303 --- [student-management-system] [http-nio-8080-exec-1] org.hibernate.orm.jdbc.bind              : binding parameter (1:INTEGER) <- [0]
2026-09-25T00:44:26.525+05:30 DEBUG 1303 --- [student-management-system] [http-nio-8080-exec-10] org.hibernate.SQL                        : 
    select
        e1_0.id,
        e1_0.course_id,
        c1_0.id,
        c1_0.course_code,
        c1_0.course_name,
        c1_0.created_at,
        c1_0.description,
        c1_0.duration,
        c1_0.fees,
        c1_0.updated_at,
        e1_0.created_at,
        e1_0.enrollment_date,
        e1_0.status,
        e1_0.student_id,
        s1_0.id,
        s1_0.address,
        s1_0.created_at,
        s1_0.date_of_birth,
        s1_0.email,
        s1_0.first_name,
        s1_0.last_name,
        s1_0.phone,
        s1_0.updated_at,
        e1_0.updated_at 
    from
        enrollments e1_0 
    join
        courses c1_0 
            on c1_0.id=e1_0.course_id 
    join
        students s1_0 
            on s1_0.id=e1_0.student_id 
    limit
        ?, ?
2026-09-25T00:44:26.526+05:30 TRACE 1303 --- [student-management-system] [http-nio-8080-exec-2] org.hibernate.orm.jdbc.bind              : binding parameter (1:INTEGER) <- [0]
2026-09-25T00:44:26.526+05:30 TRACE 1303 --- [student-management-system] [http-nio-8080-exec-1] org.hibernate.orm.jdbc.bind              : binding parameter (2:INTEGER) <- [1]
2026-09-25T00:44:26.526+05:30 TRACE 1303 --- [student-management-system] [http-nio-8080-exec-2] org.hibernate.orm.jdbc.bind              : binding parameter (2:INTEGER) <- [1]
2026-09-25T00:44:26.526+05:30 TRACE 1303 --- [student-management-system] [http-nio-8080-exec-10] org.hibernate.orm.jdbc.bind              : binding parameter (1:INTEGER) <- [0]
2026-09-25T00:44:26.526+05:30 TRACE 1303 --- [student-management-system] [http-nio-8080-exec-10] org.hibernate.orm.jdbc.bind              : binding parameter (2:INTEGER) <- [100]
2026-09-25T00:44:26.530+05:30 DEBUG 1303 --- [student-management-system] [http-nio-8080-exec-2] org.hibernate.SQL                        : 
    select
        count(c1_0.id) 
    from
        courses c1_0
2026-09-25T00:44:26.530+05:30 DEBUG 1303 --- [student-management-system] [http-nio-8080-exec-1] org.hibernate.SQL                        : 
    select
        count(s1_0.id) 
    from
        students s1_0
2026-09-25T00:44:26.540+05:30 DEBUG 1303 --- [student-management-system] [http-nio-8080-exec-7] org.hibernate.SQL                        : 
    select
        u1_0.id,
        u1_0.created_at,
        u1_0.password,
        u1_0.role,
        u1_0.updated_at,
        u1_0.username 
    from
        users u1_0 
    where
        u1_0.username=?
2026-09-25T00:44:26.541+05:30 TRACE 1303 --- [student-management-system] [http-nio-8080-exec-7] org.hibernate.orm.jdbc.bind              : binding parameter (1:VARCHAR) <- [user]
2026-09-25T00:44:26.541+05:30 DEBUG 1303 --- [student-management-system] [http-nio-8080-exec-1] org.hibernate.SQL                        : 
    select
        u1_0.id,
        u1_0.created_at,
        u1_0.password,
        u1_0.role,
        u1_0.updated_at,
        u1_0.username 
    from
        users u1_0 
    where
        u1_0.username=?
2026-09-25T00:44:26.541+05:30 TRACE 1303 --- [student-management-system] [http-nio-8080-exec-1] org.hibernate.orm.jdbc.bind              : binding parameter (1:VARCHAR) <- [user]
2026-09-25T00:44:26.541+05:30 DEBUG 1303 --- [student-management-system] [http-nio-8080-exec-4] org.hibernate.SQL                        : 
    select
        u1_0.id,
        u1_0.created_at,
        u1_0.password,
        u1_0.role,
        u1_0.updated_at,
        u1_0.username 
    from
        users u1_0 
    where
        u1_0.username=?
2026-09-25T00:44:26.542+05:30 TRACE 1303 --- [student-management-system] [http-nio-8080-exec-4] org.hibernate.orm.jdbc.bind              : binding parameter (1:VARCHAR) <- [user]
2026-09-25T00:44:26.549+05:30 DEBUG 1303 --- [student-management-system] [http-nio-8080-exec-4] org.hibernate.SQL                        : 
    select
        c1_0.id,
        c1_0.course_code,
        c1_0.course_name,
        c1_0.created_at,
        c1_0.description,
        c1_0.duration,
        c1_0.fees,
        c1_0.updated_at 
    from
        courses c1_0 
    order by
        c1_0.id 
    limit
        ?, ?
2026-09-25T00:44:26.549+05:30 TRACE 1303 --- [student-management-system] [http-nio-8080-exec-4] org.hibernate.orm.jdbc.bind              : binding parameter (1:INTEGER) <- [0]
2026-09-25T00:44:26.549+05:30 TRACE 1303 --- [student-management-system] [http-nio-8080-exec-4] org.hibernate.orm.jdbc.bind              : binding parameter (2:INTEGER) <- [1]
2026-09-25T00:44:26.551+05:30 DEBUG 1303 --- [student-management-system] [http-nio-8080-exec-4] org.hibernate.SQL                        : 
    select
        count(c1_0.id) 
    from
        courses c1_0
2026-09-25T00:44:26.551+05:30 DEBUG 1303 --- [student-management-system] [http-nio-8080-exec-1] org.hibernate.SQL                        : 
    select
        s1_0.id,
        s1_0.address,
        s1_0.created_at,
        s1_0.date_of_birth,
        s1_0.email,
        s1_0.first_name,
        s1_0.last_name,
        s1_0.phone,
        s1_0.updated_at 
    from
        students s1_0 
    order by
        s1_0.id 
    limit
        ?, ?
2026-09-25T00:44:26.551+05:30 DEBUG 1303 --- [student-management-system] [http-nio-8080-exec-7] org.hibernate.SQL                        : 
    select
        e1_0.id,
        e1_0.course_id,
        c1_0.id,
        c1_0.course_code,
        c1_0.course_name,
        c1_0.created_at,
        c1_0.description,
        c1_0.duration,
        c1_0.fees,
        c1_0.updated_at,
        e1_0.created_at,
        e1_0.enrollment_date,
        e1_0.status,
        e1_0.student_id,
        s1_0.id,
        s1_0.address,
        s1_0.created_at,
        s1_0.date_of_birth,
        s1_0.email,
        s1_0.first_name,
        s1_0.last_name,
        s1_0.phone,
        s1_0.updated_at,
        e1_0.updated_at 
    from
        enrollments e1_0 
    join
        courses c1_0 
            on c1_0.id=e1_0.course_id 
    join
        students s1_0 
            on s1_0.id=e1_0.student_id 
    limit
        ?, ?
2026-09-25T00:44:26.551+05:30 TRACE 1303 --- [student-management-system] [http-nio-8080-exec-1] org.hibernate.orm.jdbc.bind              : binding parameter (1:INTEGER) <- [0]
2026-09-25T00:44:26.551+05:30 TRACE 1303 --- [student-management-system] [http-nio-8080-exec-7] org.hibernate.orm.jdbc.bind              : binding parameter (1:INTEGER) <- [0]
2026-09-25T00:44:26.551+05:30 TRACE 1303 --- [student-management-system] [http-nio-8080-exec-7] org.hibernate.orm.jdbc.bind              : binding parameter (2:INTEGER) <- [100]
2026-09-25T00:44:26.551+05:30 TRACE 1303 --- [student-management-system] [http-nio-8080-exec-1] org.hibernate.orm.jdbc.bind              : binding parameter (2:INTEGER) <- [1]
2026-09-25T00:44:26.553+05:30 DEBUG 1303 --- [student-management-system] [http-nio-8080-exec-1] org.hibernate.SQL                        : 
    select
        count(s1_0.id) 
    from
        students s1_0
2026-09-25T00:44:29.853+05:30 DEBUG 1303 --- [student-management-system] [http-nio-8080-exec-9] org.hibernate.SQL                        : 
    select
        u1_0.id,
        u1_0.created_at,
        u1_0.password,
        u1_0.role,
        u1_0.updated_at,
        u1_0.username 
    from
        users u1_0 
    where
        u1_0.username=?
2026-09-25T00:44:29.854+05:30 TRACE 1303 --- [student-management-system] [http-nio-8080-exec-9] org.hibernate.orm.jdbc.bind              : binding parameter (1:VARCHAR) <- [user]
2026-09-25T00:44:29.871+05:30 DEBUG 1303 --- [student-management-system] [http-nio-8080-exec-9] org.hibernate.SQL                        : 
    select
        s1_0.id,
        s1_0.address,
        s1_0.created_at,
        s1_0.date_of_birth,
        s1_0.email,
        s1_0.first_name,
        s1_0.last_name,
        s1_0.phone,
        s1_0.updated_at 
    from
        students s1_0 
    order by
        s1_0.id 
    limit
        ?, ?
2026-09-25T00:44:29.871+05:30 TRACE 1303 --- [student-management-system] [http-nio-8080-exec-9] org.hibernate.orm.jdbc.bind              : binding parameter (1:INTEGER) <- [0]
2026-09-25T00:44:29.871+05:30 TRACE 1303 --- [student-management-system] [http-nio-8080-exec-9] org.hibernate.orm.jdbc.bind              : binding parameter (2:INTEGER) <- [10]
2026-09-25T00:44:29.880+05:30 DEBUG 1303 --- [student-management-system] [http-nio-8080-exec-5] org.hibernate.SQL                        : 
    select
        u1_0.id,
        u1_0.created_at,
        u1_0.password,
        u1_0.role,
        u1_0.updated_at,
        u1_0.username 
    from
        users u1_0 
    where
        u1_0.username=?
2026-09-25T00:44:29.881+05:30 TRACE 1303 --- [student-management-system] [http-nio-8080-exec-5] org.hibernate.orm.jdbc.bind              : binding parameter (1:VARCHAR) <- [user]
2026-09-25T00:44:29.888+05:30 DEBUG 1303 --- [student-management-system] [http-nio-8080-exec-5] org.hibernate.SQL                        : 
    select
        s1_0.id,
        s1_0.address,
        s1_0.created_at,
        s1_0.date_of_birth,
        s1_0.email,
        s1_0.first_name,
        s1_0.last_name,
        s1_0.phone,
        s1_0.updated_at 
    from
        students s1_0 
    order by
        s1_0.id 
    limit
        ?, ?
2026-09-25T00:44:29.888+05:30 TRACE 1303 --- [student-management-system] [http-nio-8080-exec-5] org.hibernate.orm.jdbc.bind              : binding parameter (1:INTEGER) <- [0]
2026-09-25T00:44:29.888+05:30 TRACE 1303 --- [student-management-system] [http-nio-8080-exec-5] org.hibernate.orm.jdbc.bind              : binding parameter (2:INTEGER) <- [10]
2026-09-25T00:44:32.860+05:30 DEBUG 1303 --- [student-management-system] [http-nio-8080-exec-3] org.hibernate.SQL                        : 
    select
        u1_0.id,
        u1_0.created_at,
        u1_0.password,
        u1_0.role,
        u1_0.updated_at,
        u1_0.username 
    from
        users u1_0 
    where
        u1_0.username=?
2026-09-25T00:44:32.860+05:30 TRACE 1303 --- [student-management-system] [http-nio-8080-exec-3] org.hibernate.orm.jdbc.bind              : binding parameter (1:VARCHAR) <- [user]
2026-09-25T00:44:32.871+05:30 DEBUG 1303 --- [student-management-system] [http-nio-8080-exec-3] org.hibernate.SQL                        : 
    select
        c1_0.id,
        c1_0.course_code,
        c1_0.course_name,
        c1_0.created_at,
        c1_0.description,
        c1_0.duration,
        c1_0.fees,
        c1_0.updated_at 
    from
        courses c1_0 
    order by
        c1_0.id 
    limit
        ?, ?
2026-09-25T00:44:32.872+05:30 TRACE 1303 --- [student-management-system] [http-nio-8080-exec-3] org.hibernate.orm.jdbc.bind              : binding parameter (1:INTEGER) <- [0]
2026-09-25T00:44:32.872+05:30 TRACE 1303 --- [student-management-system] [http-nio-8080-exec-3] org.hibernate.orm.jdbc.bind              : binding parameter (2:INTEGER) <- [10]
2026-09-25T00:44:32.882+05:30 DEBUG 1303 --- [student-management-system] [http-nio-8080-exec-4] org.hibernate.SQL                        : 
    select
        u1_0.id,
        u1_0.created_at,
        u1_0.password,
        u1_0.role,
        u1_0.updated_at,
        u1_0.username 
    from
        users u1_0 
    where
        u1_0.username=?
2026-09-25T00:44:32.882+05:30 TRACE 1303 --- [student-management-system] [http-nio-8080-exec-4] org.hibernate.orm.jdbc.bind              : binding parameter (1:VARCHAR) <- [user]
2026-09-25T00:44:32.888+05:30 DEBUG 1303 --- [student-management-system] [http-nio-8080-exec-4] org.hibernate.SQL                        : 
    select
        c1_0.id,
        c1_0.course_code,
        c1_0.course_name,
        c1_0.created_at,
        c1_0.description,
        c1_0.duration,
        c1_0.fees,
        c1_0.updated_at 
    from
        courses c1_0 
    order by
        c1_0.id 
    limit
        ?, ?
2026-09-25T00:44:32.889+05:30 TRACE 1303 --- [student-management-system] [http-nio-8080-exec-4] org.hibernate.orm.jdbc.bind              : binding parameter (1:INTEGER) <- [0]
2026-09-25T00:44:32.889+05:30 TRACE 1303 --- [student-management-system] [http-nio-8080-exec-4] org.hibernate.orm.jdbc.bind              : binding parameter (2:INTEGER) <- [10]
2026-09-25T00:44:33.457+05:30 DEBUG 1303 --- [student-management-system] [http-nio-8080-exec-10] org.hibernate.SQL                        : 
    select
        u1_0.id,
        u1_0.created_at,
        u1_0.password,
        u1_0.role,
        u1_0.updated_at,
        u1_0.username 
    from
        users u1_0 
    where
        u1_0.username=?
2026-09-25T00:44:33.457+05:30 DEBUG 1303 --- [student-management-system] [http-nio-8080-exec-2] org.hibernate.SQL                        : 
    select
        u1_0.id,
        u1_0.created_at,
        u1_0.password,
        u1_0.role,
        u1_0.updated_at,
        u1_0.username 
    from
        users u1_0 
    where
        u1_0.username=?
2026-09-25T00:44:33.458+05:30 TRACE 1303 --- [student-management-system] [http-nio-8080-exec-10] org.hibernate.orm.jdbc.bind              : binding parameter (1:VARCHAR) <- [user]
2026-09-25T00:44:33.458+05:30 TRACE 1303 --- [student-management-system] [http-nio-8080-exec-2] org.hibernate.orm.jdbc.bind              : binding parameter (1:VARCHAR) <- [user]
2026-09-25T00:44:33.459+05:30 DEBUG 1303 --- [student-management-system] [http-nio-8080-exec-3] org.hibernate.SQL                        : 
    select
        u1_0.id,
        u1_0.created_at,
        u1_0.password,
        u1_0.role,
        u1_0.updated_at,
        u1_0.username 
    from
        users u1_0 
    where
        u1_0.username=?
2026-09-25T00:44:33.460+05:30 TRACE 1303 --- [student-management-system] [http-nio-8080-exec-3] org.hibernate.orm.jdbc.bind              : binding parameter (1:VARCHAR) <- [user]
2026-09-25T00:44:33.469+05:30 DEBUG 1303 --- [student-management-system] [http-nio-8080-exec-10] org.hibernate.SQL                        : 
    select
        s1_0.id,
        s1_0.address,
        s1_0.created_at,
        s1_0.date_of_birth,
        s1_0.email,
        s1_0.first_name,
        s1_0.last_name,
        s1_0.phone,
        s1_0.updated_at 
    from
        students s1_0 
    order by
        s1_0.id 
    limit
        ?, ?
2026-09-25T00:44:33.470+05:30 TRACE 1303 --- [student-management-system] [http-nio-8080-exec-10] org.hibernate.orm.jdbc.bind              : binding parameter (1:INTEGER) <- [0]
2026-09-25T00:44:33.471+05:30 TRACE 1303 --- [student-management-system] [http-nio-8080-exec-10] org.hibernate.orm.jdbc.bind              : binding parameter (2:INTEGER) <- [100]
2026-09-25T00:44:33.481+05:30 DEBUG 1303 --- [student-management-system] [http-nio-8080-exec-2] org.hibernate.SQL                        : 
    select
        c1_0.id,
        c1_0.course_code,
        c1_0.course_name,
        c1_0.created_at,
        c1_0.description,
        c1_0.duration,
        c1_0.fees,
        c1_0.updated_at 
    from
        courses c1_0 
    order by
        c1_0.id 
    limit
        ?, ?
2026-09-25T00:44:33.481+05:30 TRACE 1303 --- [student-management-system] [http-nio-8080-exec-2] org.hibernate.orm.jdbc.bind              : binding parameter (1:INTEGER) <- [0]
2026-09-25T00:44:33.482+05:30 TRACE 1303 --- [student-management-system] [http-nio-8080-exec-2] org.hibernate.orm.jdbc.bind              : binding parameter (2:INTEGER) <- [100]
2026-09-25T00:44:33.482+05:30 DEBUG 1303 --- [student-management-system] [http-nio-8080-exec-3] org.hibernate.SQL                        : 
    select
        e1_0.id,
        e1_0.course_id,
        c1_0.id,
        c1_0.course_code,
        c1_0.course_name,
        c1_0.created_at,
        c1_0.description,
        c1_0.duration,
        c1_0.fees,
        c1_0.updated_at,
        e1_0.created_at,
        e1_0.enrollment_date,
        e1_0.status,
        e1_0.student_id,
        s1_0.id,
        s1_0.address,
        s1_0.created_at,
        s1_0.date_of_birth,
        s1_0.email,
        s1_0.first_name,
        s1_0.last_name,
        s1_0.phone,
        s1_0.updated_at,
        e1_0.updated_at 
    from
        enrollments e1_0 
    join
        courses c1_0 
            on c1_0.id=e1_0.course_id 
    join
        students s1_0 
            on s1_0.id=e1_0.student_id 
    limit
        ?, ?
2026-09-25T00:44:33.483+05:30 TRACE 1303 --- [student-management-system] [http-nio-8080-exec-3] org.hibernate.orm.jdbc.bind              : binding parameter (1:INTEGER) <- [0]
2026-09-25T00:44:33.483+05:30 TRACE 1303 --- [student-management-system] [http-nio-8080-exec-3] org.hibernate.orm.jdbc.bind              : binding parameter (2:INTEGER) <- [10]
2026-09-25T00:44:33.483+05:30 DEBUG 1303 --- [student-management-system] [http-nio-8080-exec-4] org.hibernate.SQL                        : 
    select
        u1_0.id,
        u1_0.created_at,
        u1_0.password,
        u1_0.role,
        u1_0.updated_at,
        u1_0.username 
    from
        users u1_0 
    where
        u1_0.username=?
2026-09-25T00:44:33.483+05:30 TRACE 1303 --- [student-management-system] [http-nio-8080-exec-4] org.hibernate.orm.jdbc.bind              : binding parameter (1:VARCHAR) <- [user]
2026-09-25T00:44:33.491+05:30 DEBUG 1303 --- [student-management-system] [http-nio-8080-exec-8] org.hibernate.SQL                        : 
    select
        u1_0.id,
        u1_0.created_at,
        u1_0.password,
        u1_0.role,
        u1_0.updated_at,
        u1_0.username 
    from
        users u1_0 
    where
        u1_0.username=?
2026-09-25T00:44:33.492+05:30 TRACE 1303 --- [student-management-system] [http-nio-8080-exec-8] org.hibernate.orm.jdbc.bind              : binding parameter (1:VARCHAR) <- [user]
2026-09-25T00:44:33.492+05:30 DEBUG 1303 --- [student-management-system] [http-nio-8080-exec-4] org.hibernate.SQL                        : 
    select
        s1_0.id,
        s1_0.address,
        s1_0.created_at,
        s1_0.date_of_birth,
        s1_0.email,
        s1_0.first_name,
        s1_0.last_name,
        s1_0.phone,
        s1_0.updated_at 
    from
        students s1_0 
    order by
        s1_0.id 
    limit
        ?, ?
2026-09-25T00:44:33.493+05:30 TRACE 1303 --- [student-management-system] [http-nio-8080-exec-4] org.hibernate.orm.jdbc.bind              : binding parameter (1:INTEGER) <- [0]
2026-09-25T00:44:33.493+05:30 TRACE 1303 --- [student-management-system] [http-nio-8080-exec-4] org.hibernate.orm.jdbc.bind              : binding parameter (2:INTEGER) <- [100]
2026-09-25T00:44:33.493+05:30 DEBUG 1303 --- [student-management-system] [http-nio-8080-exec-1] org.hibernate.SQL                        : 
    select
        u1_0.id,
        u1_0.created_at,
        u1_0.password,
        u1_0.role,
        u1_0.updated_at,
        u1_0.username 
    from
        users u1_0 
    where
        u1_0.username=?
2026-09-25T00:44:33.494+05:30 TRACE 1303 --- [student-management-system] [http-nio-8080-exec-1] org.hibernate.orm.jdbc.bind              : binding parameter (1:VARCHAR) <- [user]
2026-09-25T00:44:33.499+05:30 DEBUG 1303 --- [student-management-system] [http-nio-8080-exec-8] org.hibernate.SQL                        : 
    select
        c1_0.id,
        c1_0.course_code,
        c1_0.course_name,
        c1_0.created_at,
        c1_0.description,
        c1_0.duration,
        c1_0.fees,
        c1_0.updated_at 
    from
        courses c1_0 
    order by
        c1_0.id 
    limit
        ?, ?
2026-09-25T00:44:33.499+05:30 TRACE 1303 --- [student-management-system] [http-nio-8080-exec-8] org.hibernate.orm.jdbc.bind              : binding parameter (1:INTEGER) <- [0]
2026-09-25T00:44:33.499+05:30 DEBUG 1303 --- [student-management-system] [http-nio-8080-exec-1] org.hibernate.SQL                        : 
    select
        e1_0.id,
        e1_0.course_id,
        c1_0.id,
        c1_0.course_code,
        c1_0.course_name,
        c1_0.created_at,
        c1_0.description,
        c1_0.duration,
        c1_0.fees,
        c1_0.updated_at,
        e1_0.created_at,
        e1_0.enrollment_date,
        e1_0.status,
        e1_0.student_id,
        s1_0.id,
        s1_0.address,
        s1_0.created_at,
        s1_0.date_of_birth,
        s1_0.email,
        s1_0.first_name,
        s1_0.last_name,
        s1_0.phone,
        s1_0.updated_at,
        e1_0.updated_at 
    from
        enrollments e1_0 
    join
        courses c1_0 
            on c1_0.id=e1_0.course_id 
    join
        students s1_0 
            on s1_0.id=e1_0.student_id 
    limit
        ?, ?
2026-09-25T00:44:33.500+05:30 TRACE 1303 --- [student-management-system] [http-nio-8080-exec-8] org.hibernate.orm.jdbc.bind              : binding parameter (2:INTEGER) <- [100]
2026-09-25T00:44:33.500+05:30 TRACE 1303 --- [student-management-system] [http-nio-8080-exec-1] org.hibernate.orm.jdbc.bind              : binding parameter (1:INTEGER) <- [0]
2026-09-25T00:44:33.500+05:30 TRACE 1303 --- [student-management-system] [http-nio-8080-exec-1] org.hibernate.orm.jdbc.bind              : binding parameter (2:INTEGER) <- [10]
2026-09-25T00:44:35.375+05:30 DEBUG 1303 --- [student-management-system] [http-nio-8080-exec-5] org.hibernate.SQL                        : 
    select
        u1_0.id,
        u1_0.created_at,
        u1_0.password,
        u1_0.role,
        u1_0.updated_at,
        u1_0.username 
    from
        users u1_0 
    where
        u1_0.username=?
2026-09-25T00:44:35.376+05:30 TRACE 1303 --- [student-management-system] [http-nio-8080-exec-5] org.hibernate.orm.jdbc.bind              : binding parameter (1:VARCHAR) <- [user]
2026-09-25T00:44:35.383+05:30 DEBUG 1303 --- [student-management-system] [http-nio-8080-exec-5] org.hibernate.SQL                        : 
    select
        s1_0.id,
        s1_0.address,
        s1_0.created_at,
        s1_0.date_of_birth,
        s1_0.email,
        s1_0.first_name,
        s1_0.last_name,
        s1_0.phone,
        s1_0.updated_at 
    from
        students s1_0 
    order by
        s1_0.id 
    limit
        ?, ?
2026-09-25T00:44:35.384+05:30 TRACE 1303 --- [student-management-system] [http-nio-8080-exec-5] org.hibernate.orm.jdbc.bind              : binding parameter (1:INTEGER) <- [0]
2026-09-25T00:44:35.384+05:30 TRACE 1303 --- [student-management-system] [http-nio-8080-exec-5] org.hibernate.orm.jdbc.bind              : binding parameter (2:INTEGER) <- [10]
2026-09-25T00:44:35.395+05:30 DEBUG 1303 --- [student-management-system] [http-nio-8080-exec-7] org.hibernate.SQL                        : 
    select
        u1_0.id,
        u1_0.created_at,
        u1_0.password,
        u1_0.role,
        u1_0.updated_at,
        u1_0.username 
    from
        users u1_0 
    where
        u1_0.username=?
2026-09-25T00:44:35.395+05:30 TRACE 1303 --- [student-management-system] [http-nio-8080-exec-7] org.hibernate.orm.jdbc.bind              : binding parameter (1:VARCHAR) <- [user]
2026-09-25T00:44:35.402+05:30 DEBUG 1303 --- [student-management-system] [http-nio-8080-exec-7] org.hibernate.SQL                        : 
    select
        s1_0.id,
        s1_0.address,
        s1_0.created_at,
        s1_0.date_of_birth,
        s1_0.email,
        s1_0.first_name,
        s1_0.last_name,
        s1_0.phone,
        s1_0.updated_at 
    from
        students s1_0 
    order by
        s1_0.id 
    limit
        ?, ?
2026-09-25T00:44:35.403+05:30 TRACE 1303 --- [student-management-system] [http-nio-8080-exec-7] org.hibernate.orm.jdbc.bind              : binding parameter (1:INTEGER) <- [0]
2026-09-25T00:44:35.403+05:30 TRACE 1303 --- [student-management-system] [http-nio-8080-exec-7] org.hibernate.orm.jdbc.bind              : binding parameter (2:INTEGER) <- [10]
2026-09-25T00:44:36.039+05:30 DEBUG 1303 --- [student-management-system] [http-nio-8080-exec-10] org.hibernate.SQL                        : 
    select
        u1_0.id,
        u1_0.created_at,
        u1_0.password,
        u1_0.role,
        u1_0.updated_at,
        u1_0.username 
    from
        users u1_0 
    where
        u1_0.username=?
2026-09-25T00:44:36.040+05:30 TRACE 1303 --- [student-management-system] [http-nio-8080-exec-10] org.hibernate.orm.jdbc.bind              : binding parameter (1:VARCHAR) <- [user]
2026-09-25T00:44:36.051+05:30 DEBUG 1303 --- [student-management-system] [http-nio-8080-exec-10] org.hibernate.SQL                        : 
    select
        c1_0.id,
        c1_0.course_code,
        c1_0.course_name,
        c1_0.created_at,
        c1_0.description,
        c1_0.duration,
        c1_0.fees,
        c1_0.updated_at 
    from
        courses c1_0 
    order by
        c1_0.id 
    limit
        ?, ?
2026-09-25T00:44:36.052+05:30 TRACE 1303 --- [student-management-system] [http-nio-8080-exec-10] org.hibernate.orm.jdbc.bind              : binding parameter (1:INTEGER) <- [0]
2026-09-25T00:44:36.052+05:30 TRACE 1303 --- [student-management-system] [http-nio-8080-exec-10] org.hibernate.orm.jdbc.bind              : binding parameter (2:INTEGER) <- [10]
2026-09-25T00:44:36.061+05:30 DEBUG 1303 --- [student-management-system] [http-nio-8080-exec-2] org.hibernate.SQL                        : 
    select
        u1_0.id,
        u1_0.created_at,
        u1_0.password,
        u1_0.role,
        u1_0.updated_at,
        u1_0.username 
    from
        users u1_0 
    where
        u1_0.username=?
2026-09-25T00:44:36.062+05:30 TRACE 1303 --- [student-management-system] [http-nio-8080-exec-2] org.hibernate.orm.jdbc.bind              : binding parameter (1:VARCHAR) <- [user]
2026-09-25T00:44:36.068+05:30 DEBUG 1303 --- [student-management-system] [http-nio-8080-exec-2] org.hibernate.SQL                        : 
    select
        c1_0.id,
        c1_0.course_code,
        c1_0.course_name,
        c1_0.created_at,
        c1_0.description,
        c1_0.duration,
        c1_0.fees,
        c1_0.updated_at 
    from
        courses c1_0 
    order by
        c1_0.id 
    limit
        ?, ?
2026-09-25T00:44:36.069+05:30 TRACE 1303 --- [student-management-system] [http-nio-8080-exec-2] org.hibernate.orm.jdbc.bind              : binding parameter (1:INTEGER) <- [0]
2026-09-25T00:44:36.069+05:30 TRACE 1303 --- [student-management-system] [http-nio-8080-exec-2] org.hibernate.orm.jdbc.bind              : binding parameter (2:INTEGER) <- [10]
2026-09-25T00:44:36.559+05:30 DEBUG 1303 --- [student-management-system] [http-nio-8080-exec-8] org.hibernate.SQL                        : 
    select
        u1_0.id,
        u1_0.created_at,
        u1_0.password,
        u1_0.role,
        u1_0.updated_at,
        u1_0.username 
    from
        users u1_0 
    where
        u1_0.username=?
2026-09-25T00:44:36.560+05:30 DEBUG 1303 --- [student-management-system] [http-nio-8080-exec-4] org.hibernate.SQL                        : 
    select
        u1_0.id,
        u1_0.created_at,
        u1_0.password,
        u1_0.role,
        u1_0.updated_at,
        u1_0.username 
    from
        users u1_0 
    where
        u1_0.username=?
2026-09-25T00:44:36.560+05:30 TRACE 1303 --- [student-management-system] [http-nio-8080-exec-8] org.hibernate.orm.jdbc.bind              : binding parameter (1:VARCHAR) <- [user]
2026-09-25T00:44:36.560+05:30 DEBUG 1303 --- [student-management-system] [http-nio-8080-exec-3] org.hibernate.SQL                        : 
    select
        u1_0.id,
        u1_0.created_at,
        u1_0.password,
        u1_0.role,
        u1_0.updated_at,
        u1_0.username 
    from
        users u1_0 
    where
        u1_0.username=?
2026-09-25T00:44:36.560+05:30 TRACE 1303 --- [student-management-system] [http-nio-8080-exec-3] org.hibernate.orm.jdbc.bind              : binding parameter (1:VARCHAR) <- [user]
2026-09-25T00:44:36.560+05:30 TRACE 1303 --- [student-management-system] [http-nio-8080-exec-4] org.hibernate.orm.jdbc.bind              : binding parameter (1:VARCHAR) <- [user]
2026-09-25T00:44:36.571+05:30 DEBUG 1303 --- [student-management-system] [http-nio-8080-exec-3] org.hibernate.SQL                        : 
    select
        s1_0.id,
        s1_0.address,
        s1_0.created_at,
        s1_0.date_of_birth,
        s1_0.email,
        s1_0.first_name,
        s1_0.last_name,
        s1_0.phone,
        s1_0.updated_at 
    from
        students s1_0 
    order by
        s1_0.id 
    limit
        ?, ?
2026-09-25T00:44:36.571+05:30 DEBUG 1303 --- [student-management-system] [http-nio-8080-exec-4] org.hibernate.SQL                        : 
    select
        c1_0.id,
        c1_0.course_code,
        c1_0.course_name,
        c1_0.created_at,
        c1_0.description,
        c1_0.duration,
        c1_0.fees,
        c1_0.updated_at 
    from
        courses c1_0 
    order by
        c1_0.id 
    limit
        ?, ?
2026-09-25T00:44:36.572+05:30 DEBUG 1303 --- [student-management-system] [http-nio-8080-exec-8] org.hibernate.SQL                        : 
    select
        e1_0.id,
        e1_0.course_id,
        c1_0.id,
        c1_0.course_code,
        c1_0.course_name,
        c1_0.created_at,
        c1_0.description,
        c1_0.duration,
        c1_0.fees,
        c1_0.updated_at,
        e1_0.created_at,
        e1_0.enrollment_date,
        e1_0.status,
        e1_0.student_id,
        s1_0.id,
        s1_0.address,
        s1_0.created_at,
        s1_0.date_of_birth,
        s1_0.email,
        s1_0.first_name,
        s1_0.last_name,
        s1_0.phone,
        s1_0.updated_at,
        e1_0.updated_at 
    from
        enrollments e1_0 
    join
        courses c1_0 
            on c1_0.id=e1_0.course_id 
    join
        students s1_0 
            on s1_0.id=e1_0.student_id 
    limit
        ?, ?
2026-09-25T00:44:36.572+05:30 TRACE 1303 --- [student-management-system] [http-nio-8080-exec-4] org.hibernate.orm.jdbc.bind              : binding parameter (1:INTEGER) <- [0]
2026-09-25T00:44:36.572+05:30 TRACE 1303 --- [student-management-system] [http-nio-8080-exec-4] org.hibernate.orm.jdbc.bind              : binding parameter (2:INTEGER) <- [100]
2026-09-25T00:44:36.572+05:30 TRACE 1303 --- [student-management-system] [http-nio-8080-exec-8] org.hibernate.orm.jdbc.bind              : binding parameter (1:INTEGER) <- [0]
2026-09-25T00:44:36.572+05:30 TRACE 1303 --- [student-management-system] [http-nio-8080-exec-3] org.hibernate.orm.jdbc.bind              : binding parameter (1:INTEGER) <- [0]
2026-09-25T00:44:36.572+05:30 TRACE 1303 --- [student-management-system] [http-nio-8080-exec-8] org.hibernate.orm.jdbc.bind              : binding parameter (2:INTEGER) <- [10]
2026-09-25T00:44:36.572+05:30 TRACE 1303 --- [student-management-system] [http-nio-8080-exec-3] org.hibernate.orm.jdbc.bind              : binding parameter (2:INTEGER) <- [100]
2026-09-25T00:44:36.582+05:30 DEBUG 1303 --- [student-management-system] [http-nio-8080-exec-6] org.hibernate.SQL                        : 
    select
        u1_0.id,
        u1_0.created_at,
        u1_0.password,
        u1_0.role,
        u1_0.updated_at,
        u1_0.username 
    from
        users u1_0 
    where
        u1_0.username=?
2026-09-25T00:44:36.582+05:30 DEBUG 1303 --- [student-management-system] [http-nio-8080-exec-1] org.hibernate.SQL                        : 
    select
        u1_0.id,
        u1_0.created_at,
        u1_0.password,
        u1_0.role,
        u1_0.updated_at,
        u1_0.username 
    from
        users u1_0 
    where
        u1_0.username=?
2026-09-25T00:44:36.582+05:30 TRACE 1303 --- [student-management-system] [http-nio-8080-exec-6] org.hibernate.orm.jdbc.bind              : binding parameter (1:VARCHAR) <- [user]
2026-09-25T00:44:36.582+05:30 TRACE 1303 --- [student-management-system] [http-nio-8080-exec-1] org.hibernate.orm.jdbc.bind              : binding parameter (1:VARCHAR) <- [user]
2026-09-25T00:44:36.583+05:30 DEBUG 1303 --- [student-management-system] [http-nio-8080-exec-9] org.hibernate.SQL                        : 
    select
        u1_0.id,
        u1_0.created_at,
        u1_0.password,
        u1_0.role,
        u1_0.updated_at,
        u1_0.username 
    from
        users u1_0 
    where
        u1_0.username=?
2026-09-25T00:44:36.584+05:30 TRACE 1303 --- [student-management-system] [http-nio-8080-exec-9] org.hibernate.orm.jdbc.bind              : binding parameter (1:VARCHAR) <- [user]
2026-09-25T00:44:36.589+05:30 DEBUG 1303 --- [student-management-system] [http-nio-8080-exec-1] org.hibernate.SQL                        : 
    select
        s1_0.id,
        s1_0.address,
        s1_0.created_at,
        s1_0.date_of_birth,
        s1_0.email,
        s1_0.first_name,
        s1_0.last_name,
        s1_0.phone,
        s1_0.updated_at 
    from
        students s1_0 
    order by
        s1_0.id 
    limit
        ?, ?
2026-09-25T00:44:36.589+05:30 DEBUG 1303 --- [student-management-system] [http-nio-8080-exec-6] org.hibernate.SQL                        : 
    select
        c1_0.id,
        c1_0.course_code,
        c1_0.course_name,
        c1_0.created_at,
        c1_0.description,
        c1_0.duration,
        c1_0.fees,
        c1_0.updated_at 
    from
        courses c1_0 
    order by
        c1_0.id 
    limit
        ?, ?
2026-09-25T00:44:36.589+05:30 TRACE 1303 --- [student-management-system] [http-nio-8080-exec-1] org.hibernate.orm.jdbc.bind              : binding parameter (1:INTEGER) <- [0]
2026-09-25T00:44:36.589+05:30 TRACE 1303 --- [student-management-system] [http-nio-8080-exec-6] org.hibernate.orm.jdbc.bind              : binding parameter (1:INTEGER) <- [0]
2026-09-25T00:44:36.589+05:30 TRACE 1303 --- [student-management-system] [http-nio-8080-exec-1] org.hibernate.orm.jdbc.bind              : binding parameter (2:INTEGER) <- [100]
2026-09-25T00:44:36.589+05:30 DEBUG 1303 --- [student-management-system] [http-nio-8080-exec-9] org.hibernate.SQL                        : 
    select
        e1_0.id,
        e1_0.course_id,
        c1_0.id,
        c1_0.course_code,
        c1_0.course_name,
        c1_0.created_at,
        c1_0.description,
        c1_0.duration,
        c1_0.fees,
        c1_0.updated_at,
        e1_0.created_at,
        e1_0.enrollment_date,
        e1_0.status,
        e1_0.student_id,
        s1_0.id,
        s1_0.address,
        s1_0.created_at,
        s1_0.date_of_birth,
        s1_0.email,
        s1_0.first_name,
        s1_0.last_name,
        s1_0.phone,
        s1_0.updated_at,
        e1_0.updated_at 
    from
        enrollments e1_0 
    join
        courses c1_0 
            on c1_0.id=e1_0.course_id 
    join
        students s1_0 
            on s1_0.id=e1_0.student_id 
    limit
        ?, ?
2026-09-25T00:44:36.589+05:30 TRACE 1303 --- [student-management-system] [http-nio-8080-exec-6] org.hibernate.orm.jdbc.bind              : binding parameter (2:INTEGER) <- [100]
2026-09-25T00:44:36.590+05:30 TRACE 1303 --- [student-management-system] [http-nio-8080-exec-9] org.hibernate.orm.jdbc.bind              : binding parameter (1:INTEGER) <- [0]
2026-09-25T00:44:36.590+05:30 TRACE 1303 --- [student-management-system] [http-nio-8080-exec-9] org.hibernate.orm.jdbc.bind              : binding parameter (2:INTEGER) <- [10]
2026-09-25T00:44:37.393+05:30 DEBUG 1303 --- [student-management-system] [http-nio-8080-exec-1] org.hibernate.SQL                        : 
    select
        u1_0.id,
        u1_0.created_at,
        u1_0.password,
        u1_0.role,
        u1_0.updated_at,
        u1_0.username 
    from
        users u1_0 
    where
        u1_0.username=?
2026-09-25T00:44:37.393+05:30 DEBUG 1303 --- [student-management-system] [http-nio-8080-exec-6] org.hibernate.SQL                        : 
    select
        u1_0.id,
        u1_0.created_at,
        u1_0.password,
        u1_0.role,
        u1_0.updated_at,
        u1_0.username 
    from
        users u1_0 
    where
        u1_0.username=?
2026-09-25T00:44:37.393+05:30 TRACE 1303 --- [student-management-system] [http-nio-8080-exec-1] org.hibernate.orm.jdbc.bind              : binding parameter (1:VARCHAR) <- [user]
2026-09-25T00:44:37.394+05:30 TRACE 1303 --- [student-management-system] [http-nio-8080-exec-6] org.hibernate.orm.jdbc.bind              : binding parameter (1:VARCHAR) <- [user]
2026-09-25T00:44:37.398+05:30 DEBUG 1303 --- [student-management-system] [http-nio-8080-exec-8] org.hibernate.SQL                        : 
    select
        u1_0.id,
        u1_0.created_at,
        u1_0.password,
        u1_0.role,
        u1_0.updated_at,
        u1_0.username 
    from
        users u1_0 
    where
        u1_0.username=?
2026-09-25T00:44:37.398+05:30 TRACE 1303 --- [student-management-system] [http-nio-8080-exec-8] org.hibernate.orm.jdbc.bind              : binding parameter (1:VARCHAR) <- [user]
2026-09-25T00:44:37.411+05:30 DEBUG 1303 --- [student-management-system] [http-nio-8080-exec-8] org.hibernate.SQL                        : 
    select
        c1_0.id,
        c1_0.course_code,
        c1_0.course_name,
        c1_0.created_at,
        c1_0.description,
        c1_0.duration,
        c1_0.fees,
        c1_0.updated_at 
    from
        courses c1_0 
    order by
        c1_0.id 
    limit
        ?, ?
2026-09-25T00:44:37.412+05:30 DEBUG 1303 --- [student-management-system] [http-nio-8080-exec-1] org.hibernate.SQL                        : 
    select
        s1_0.id,
        s1_0.address,
        s1_0.created_at,
        s1_0.date_of_birth,
        s1_0.email,
        s1_0.first_name,
        s1_0.last_name,
        s1_0.phone,
        s1_0.updated_at 
    from
        students s1_0 
    order by
        s1_0.id 
    limit
        ?, ?
2026-09-25T00:44:37.412+05:30 TRACE 1303 --- [student-management-system] [http-nio-8080-exec-8] org.hibernate.orm.jdbc.bind              : binding parameter (1:INTEGER) <- [0]
2026-09-25T00:44:37.412+05:30 TRACE 1303 --- [student-management-system] [http-nio-8080-exec-8] org.hibernate.orm.jdbc.bind              : binding parameter (2:INTEGER) <- [1]
2026-09-25T00:44:37.412+05:30 TRACE 1303 --- [student-management-system] [http-nio-8080-exec-1] org.hibernate.orm.jdbc.bind              : binding parameter (1:INTEGER) <- [0]
2026-09-25T00:44:37.412+05:30 TRACE 1303 --- [student-management-system] [http-nio-8080-exec-1] org.hibernate.orm.jdbc.bind              : binding parameter (2:INTEGER) <- [1]
2026-09-25T00:44:37.412+05:30 DEBUG 1303 --- [student-management-system] [http-nio-8080-exec-6] org.hibernate.SQL                        : 
    select
        e1_0.id,
        e1_0.course_id,
        c1_0.id,
        c1_0.course_code,
        c1_0.course_name,
        c1_0.created_at,
        c1_0.description,
        c1_0.duration,
        c1_0.fees,
        c1_0.updated_at,
        e1_0.created_at,
        e1_0.enrollment_date,
        e1_0.status,
        e1_0.student_id,
        s1_0.id,
        s1_0.address,
        s1_0.created_at,
        s1_0.date_of_birth,
        s1_0.email,
        s1_0.first_name,
        s1_0.last_name,
        s1_0.phone,
        s1_0.updated_at,
        e1_0.updated_at 
    from
        enrollments e1_0 
    join
        courses c1_0 
            on c1_0.id=e1_0.course_id 
    join
        students s1_0 
            on s1_0.id=e1_0.student_id 
    limit
        ?, ?
2026-09-25T00:44:37.413+05:30 TRACE 1303 --- [student-management-system] [http-nio-8080-exec-6] org.hibernate.orm.jdbc.bind              : binding parameter (1:INTEGER) <- [0]
2026-09-25T00:44:37.413+05:30 TRACE 1303 --- [student-management-system] [http-nio-8080-exec-6] org.hibernate.orm.jdbc.bind              : binding parameter (2:INTEGER) <- [100]
2026-09-25T00:44:37.415+05:30 DEBUG 1303 --- [student-management-system] [http-nio-8080-exec-8] org.hibernate.SQL                        : 
    select
        count(c1_0.id) 
    from
        courses c1_0
2026-09-25T00:44:37.415+05:30 DEBUG 1303 --- [student-management-system] [http-nio-8080-exec-1] org.hibernate.SQL                        : 
    select
        count(s1_0.id) 
    from
        students s1_0
2026-09-25T00:44:37.421+05:30 DEBUG 1303 --- [student-management-system] [http-nio-8080-exec-6] org.hibernate.SQL                        : 
    select
        u1_0.id,
        u1_0.created_at,
        u1_0.password,
        u1_0.role,
        u1_0.updated_at,
        u1_0.username 
    from
        users u1_0 
    where
        u1_0.username=?
2026-09-25T00:44:37.421+05:30 DEBUG 1303 --- [student-management-system] [http-nio-8080-exec-9] org.hibernate.SQL                        : 
    select
        u1_0.id,
        u1_0.created_at,
        u1_0.password,
        u1_0.role,
        u1_0.updated_at,
        u1_0.username 
    from
        users u1_0 
    where
        u1_0.username=?
2026-09-25T00:44:37.422+05:30 DEBUG 1303 --- [student-management-system] [http-nio-8080-exec-7] org.hibernate.SQL                        : 
    select
        u1_0.id,
        u1_0.created_at,
        u1_0.password,
        u1_0.role,
        u1_0.updated_at,
        u1_0.username 
    from
        users u1_0 
    where
        u1_0.username=?
2026-09-25T00:44:37.422+05:30 TRACE 1303 --- [student-management-system] [http-nio-8080-exec-6] org.hibernate.orm.jdbc.bind              : binding parameter (1:VARCHAR) <- [user]
2026-09-25T00:44:37.422+05:30 TRACE 1303 --- [student-management-system] [http-nio-8080-exec-9] org.hibernate.orm.jdbc.bind              : binding parameter (1:VARCHAR) <- [user]
2026-09-25T00:44:37.422+05:30 TRACE 1303 --- [student-management-system] [http-nio-8080-exec-7] org.hibernate.orm.jdbc.bind              : binding parameter (1:VARCHAR) <- [user]
2026-09-25T00:44:37.428+05:30 DEBUG 1303 --- [student-management-system] [http-nio-8080-exec-6] org.hibernate.SQL                        : 
    select
        s1_0.id,
        s1_0.address,
        s1_0.created_at,
        s1_0.date_of_birth,
        s1_0.email,
        s1_0.first_name,
        s1_0.last_name,
        s1_0.phone,
        s1_0.updated_at 
    from
        students s1_0 
    order by
        s1_0.id 
    limit
        ?, ?
2026-09-25T00:44:37.428+05:30 DEBUG 1303 --- [student-management-system] [http-nio-8080-exec-9] org.hibernate.SQL                        : 
    select
        c1_0.id,
        c1_0.course_code,
        c1_0.course_name,
        c1_0.created_at,
        c1_0.description,
        c1_0.duration,
        c1_0.fees,
        c1_0.updated_at 
    from
        courses c1_0 
    order by
        c1_0.id 
    limit
        ?, ?
2026-09-25T00:44:37.428+05:30 DEBUG 1303 --- [student-management-system] [http-nio-8080-exec-7] org.hibernate.SQL                        : 
    select
        e1_0.id,
        e1_0.course_id,
        c1_0.id,
        c1_0.course_code,
        c1_0.course_name,
        c1_0.created_at,
        c1_0.description,
        c1_0.duration,
        c1_0.fees,
        c1_0.updated_at,
        e1_0.created_at,
        e1_0.enrollment_date,
        e1_0.status,
        e1_0.student_id,
        s1_0.id,
        s1_0.address,
        s1_0.created_at,
        s1_0.date_of_birth,
        s1_0.email,
        s1_0.first_name,
        s1_0.last_name,
        s1_0.phone,
        s1_0.updated_at,
        e1_0.updated_at 
    from
        enrollments e1_0 
    join
        courses c1_0 
            on c1_0.id=e1_0.course_id 
    join
        students s1_0 
            on s1_0.id=e1_0.student_id 
    limit
        ?, ?
2026-09-25T00:44:37.428+05:30 TRACE 1303 --- [student-management-system] [http-nio-8080-exec-6] org.hibernate.orm.jdbc.bind              : binding parameter (1:INTEGER) <- [0]
2026-09-25T00:44:37.428+05:30 TRACE 1303 --- [student-management-system] [http-nio-8080-exec-6] org.hibernate.orm.jdbc.bind              : binding parameter (2:INTEGER) <- [1]
2026-09-25T00:44:37.428+05:30 TRACE 1303 --- [student-management-system] [http-nio-8080-exec-9] org.hibernate.orm.jdbc.bind              : binding parameter (1:INTEGER) <- [0]
2026-09-25T00:44:37.428+05:30 TRACE 1303 --- [student-management-system] [http-nio-8080-exec-9] org.hibernate.orm.jdbc.bind              : binding parameter (2:INTEGER) <- [1]
2026-09-25T00:44:37.429+05:30 TRACE 1303 --- [student-management-system] [http-nio-8080-exec-7] org.hibernate.orm.jdbc.bind              : binding parameter (1:INTEGER) <- [0]
2026-09-25T00:44:37.429+05:30 TRACE 1303 --- [student-management-system] [http-nio-8080-exec-7] org.hibernate.orm.jdbc.bind              : binding parameter (2:INTEGER) <- [100]
2026-09-25T00:44:37.431+05:30 DEBUG 1303 --- [student-management-system] [http-nio-8080-exec-6] org.hibernate.SQL                        : 
    select
        count(s1_0.id) 
    from
        students s1_0
2026-09-25T00:44:37.431+05:30 DEBUG 1303 --- [student-management-system] [http-nio-8080-exec-9] org.hibernate.SQL                        : 
    select
        count(c1_0.id) 
    from
        courses c1_0
2026-09-25T00:46:05.923+05:30 DEBUG 1303 --- [student-management-system] [http-nio-8080-exec-7] org.hibernate.SQL                        : 
    select
        u1_0.id,
        u1_0.created_at,
        u1_0.password,
        u1_0.role,
        u1_0.updated_at,
        u1_0.username 
    from
        users u1_0 
    where
        u1_0.username=?
2026-09-25T00:46:05.928+05:30 TRACE 1303 --- [student-management-system] [http-nio-8080-exec-7] org.hibernate.orm.jdbc.bind              : binding parameter (1:VARCHAR) <- [admin]
2026-09-25T00:46:06.178+05:30 DEBUG 1303 --- [student-management-system] [http-nio-8080-exec-3] org.hibernate.SQL                        : 
    select
        u1_0.id,
        u1_0.created_at,
        u1_0.password,
        u1_0.role,
        u1_0.updated_at,
        u1_0.username 
    from
        users u1_0 
    where
        u1_0.username=?
2026-09-25T00:46:06.179+05:30 DEBUG 1303 --- [student-management-system] [http-nio-8080-exec-1] org.hibernate.SQL                        : 
    select
        u1_0.id,
        u1_0.created_at,
        u1_0.password,
        u1_0.role,
        u1_0.updated_at,
        u1_0.username 
    from
        users u1_0 
    where
        u1_0.username=?
2026-09-25T00:46:06.179+05:30 DEBUG 1303 --- [student-management-system] [http-nio-8080-exec-4] org.hibernate.SQL                        : 
    select
        u1_0.id,
        u1_0.created_at,
        u1_0.password,
        u1_0.role,
        u1_0.updated_at,
        u1_0.username 
    from
        users u1_0 
    where
        u1_0.username=?
2026-09-25T00:46:06.179+05:30 TRACE 1303 --- [student-management-system] [http-nio-8080-exec-3] org.hibernate.orm.jdbc.bind              : binding parameter (1:VARCHAR) <- [admin]
2026-09-25T00:46:06.179+05:30 TRACE 1303 --- [student-management-system] [http-nio-8080-exec-4] org.hibernate.orm.jdbc.bind              : binding parameter (1:VARCHAR) <- [admin]
2026-09-25T00:46:06.179+05:30 TRACE 1303 --- [student-management-system] [http-nio-8080-exec-1] org.hibernate.orm.jdbc.bind              : binding parameter (1:VARCHAR) <- [admin]
2026-09-25T00:46:06.206+05:30 DEBUG 1303 --- [student-management-system] [http-nio-8080-exec-4] org.hibernate.SQL                        : 
    select
        c1_0.id,
        c1_0.course_code,
        c1_0.course_name,
        c1_0.created_at,
        c1_0.description,
        c1_0.duration,
        c1_0.fees,
        c1_0.updated_at 
    from
        courses c1_0 
    order by
        c1_0.id 
    limit
        ?, ?
2026-09-25T00:46:06.206+05:30 DEBUG 1303 --- [student-management-system] [http-nio-8080-exec-3] org.hibernate.SQL                        : 
    select
        s1_0.id,
        s1_0.address,
        s1_0.created_at,
        s1_0.date_of_birth,
        s1_0.email,
        s1_0.first_name,
        s1_0.last_name,
        s1_0.phone,
        s1_0.updated_at 
    from
        students s1_0 
    order by
        s1_0.id 
    limit
        ?, ?
2026-09-25T00:46:06.206+05:30 DEBUG 1303 --- [student-management-system] [http-nio-8080-exec-1] org.hibernate.SQL                        : 
    select
        e1_0.id,
        e1_0.course_id,
        c1_0.id,
        c1_0.course_code,
        c1_0.course_name,
        c1_0.created_at,
        c1_0.description,
        c1_0.duration,
        c1_0.fees,
        c1_0.updated_at,
        e1_0.created_at,
        e1_0.enrollment_date,
        e1_0.status,
        e1_0.student_id,
        s1_0.id,
        s1_0.address,
        s1_0.created_at,
        s1_0.date_of_birth,
        s1_0.email,
        s1_0.first_name,
        s1_0.last_name,
        s1_0.phone,
        s1_0.updated_at,
        e1_0.updated_at 
    from
        enrollments e1_0 
    join
        courses c1_0 
            on c1_0.id=e1_0.course_id 
    join
        students s1_0 
            on s1_0.id=e1_0.student_id 
    limit
        ?, ?
2026-09-25T00:46:06.206+05:30 TRACE 1303 --- [student-management-system] [http-nio-8080-exec-4] org.hibernate.orm.jdbc.bind              : binding parameter (1:INTEGER) <- [0]
2026-09-25T00:46:06.206+05:30 TRACE 1303 --- [student-management-system] [http-nio-8080-exec-3] org.hibernate.orm.jdbc.bind              : binding parameter (1:INTEGER) <- [0]
2026-09-25T00:46:06.206+05:30 TRACE 1303 --- [student-management-system] [http-nio-8080-exec-4] org.hibernate.orm.jdbc.bind              : binding parameter (2:INTEGER) <- [1]
2026-09-25T00:46:06.207+05:30 TRACE 1303 --- [student-management-system] [http-nio-8080-exec-3] org.hibernate.orm.jdbc.bind              : binding parameter (2:INTEGER) <- [1]
2026-09-25T00:46:06.207+05:30 TRACE 1303 --- [student-management-system] [http-nio-8080-exec-1] org.hibernate.orm.jdbc.bind              : binding parameter (1:INTEGER) <- [0]
2026-09-25T00:46:06.207+05:30 TRACE 1303 --- [student-management-system] [http-nio-8080-exec-1] org.hibernate.orm.jdbc.bind              : binding parameter (2:INTEGER) <- [100]
2026-09-25T00:46:06.209+05:30 DEBUG 1303 --- [student-management-system] [http-nio-8080-exec-3] org.hibernate.SQL                        : 
    select
        count(s1_0.id) 
    from
        students s1_0
2026-09-25T00:46:06.209+05:30 DEBUG 1303 --- [student-management-system] [http-nio-8080-exec-4] org.hibernate.SQL                        : 
    select
        count(c1_0.id) 
    from
        courses c1_0
2026-09-25T00:46:06.214+05:30 DEBUG 1303 --- [student-management-system] [http-nio-8080-exec-5] org.hibernate.SQL                        : 
    select
        u1_0.id,
        u1_0.created_at,
        u1_0.password,
        u1_0.role,
        u1_0.updated_at,
        u1_0.username 
    from
        users u1_0 
    where
        u1_0.username=?
2026-09-25T00:46:06.214+05:30 DEBUG 1303 --- [student-management-system] [http-nio-8080-exec-7] org.hibernate.SQL                        : 
    select
        u1_0.id,
        u1_0.created_at,
        u1_0.password,
        u1_0.role,
        u1_0.updated_at,
        u1_0.username 
    from
        users u1_0 
    where
        u1_0.username=?
2026-09-25T00:46:06.214+05:30 DEBUG 1303 --- [student-management-system] [http-nio-8080-exec-9] org.hibernate.SQL                        : 
    select
        u1_0.id,
        u1_0.created_at,
        u1_0.password,
        u1_0.role,
        u1_0.updated_at,
        u1_0.username 
    from
        users u1_0 
    where
        u1_0.username=?
2026-09-25T00:46:06.214+05:30 TRACE 1303 --- [student-management-system] [http-nio-8080-exec-9] org.hibernate.orm.jdbc.bind              : binding parameter (1:VARCHAR) <- [admin]
2026-09-25T00:46:06.214+05:30 TRACE 1303 --- [student-management-system] [http-nio-8080-exec-7] org.hibernate.orm.jdbc.bind              : binding parameter (1:VARCHAR) <- [admin]
2026-09-25T00:46:06.214+05:30 TRACE 1303 --- [student-management-system] [http-nio-8080-exec-5] org.hibernate.orm.jdbc.bind              : binding parameter (1:VARCHAR) <- [admin]
2026-09-25T00:46:06.217+05:30 DEBUG 1303 --- [student-management-system] [http-nio-8080-exec-5] org.hibernate.SQL                        : 
    select
        s1_0.id,
        s1_0.address,
        s1_0.created_at,
        s1_0.date_of_birth,
        s1_0.email,
        s1_0.first_name,
        s1_0.last_name,
        s1_0.phone,
        s1_0.updated_at 
    from
        students s1_0 
    order by
        s1_0.id 
    limit
        ?, ?
2026-09-25T00:46:06.218+05:30 TRACE 1303 --- [student-management-system] [http-nio-8080-exec-5] org.hibernate.orm.jdbc.bind              : binding parameter (1:INTEGER) <- [0]
2026-09-25T00:46:06.218+05:30 TRACE 1303 --- [student-management-system] [http-nio-8080-exec-5] org.hibernate.orm.jdbc.bind              : binding parameter (2:INTEGER) <- [1]
2026-09-25T00:46:06.218+05:30 DEBUG 1303 --- [student-management-system] [http-nio-8080-exec-9] org.hibernate.SQL                        : 
    select
        c1_0.id,
        c1_0.course_code,
        c1_0.course_name,
        c1_0.created_at,
        c1_0.description,
        c1_0.duration,
        c1_0.fees,
        c1_0.updated_at 
    from
        courses c1_0 
    order by
        c1_0.id 
    limit
        ?, ?
2026-09-25T00:46:06.218+05:30 DEBUG 1303 --- [student-management-system] [http-nio-8080-exec-7] org.hibernate.SQL                        : 
    select
        e1_0.id,
        e1_0.course_id,
        c1_0.id,
        c1_0.course_code,
        c1_0.course_name,
        c1_0.created_at,
        c1_0.description,
        c1_0.duration,
        c1_0.fees,
        c1_0.updated_at,
        e1_0.created_at,
        e1_0.enrollment_date,
        e1_0.status,
        e1_0.student_id,
        s1_0.id,
        s1_0.address,
        s1_0.created_at,
        s1_0.date_of_birth,
        s1_0.email,
        s1_0.first_name,
        s1_0.last_name,
        s1_0.phone,
        s1_0.updated_at,
        e1_0.updated_at 
    from
        enrollments e1_0 
    join
        courses c1_0 
            on c1_0.id=e1_0.course_id 
    join
        students s1_0 
            on s1_0.id=e1_0.student_id 
    limit
        ?, ?
2026-09-25T00:46:06.218+05:30 TRACE 1303 --- [student-management-system] [http-nio-8080-exec-9] org.hibernate.orm.jdbc.bind              : binding parameter (1:INTEGER) <- [0]
2026-09-25T00:46:06.218+05:30 TRACE 1303 --- [student-management-system] [http-nio-8080-exec-9] org.hibernate.orm.jdbc.bind              : binding parameter (2:INTEGER) <- [1]
2026-09-25T00:46:06.218+05:30 TRACE 1303 --- [student-management-system] [http-nio-8080-exec-7] org.hibernate.orm.jdbc.bind              : binding parameter (1:INTEGER) <- [0]
2026-09-25T00:46:06.218+05:30 TRACE 1303 --- [student-management-system] [http-nio-8080-exec-7] org.hibernate.orm.jdbc.bind              : binding parameter (2:INTEGER) <- [100]
2026-09-25T00:46:06.219+05:30 DEBUG 1303 --- [student-management-system] [http-nio-8080-exec-5] org.hibernate.SQL                        : 
    select
        count(s1_0.id) 
    from
        students s1_0
2026-09-25T00:46:06.220+05:30 DEBUG 1303 --- [student-management-system] [http-nio-8080-exec-9] org.hibernate.SQL                        : 
    select
        count(c1_0.id) 
    from
        courses c1_0
2026-09-25T00:46:08.247+05:30 DEBUG 1303 --- [student-management-system] [http-nio-8080-exec-6] org.hibernate.SQL                        : 
    select
        u1_0.id,
        u1_0.created_at,
        u1_0.password,
        u1_0.role,
        u1_0.updated_at,
        u1_0.username 
    from
        users u1_0 
    where
        u1_0.username=?
2026-09-25T00:46:08.247+05:30 TRACE 1303 --- [student-management-system] [http-nio-8080-exec-6] org.hibernate.orm.jdbc.bind              : binding parameter (1:VARCHAR) <- [admin]
2026-09-25T00:46:08.262+05:30 DEBUG 1303 --- [student-management-system] [http-nio-8080-exec-6] org.hibernate.SQL                        : 
    select
        s1_0.id,
        s1_0.address,
        s1_0.created_at,
        s1_0.date_of_birth,
        s1_0.email,
        s1_0.first_name,
        s1_0.last_name,
        s1_0.phone,
        s1_0.updated_at 
    from
        students s1_0 
    order by
        s1_0.id 
    limit
        ?, ?
2026-09-25T00:46:08.262+05:30 TRACE 1303 --- [student-management-system] [http-nio-8080-exec-6] org.hibernate.orm.jdbc.bind              : binding parameter (1:INTEGER) <- [0]
2026-09-25T00:46:08.263+05:30 TRACE 1303 --- [student-management-system] [http-nio-8080-exec-6] org.hibernate.orm.jdbc.bind              : binding parameter (2:INTEGER) <- [10]
2026-09-25T00:46:08.274+05:30 DEBUG 1303 --- [student-management-system] [http-nio-8080-exec-2] org.hibernate.SQL                        : 
    select
        u1_0.id,
        u1_0.created_at,
        u1_0.password,
        u1_0.role,
        u1_0.updated_at,
        u1_0.username 
    from
        users u1_0 
    where
        u1_0.username=?
2026-09-25T00:46:08.274+05:30 TRACE 1303 --- [student-management-system] [http-nio-8080-exec-2] org.hibernate.orm.jdbc.bind              : binding parameter (1:VARCHAR) <- [admin]
2026-09-25T00:46:08.280+05:30 DEBUG 1303 --- [student-management-system] [http-nio-8080-exec-2] org.hibernate.SQL                        : 
    select
        s1_0.id,
        s1_0.address,
        s1_0.created_at,
        s1_0.date_of_birth,
        s1_0.email,
        s1_0.first_name,
        s1_0.last_name,
        s1_0.phone,
        s1_0.updated_at 
    from
        students s1_0 
    order by
        s1_0.id 
    limit
        ?, ?
2026-09-25T00:46:08.280+05:30 TRACE 1303 --- [student-management-system] [http-nio-8080-exec-2] org.hibernate.orm.jdbc.bind              : binding parameter (1:INTEGER) <- [0]
2026-09-25T00:46:08.281+05:30 TRACE 1303 --- [student-management-system] [http-nio-8080-exec-2] org.hibernate.orm.jdbc.bind              : binding parameter (2:INTEGER) <- [10]
2026-09-25T00:46:11.800+05:30 DEBUG 1303 --- [student-management-system] [http-nio-8080-exec-1] org.hibernate.SQL                        : 
    select
        u1_0.id,
        u1_0.created_at,
        u1_0.password,
        u1_0.role,
        u1_0.updated_at,
        u1_0.username 
    from
        users u1_0 
    where
        u1_0.username=?
2026-09-25T00:46:11.800+05:30 TRACE 1303 --- [student-management-system] [http-nio-8080-exec-1] org.hibernate.orm.jdbc.bind              : binding parameter (1:VARCHAR) <- [admin]
2026-09-25T00:46:11.843+05:30 DEBUG 1303 --- [student-management-system] [http-nio-8080-exec-1] org.hibernate.SQL                        : 
    select
        s1_0.id,
        s1_0.address,
        s1_0.created_at,
        s1_0.date_of_birth,
        s1_0.email,
        s1_0.first_name,
        s1_0.last_name,
        s1_0.phone,
        s1_0.updated_at 
    from
        students s1_0 
    where
        s1_0.id=?
2026-09-25T00:46:11.844+05:30 TRACE 1303 --- [student-management-system] [http-nio-8080-exec-1] org.hibernate.orm.jdbc.bind              : binding parameter (1:BIGINT) <- [4]
2026-09-25T00:46:18.239+05:30 DEBUG 1303 --- [student-management-system] [http-nio-8080-exec-7] org.hibernate.SQL                        : 
    select
        u1_0.id,
        u1_0.created_at,
        u1_0.password,
        u1_0.role,
        u1_0.updated_at,
        u1_0.username 
    from
        users u1_0 
    where
        u1_0.username=?
2026-09-25T00:46:18.239+05:30 TRACE 1303 --- [student-management-system] [http-nio-8080-exec-7] org.hibernate.orm.jdbc.bind              : binding parameter (1:VARCHAR) <- [admin]
2026-09-25T00:46:18.300+05:30 DEBUG 1303 --- [student-management-system] [http-nio-8080-exec-7] org.hibernate.SQL                        : 
    select
        s1_0.id,
        s1_0.address,
        s1_0.created_at,
        s1_0.date_of_birth,
        s1_0.email,
        s1_0.first_name,
        s1_0.last_name,
        s1_0.phone,
        s1_0.updated_at 
    from
        students s1_0 
    where
        s1_0.id=?
2026-09-25T00:46:18.301+05:30 TRACE 1303 --- [student-management-system] [http-nio-8080-exec-7] org.hibernate.orm.jdbc.bind              : binding parameter (1:BIGINT) <- [4]
2026-09-25T00:46:18.315+05:30 DEBUG 1303 --- [student-management-system] [http-nio-8080-exec-7] org.hibernate.SQL                        : 
    select
        s1_0.id 
    from
        students s1_0 
    where
        s1_0.email=? 
        and s1_0.id<>? 
    limit
        ?
2026-09-25T00:46:18.315+05:30 TRACE 1303 --- [student-management-system] [http-nio-8080-exec-7] org.hibernate.orm.jdbc.bind              : binding parameter (1:VARCHAR) <- [k2000shah@gmail.com]
2026-09-25T00:46:18.315+05:30 TRACE 1303 --- [student-management-system] [http-nio-8080-exec-7] org.hibernate.orm.jdbc.bind              : binding parameter (2:BIGINT) <- [4]
2026-09-25T00:46:18.315+05:30 TRACE 1303 --- [student-management-system] [http-nio-8080-exec-7] org.hibernate.orm.jdbc.bind              : binding parameter (3:INTEGER) <- [1]
2026-09-25T00:46:18.338+05:30 DEBUG 1303 --- [student-management-system] [http-nio-8080-exec-7] org.hibernate.SQL                        : 
    update
        students 
    set
        address=?,
        date_of_birth=?,
        email=?,
        first_name=?,
        last_name=?,
        phone=?,
        updated_at=? 
    where
        id=?
2026-09-25T00:46:18.339+05:30 TRACE 1303 --- [student-management-system] [http-nio-8080-exec-7] org.hibernate.orm.jdbc.bind              : binding parameter (1:VARCHAR) <- [Bangalore, India]
2026-09-25T00:46:18.339+05:30 TRACE 1303 --- [student-management-system] [http-nio-8080-exec-7] org.hibernate.orm.jdbc.bind              : binding parameter (2:DATE) <- [2000-10-19]
2026-09-25T00:46:18.339+05:30 TRACE 1303 --- [student-management-system] [http-nio-8080-exec-7] org.hibernate.orm.jdbc.bind              : binding parameter (3:VARCHAR) <- [k2000shah@gmail.com]
2026-09-25T00:46:18.339+05:30 TRACE 1303 --- [student-management-system] [http-nio-8080-exec-7] org.hibernate.orm.jdbc.bind              : binding parameter (4:VARCHAR) <- [Kavita]
2026-09-25T00:46:18.339+05:30 TRACE 1303 --- [student-management-system] [http-nio-8080-exec-7] org.hibernate.orm.jdbc.bind              : binding parameter (5:VARCHAR) <- [Chopra]
2026-09-25T00:46:18.339+05:30 TRACE 1303 --- [student-management-system] [http-nio-8080-exec-7] org.hibernate.orm.jdbc.bind              : binding parameter (6:VARCHAR) <- [9329415809]
2026-09-25T00:46:18.339+05:30 TRACE 1303 --- [student-management-system] [http-nio-8080-exec-7] org.hibernate.orm.jdbc.bind              : binding parameter (7:TIMESTAMP) <- [2026-09-25T00:46:18.326753]
2026-09-25T00:46:18.340+05:30 TRACE 1303 --- [student-management-system] [http-nio-8080-exec-7] org.hibernate.orm.jdbc.bind              : binding parameter (8:BIGINT) <- [4]
2026-09-25T00:46:18.378+05:30 DEBUG 1303 --- [student-management-system] [http-nio-8080-exec-5] org.hibernate.SQL                        : 
    select
        u1_0.id,
        u1_0.created_at,
        u1_0.password,
        u1_0.role,
        u1_0.updated_at,
        u1_0.username 
    from
        users u1_0 
    where
        u1_0.username=?
2026-09-25T00:46:18.379+05:30 TRACE 1303 --- [student-management-system] [http-nio-8080-exec-5] org.hibernate.orm.jdbc.bind              : binding parameter (1:VARCHAR) <- [admin]
2026-09-25T00:46:18.389+05:30 DEBUG 1303 --- [student-management-system] [http-nio-8080-exec-5] org.hibernate.SQL                        : 
    select
        s1_0.id,
        s1_0.address,
        s1_0.created_at,
        s1_0.date_of_birth,
        s1_0.email,
        s1_0.first_name,
        s1_0.last_name,
        s1_0.phone,
        s1_0.updated_at 
    from
        students s1_0 
    order by
        s1_0.id 
    limit
        ?, ?
2026-09-25T00:46:18.389+05:30 TRACE 1303 --- [student-management-system] [http-nio-8080-exec-5] org.hibernate.orm.jdbc.bind              : binding parameter (1:INTEGER) <- [0]
2026-09-25T00:46:18.389+05:30 TRACE 1303 --- [student-management-system] [http-nio-8080-exec-5] org.hibernate.orm.jdbc.bind              : binding parameter (2:INTEGER) <- [10]
2026-09-25T00:46:21.260+05:30 DEBUG 1303 --- [student-management-system] [http-nio-8080-exec-6] org.hibernate.SQL                        : 
    select
        u1_0.id,
        u1_0.created_at,
        u1_0.password,
        u1_0.role,
        u1_0.updated_at,
        u1_0.username 
    from
        users u1_0 
    where
        u1_0.username=?
2026-09-25T00:46:21.261+05:30 TRACE 1303 --- [student-management-system] [http-nio-8080-exec-6] org.hibernate.orm.jdbc.bind              : binding parameter (1:VARCHAR) <- [admin]
2026-09-25T00:46:21.280+05:30 DEBUG 1303 --- [student-management-system] [http-nio-8080-exec-6] org.hibernate.SQL                        : 
    select
        c1_0.id,
        c1_0.course_code,
        c1_0.course_name,
        c1_0.created_at,
        c1_0.description,
        c1_0.duration,
        c1_0.fees,
        c1_0.updated_at 
    from
        courses c1_0 
    order by
        c1_0.id 
    limit
        ?, ?
2026-09-25T00:46:21.280+05:30 TRACE 1303 --- [student-management-system] [http-nio-8080-exec-6] org.hibernate.orm.jdbc.bind              : binding parameter (1:INTEGER) <- [0]
2026-09-25T00:46:21.280+05:30 TRACE 1303 --- [student-management-system] [http-nio-8080-exec-6] org.hibernate.orm.jdbc.bind              : binding parameter (2:INTEGER) <- [10]
2026-09-25T00:46:21.289+05:30 DEBUG 1303 --- [student-management-system] [http-nio-8080-exec-2] org.hibernate.SQL                        : 
    select
        u1_0.id,
        u1_0.created_at,
        u1_0.password,
        u1_0.role,
        u1_0.updated_at,
        u1_0.username 
    from
        users u1_0 
    where
        u1_0.username=?
2026-09-25T00:46:21.290+05:30 TRACE 1303 --- [student-management-system] [http-nio-8080-exec-2] org.hibernate.orm.jdbc.bind              : binding parameter (1:VARCHAR) <- [admin]
2026-09-25T00:46:21.297+05:30 DEBUG 1303 --- [student-management-system] [http-nio-8080-exec-2] org.hibernate.SQL                        : 
    select
        c1_0.id,
        c1_0.course_code,
        c1_0.course_name,
        c1_0.created_at,
        c1_0.description,
        c1_0.duration,
        c1_0.fees,
        c1_0.updated_at 
    from
        courses c1_0 
    order by
        c1_0.id 
    limit
        ?, ?
2026-09-25T00:46:21.297+05:30 TRACE 1303 --- [student-management-system] [http-nio-8080-exec-2] org.hibernate.orm.jdbc.bind              : binding parameter (1:INTEGER) <- [0]
2026-09-25T00:46:21.298+05:30 TRACE 1303 --- [student-management-system] [http-nio-8080-exec-2] org.hibernate.orm.jdbc.bind              : binding parameter (2:INTEGER) <- [10]
2026-09-25T00:46:22.597+05:30 DEBUG 1303 --- [student-management-system] [http-nio-8080-exec-6] org.hibernate.SQL                        : 
    select
        u1_0.id,
        u1_0.created_at,
        u1_0.password,
        u1_0.role,
        u1_0.updated_at,
        u1_0.username 
    from
        users u1_0 
    where
        u1_0.username=?
2026-09-25T00:46:22.597+05:30 DEBUG 1303 --- [student-management-system] [http-nio-8080-exec-8] org.hibernate.SQL                        : 
    select
        u1_0.id,
        u1_0.created_at,
        u1_0.password,
        u1_0.role,
        u1_0.updated_at,
        u1_0.username 
    from
        users u1_0 
    where
        u1_0.username=?
2026-09-25T00:46:22.597+05:30 DEBUG 1303 --- [student-management-system] [http-nio-8080-exec-10] org.hibernate.SQL                        : 
    select
        u1_0.id,
        u1_0.created_at,
        u1_0.password,
        u1_0.role,
        u1_0.updated_at,
        u1_0.username 
    from
        users u1_0 
    where
        u1_0.username=?
2026-09-25T00:46:22.598+05:30 TRACE 1303 --- [student-management-system] [http-nio-8080-exec-6] org.hibernate.orm.jdbc.bind              : binding parameter (1:VARCHAR) <- [admin]
2026-09-25T00:46:22.598+05:30 TRACE 1303 --- [student-management-system] [http-nio-8080-exec-10] org.hibernate.orm.jdbc.bind              : binding parameter (1:VARCHAR) <- [admin]
2026-09-25T00:46:22.598+05:30 TRACE 1303 --- [student-management-system] [http-nio-8080-exec-8] org.hibernate.orm.jdbc.bind              : binding parameter (1:VARCHAR) <- [admin]
2026-09-25T00:46:22.611+05:30 DEBUG 1303 --- [student-management-system] [http-nio-8080-exec-8] org.hibernate.SQL                        : 
    select
        s1_0.id,
        s1_0.address,
        s1_0.created_at,
        s1_0.date_of_birth,
        s1_0.email,
        s1_0.first_name,
        s1_0.last_name,
        s1_0.phone,
        s1_0.updated_at 
    from
        students s1_0 
    order by
        s1_0.id 
    limit
        ?, ?
2026-09-25T00:46:22.611+05:30 DEBUG 1303 --- [student-management-system] [http-nio-8080-exec-10] org.hibernate.SQL                        : 
    select
        c1_0.id,
        c1_0.course_code,
        c1_0.course_name,
        c1_0.created_at,
        c1_0.description,
        c1_0.duration,
        c1_0.fees,
        c1_0.updated_at 
    from
        courses c1_0 
    order by
        c1_0.id 
    limit
        ?, ?
2026-09-25T00:46:22.612+05:30 TRACE 1303 --- [student-management-system] [http-nio-8080-exec-8] org.hibernate.orm.jdbc.bind              : binding parameter (1:INTEGER) <- [0]
2026-09-25T00:46:22.612+05:30 TRACE 1303 --- [student-management-system] [http-nio-8080-exec-10] org.hibernate.orm.jdbc.bind              : binding parameter (1:INTEGER) <- [0]
2026-09-25T00:46:22.612+05:30 TRACE 1303 --- [student-management-system] [http-nio-8080-exec-8] org.hibernate.orm.jdbc.bind              : binding parameter (2:INTEGER) <- [100]
2026-09-25T00:46:22.612+05:30 DEBUG 1303 --- [student-management-system] [http-nio-8080-exec-6] org.hibernate.SQL                        : 
    select
        e1_0.id,
        e1_0.course_id,
        c1_0.id,
        c1_0.course_code,
        c1_0.course_name,
        c1_0.created_at,
        c1_0.description,
        c1_0.duration,
        c1_0.fees,
        c1_0.updated_at,
        e1_0.created_at,
        e1_0.enrollment_date,
        e1_0.status,
        e1_0.student_id,
        s1_0.id,
        s1_0.address,
        s1_0.created_at,
        s1_0.date_of_birth,
        s1_0.email,
        s1_0.first_name,
        s1_0.last_name,
        s1_0.phone,
        s1_0.updated_at,
        e1_0.updated_at 
    from
        enrollments e1_0 
    join
        courses c1_0 
            on c1_0.id=e1_0.course_id 
    join
        students s1_0 
            on s1_0.id=e1_0.student_id 
    limit
        ?, ?
2026-09-25T00:46:22.612+05:30 TRACE 1303 --- [student-management-system] [http-nio-8080-exec-10] org.hibernate.orm.jdbc.bind              : binding parameter (2:INTEGER) <- [100]
2026-09-25T00:46:22.612+05:30 TRACE 1303 --- [student-management-system] [http-nio-8080-exec-6] org.hibernate.orm.jdbc.bind              : binding parameter (1:INTEGER) <- [0]
2026-09-25T00:46:22.612+05:30 TRACE 1303 --- [student-management-system] [http-nio-8080-exec-6] org.hibernate.orm.jdbc.bind              : binding parameter (2:INTEGER) <- [10]
2026-09-25T00:46:22.623+05:30 DEBUG 1303 --- [student-management-system] [http-nio-8080-exec-8] org.hibernate.SQL                        : 
    select
        u1_0.id,
        u1_0.created_at,
        u1_0.password,
        u1_0.role,
        u1_0.updated_at,
        u1_0.username 
    from
        users u1_0 
    where
        u1_0.username=?
2026-09-25T00:46:22.625+05:30 TRACE 1303 --- [student-management-system] [http-nio-8080-exec-8] org.hibernate.orm.jdbc.bind              : binding parameter (1:VARCHAR) <- [admin]
2026-09-25T00:46:22.623+05:30 DEBUG 1303 --- [student-management-system] [http-nio-8080-exec-3] org.hibernate.SQL                        : 
    select
        u1_0.id,
        u1_0.created_at,
        u1_0.password,
        u1_0.role,
        u1_0.updated_at,
        u1_0.username 
    from
        users u1_0 
    where
        u1_0.username=?
2026-09-25T00:46:22.625+05:30 TRACE 1303 --- [student-management-system] [http-nio-8080-exec-3] org.hibernate.orm.jdbc.bind              : binding parameter (1:VARCHAR) <- [admin]
2026-09-25T00:46:22.627+05:30 DEBUG 1303 --- [student-management-system] [http-nio-8080-exec-6] org.hibernate.SQL                        : 
    select
        u1_0.id,
        u1_0.created_at,
        u1_0.password,
        u1_0.role,
        u1_0.updated_at,
        u1_0.username 
    from
        users u1_0 
    where
        u1_0.username=?
2026-09-25T00:46:22.627+05:30 TRACE 1303 --- [student-management-system] [http-nio-8080-exec-6] org.hibernate.orm.jdbc.bind              : binding parameter (1:VARCHAR) <- [admin]
2026-09-25T00:46:22.630+05:30 DEBUG 1303 --- [student-management-system] [http-nio-8080-exec-3] org.hibernate.SQL                        : 
    select
        s1_0.id,
        s1_0.address,
        s1_0.created_at,
        s1_0.date_of_birth,
        s1_0.email,
        s1_0.first_name,
        s1_0.last_name,
        s1_0.phone,
        s1_0.updated_at 
    from
        students s1_0 
    order by
        s1_0.id 
    limit
        ?, ?
2026-09-25T00:46:22.630+05:30 DEBUG 1303 --- [student-management-system] [http-nio-8080-exec-8] org.hibernate.SQL                        : 
    select
        c1_0.id,
        c1_0.course_code,
        c1_0.course_name,
        c1_0.created_at,
        c1_0.description,
        c1_0.duration,
        c1_0.fees,
        c1_0.updated_at 
    from
        courses c1_0 
    order by
        c1_0.id 
    limit
        ?, ?
2026-09-25T00:46:22.630+05:30 TRACE 1303 --- [student-management-system] [http-nio-8080-exec-3] org.hibernate.orm.jdbc.bind              : binding parameter (1:INTEGER) <- [0]
2026-09-25T00:46:22.630+05:30 TRACE 1303 --- [student-management-system] [http-nio-8080-exec-3] org.hibernate.orm.jdbc.bind              : binding parameter (2:INTEGER) <- [100]
2026-09-25T00:46:22.630+05:30 TRACE 1303 --- [student-management-system] [http-nio-8080-exec-8] org.hibernate.orm.jdbc.bind              : binding parameter (1:INTEGER) <- [0]
2026-09-25T00:46:22.630+05:30 TRACE 1303 --- [student-management-system] [http-nio-8080-exec-8] org.hibernate.orm.jdbc.bind              : binding parameter (2:INTEGER) <- [100]
2026-09-25T00:46:22.635+05:30 DEBUG 1303 --- [student-management-system] [http-nio-8080-exec-6] org.hibernate.SQL                        : 
    select
        e1_0.id,
        e1_0.course_id,
        c1_0.id,
        c1_0.course_code,
        c1_0.course_name,
        c1_0.created_at,
        c1_0.description,
        c1_0.duration,
        c1_0.fees,
        c1_0.updated_at,
        e1_0.created_at,
        e1_0.enrollment_date,
        e1_0.status,
        e1_0.student_id,
        s1_0.id,
        s1_0.address,
        s1_0.created_at,
        s1_0.date_of_birth,
        s1_0.email,
        s1_0.first_name,
        s1_0.last_name,
        s1_0.phone,
        s1_0.updated_at,
        e1_0.updated_at 
    from
        enrollments e1_0 
    join
        courses c1_0 
            on c1_0.id=e1_0.course_id 
    join
        students s1_0 
            on s1_0.id=e1_0.student_id 
    limit
        ?, ?
2026-09-25T00:46:22.636+05:30 TRACE 1303 --- [student-management-system] [http-nio-8080-exec-6] org.hibernate.orm.jdbc.bind              : binding parameter (1:INTEGER) <- [0]
2026-09-25T00:46:22.636+05:30 TRACE 1303 --- [student-management-system] [http-nio-8080-exec-6] org.hibernate.orm.jdbc.bind              : binding parameter (2:INTEGER) <- [10]
2026-09-25T00:46:23.789+05:30 DEBUG 1303 --- [student-management-system] [http-nio-8080-exec-4] org.hibernate.SQL                        : 
    select
        u1_0.id,
        u1_0.created_at,
        u1_0.password,
        u1_0.role,
        u1_0.updated_at,
        u1_0.username 
    from
        users u1_0 
    where
        u1_0.username=?
2026-09-25T00:46:23.790+05:30 TRACE 1303 --- [student-management-system] [http-nio-8080-exec-4] org.hibernate.orm.jdbc.bind              : binding parameter (1:VARCHAR) <- [admin]
2026-09-25T00:46:23.798+05:30 DEBUG 1303 --- [student-management-system] [http-nio-8080-exec-4] org.hibernate.SQL                        : 
    select
        c1_0.id,
        c1_0.course_code,
        c1_0.course_name,
        c1_0.created_at,
        c1_0.description,
        c1_0.duration,
        c1_0.fees,
        c1_0.updated_at 
    from
        courses c1_0 
    order by
        c1_0.id 
    limit
        ?, ?
2026-09-25T00:46:23.799+05:30 TRACE 1303 --- [student-management-system] [http-nio-8080-exec-4] org.hibernate.orm.jdbc.bind              : binding parameter (1:INTEGER) <- [0]
2026-09-25T00:46:23.799+05:30 TRACE 1303 --- [student-management-system] [http-nio-8080-exec-4] org.hibernate.orm.jdbc.bind              : binding parameter (2:INTEGER) <- [10]
2026-09-25T00:46:23.807+05:30 DEBUG 1303 --- [student-management-system] [http-nio-8080-exec-5] org.hibernate.SQL                        : 
    select
        u1_0.id,
        u1_0.created_at,
        u1_0.password,
        u1_0.role,
        u1_0.updated_at,
        u1_0.username 
    from
        users u1_0 
    where
        u1_0.username=?
2026-09-25T00:46:23.808+05:30 TRACE 1303 --- [student-management-system] [http-nio-8080-exec-5] org.hibernate.orm.jdbc.bind              : binding parameter (1:VARCHAR) <- [admin]
2026-09-25T00:46:23.815+05:30 DEBUG 1303 --- [student-management-system] [http-nio-8080-exec-5] org.hibernate.SQL                        : 
    select
        c1_0.id,
        c1_0.course_code,
        c1_0.course_name,
        c1_0.created_at,
        c1_0.description,
        c1_0.duration,
        c1_0.fees,
        c1_0.updated_at 
    from
        courses c1_0 
    order by
        c1_0.id 
    limit
        ?, ?
2026-09-25T00:46:23.815+05:30 TRACE 1303 --- [student-management-system] [http-nio-8080-exec-5] org.hibernate.orm.jdbc.bind              : binding parameter (1:INTEGER) <- [0]
2026-09-25T00:46:23.816+05:30 TRACE 1303 --- [student-management-system] [http-nio-8080-exec-5] org.hibernate.orm.jdbc.bind              : binding parameter (2:INTEGER) <- [10]
2026-09-25T00:47:18.706+05:30 DEBUG 1303 --- [student-management-system] [http-nio-8080-exec-9] org.hibernate.SQL                        : 
    select
        u1_0.id,
        u1_0.created_at,
        u1_0.password,
        u1_0.role,
        u1_0.updated_at,
        u1_0.username 
    from
        users u1_0 
    where
        u1_0.username=?
2026-09-25T00:47:18.710+05:30 TRACE 1303 --- [student-management-system] [http-nio-8080-exec-9] org.hibernate.orm.jdbc.bind              : binding parameter (1:VARCHAR) <- [admin]
2026-09-25T00:47:18.760+05:30 DEBUG 1303 --- [student-management-system] [http-nio-8080-exec-9] org.hibernate.SQL                        : 
    select
        c1_0.id 
    from
        courses c1_0 
    where
        c1_0.course_code=? 
    limit
        ?
2026-09-25T00:47:18.762+05:30 TRACE 1303 --- [student-management-system] [http-nio-8080-exec-9] org.hibernate.orm.jdbc.bind              : binding parameter (1:VARCHAR) <- [PFS001]
2026-09-25T00:47:18.762+05:30 TRACE 1303 --- [student-management-system] [http-nio-8080-exec-9] org.hibernate.orm.jdbc.bind              : binding parameter (2:INTEGER) <- [1]
2026-09-25T00:47:18.781+05:30 DEBUG 1303 --- [student-management-system] [http-nio-8080-exec-9] org.hibernate.SQL                        : 
    insert 
    into
        courses
        (course_code, course_name, created_at, description, duration, fees, updated_at) 
    values
        (?, ?, ?, ?, ?, ?, ?)
2026-09-25T00:47:18.782+05:30 TRACE 1303 --- [student-management-system] [http-nio-8080-exec-9] org.hibernate.orm.jdbc.bind              : binding parameter (1:VARCHAR) <- [PFS001]
2026-09-25T00:47:18.782+05:30 TRACE 1303 --- [student-management-system] [http-nio-8080-exec-9] org.hibernate.orm.jdbc.bind              : binding parameter (2:VARCHAR) <- [Python Full Stack Development]
2026-09-25T00:47:18.782+05:30 TRACE 1303 --- [student-management-system] [http-nio-8080-exec-9] org.hibernate.orm.jdbc.bind              : binding parameter (3:TIMESTAMP) <- [2026-09-25T00:47:18.769770]
2026-09-25T00:47:18.782+05:30 TRACE 1303 --- [student-management-system] [http-nio-8080-exec-9] org.hibernate.orm.jdbc.bind              : binding parameter (4:VARCHAR) <- [Python Full Stack Development with MongoDB]
2026-09-25T00:47:18.782+05:30 TRACE 1303 --- [student-management-system] [http-nio-8080-exec-9] org.hibernate.orm.jdbc.bind              : binding parameter (5:VARCHAR) <- [6 Months]
2026-09-25T00:47:18.782+05:30 TRACE 1303 --- [student-management-system] [http-nio-8080-exec-9] org.hibernate.orm.jdbc.bind              : binding parameter (6:NUMERIC) <- [30000]
2026-09-25T00:47:18.782+05:30 TRACE 1303 --- [student-management-system] [http-nio-8080-exec-9] org.hibernate.orm.jdbc.bind              : binding parameter (7:TIMESTAMP) <- [2026-09-25T00:47:18.769770]
2026-09-25T00:47:18.807+05:30 DEBUG 1303 --- [student-management-system] [http-nio-8080-exec-10] org.hibernate.SQL                        : 
    select
        u1_0.id,
        u1_0.created_at,
        u1_0.password,
        u1_0.role,
        u1_0.updated_at,
        u1_0.username 
    from
        users u1_0 
    where
        u1_0.username=?
2026-09-25T00:47:18.807+05:30 TRACE 1303 --- [student-management-system] [http-nio-8080-exec-10] org.hibernate.orm.jdbc.bind              : binding parameter (1:VARCHAR) <- [admin]
2026-09-25T00:47:18.812+05:30 DEBUG 1303 --- [student-management-system] [http-nio-8080-exec-10] org.hibernate.SQL                        : 
    select
        c1_0.id,
        c1_0.course_code,
        c1_0.course_name,
        c1_0.created_at,
        c1_0.description,
        c1_0.duration,
        c1_0.fees,
        c1_0.updated_at 
    from
        courses c1_0 
    order by
        c1_0.id 
    limit
        ?, ?
2026-09-25T00:47:18.812+05:30 TRACE 1303 --- [student-management-system] [http-nio-8080-exec-10] org.hibernate.orm.jdbc.bind              : binding parameter (1:INTEGER) <- [0]
2026-09-25T00:47:18.812+05:30 TRACE 1303 --- [student-management-system] [http-nio-8080-exec-10] org.hibernate.orm.jdbc.bind              : binding parameter (2:INTEGER) <- [10]
2026-09-25T00:47:23.170+05:30 DEBUG 1303 --- [student-management-system] [http-nio-8080-exec-5] org.hibernate.SQL                        : 
    select
        u1_0.id,
        u1_0.created_at,
        u1_0.password,
        u1_0.role,
        u1_0.updated_at,
        u1_0.username 
    from
        users u1_0 
    where
        u1_0.username=?
2026-09-25T00:47:23.174+05:30 TRACE 1303 --- [student-management-system] [http-nio-8080-exec-5] org.hibernate.orm.jdbc.bind              : binding parameter (1:VARCHAR) <- [admin]
2026-09-25T00:47:23.194+05:30 DEBUG 1303 --- [student-management-system] [http-nio-8080-exec-5] org.hibernate.SQL                        : 
    select
        c1_0.id,
        c1_0.course_code,
        c1_0.course_name,
        c1_0.created_at,
        c1_0.description,
        c1_0.duration,
        c1_0.fees,
        c1_0.updated_at 
    from
        courses c1_0 
    where
        c1_0.id=?
2026-09-25T00:47:23.195+05:30 TRACE 1303 --- [student-management-system] [http-nio-8080-exec-5] org.hibernate.orm.jdbc.bind              : binding parameter (1:BIGINT) <- [1]
2026-09-25T00:47:28.475+05:30 DEBUG 1303 --- [student-management-system] [http-nio-8080-exec-2] org.hibernate.SQL                        : 
    select
        u1_0.id,
        u1_0.created_at,
        u1_0.password,
        u1_0.role,
        u1_0.updated_at,
        u1_0.username 
    from
        users u1_0 
    where
        u1_0.username=?
2026-09-25T00:47:28.476+05:30 TRACE 1303 --- [student-management-system] [http-nio-8080-exec-2] org.hibernate.orm.jdbc.bind              : binding parameter (1:VARCHAR) <- [admin]
2026-09-25T00:47:28.487+05:30 DEBUG 1303 --- [student-management-system] [http-nio-8080-exec-2] org.hibernate.SQL                        : 
    select
        c1_0.id,
        c1_0.course_code,
        c1_0.course_name,
        c1_0.created_at,
        c1_0.description,
        c1_0.duration,
        c1_0.fees,
        c1_0.updated_at 
    from
        courses c1_0 
    where
        c1_0.id=?
2026-09-25T00:47:28.489+05:30 TRACE 1303 --- [student-management-system] [http-nio-8080-exec-2] org.hibernate.orm.jdbc.bind              : binding parameter (1:BIGINT) <- [1]
2026-09-25T00:47:28.497+05:30 DEBUG 1303 --- [student-management-system] [http-nio-8080-exec-2] org.hibernate.SQL                        : 
    select
        c1_0.id 
    from
        courses c1_0 
    where
        c1_0.course_code=? 
        and c1_0.id<>? 
    limit
        ?
2026-09-25T00:47:28.497+05:30 TRACE 1303 --- [student-management-system] [http-nio-8080-exec-2] org.hibernate.orm.jdbc.bind              : binding parameter (1:VARCHAR) <- [JFS001]
2026-09-25T00:47:28.497+05:30 TRACE 1303 --- [student-management-system] [http-nio-8080-exec-2] org.hibernate.orm.jdbc.bind              : binding parameter (2:BIGINT) <- [1]
2026-09-25T00:47:28.497+05:30 TRACE 1303 --- [student-management-system] [http-nio-8080-exec-2] org.hibernate.orm.jdbc.bind              : binding parameter (3:INTEGER) <- [1]
2026-09-25T00:47:28.499+05:30 DEBUG 1303 --- [student-management-system] [http-nio-8080-exec-2] org.hibernate.SQL                        : 
    update
        courses 
    set
        course_code=?,
        course_name=?,
        description=?,
        duration=?,
        fees=?,
        updated_at=? 
    where
        id=?
2026-09-25T00:47:28.499+05:30 TRACE 1303 --- [student-management-system] [http-nio-8080-exec-2] org.hibernate.orm.jdbc.bind              : binding parameter (1:VARCHAR) <- [JFS001]
2026-09-25T00:47:28.499+05:30 TRACE 1303 --- [student-management-system] [http-nio-8080-exec-2] org.hibernate.orm.jdbc.bind              : binding parameter (2:VARCHAR) <- [Java Full Stack]
2026-09-25T00:47:28.499+05:30 TRACE 1303 --- [student-management-system] [http-nio-8080-exec-2] org.hibernate.orm.jdbc.bind              : binding parameter (3:VARCHAR) <- [Java and Spring Boot Full Stack with AWS]
2026-09-25T00:47:28.499+05:30 TRACE 1303 --- [student-management-system] [http-nio-8080-exec-2] org.hibernate.orm.jdbc.bind              : binding parameter (4:VARCHAR) <- [6 Months]
2026-09-25T00:47:28.499+05:30 TRACE 1303 --- [student-management-system] [http-nio-8080-exec-2] org.hibernate.orm.jdbc.bind              : binding parameter (5:NUMERIC) <- [30000]
2026-09-25T00:47:28.500+05:30 TRACE 1303 --- [student-management-system] [http-nio-8080-exec-2] org.hibernate.orm.jdbc.bind              : binding parameter (6:TIMESTAMP) <- [2026-09-25T00:47:28.499155]
2026-09-25T00:47:28.500+05:30 TRACE 1303 --- [student-management-system] [http-nio-8080-exec-2] org.hibernate.orm.jdbc.bind              : binding parameter (7:BIGINT) <- [1]
2026-09-25T00:47:28.511+05:30 DEBUG 1303 --- [student-management-system] [http-nio-8080-exec-1] org.hibernate.SQL                        : 
    select
        u1_0.id,
        u1_0.created_at,
        u1_0.password,
        u1_0.role,
        u1_0.updated_at,
        u1_0.username 
    from
        users u1_0 
    where
        u1_0.username=?
2026-09-25T00:47:28.511+05:30 TRACE 1303 --- [student-management-system] [http-nio-8080-exec-1] org.hibernate.orm.jdbc.bind              : binding parameter (1:VARCHAR) <- [admin]
2026-09-25T00:47:28.518+05:30 DEBUG 1303 --- [student-management-system] [http-nio-8080-exec-1] org.hibernate.SQL                        : 
    select
        c1_0.id,
        c1_0.course_code,
        c1_0.course_name,
        c1_0.created_at,
        c1_0.description,
        c1_0.duration,
        c1_0.fees,
        c1_0.updated_at 
    from
        courses c1_0 
    order by
        c1_0.id 
    limit
        ?, ?
2026-09-25T00:47:28.518+05:30 TRACE 1303 --- [student-management-system] [http-nio-8080-exec-1] org.hibernate.orm.jdbc.bind              : binding parameter (1:INTEGER) <- [0]
2026-09-25T00:47:28.518+05:30 TRACE 1303 --- [student-management-system] [http-nio-8080-exec-1] org.hibernate.orm.jdbc.bind              : binding parameter (2:INTEGER) <- [10]
2026-09-25T00:47:29.849+05:30 DEBUG 1303 --- [student-management-system] [http-nio-8080-exec-10] org.hibernate.SQL                        : 
    select
        u1_0.id,
        u1_0.created_at,
        u1_0.password,
        u1_0.role,
        u1_0.updated_at,
        u1_0.username 
    from
        users u1_0 
    where
        u1_0.username=?
2026-09-25T00:47:29.850+05:30 DEBUG 1303 --- [student-management-system] [http-nio-8080-exec-9] org.hibernate.SQL                        : 
    select
        u1_0.id,
        u1_0.created_at,
        u1_0.password,
        u1_0.role,
        u1_0.updated_at,
        u1_0.username 
    from
        users u1_0 
    where
        u1_0.username=?
2026-09-25T00:47:29.850+05:30 TRACE 1303 --- [student-management-system] [http-nio-8080-exec-9] org.hibernate.orm.jdbc.bind              : binding parameter (1:VARCHAR) <- [admin]
2026-09-25T00:47:29.850+05:30 TRACE 1303 --- [student-management-system] [http-nio-8080-exec-10] org.hibernate.orm.jdbc.bind              : binding parameter (1:VARCHAR) <- [admin]
2026-09-25T00:47:29.858+05:30 DEBUG 1303 --- [student-management-system] [http-nio-8080-exec-2] org.hibernate.SQL                        : 
    select
        u1_0.id,
        u1_0.created_at,
        u1_0.password,
        u1_0.role,
        u1_0.updated_at,
        u1_0.username 
    from
        users u1_0 
    where
        u1_0.username=?
2026-09-25T00:47:29.859+05:30 TRACE 1303 --- [student-management-system] [http-nio-8080-exec-2] org.hibernate.orm.jdbc.bind              : binding parameter (1:VARCHAR) <- [admin]
2026-09-25T00:47:29.860+05:30 DEBUG 1303 --- [student-management-system] [http-nio-8080-exec-9] org.hibernate.SQL                        : 
    select
        s1_0.id,
        s1_0.address,
        s1_0.created_at,
        s1_0.date_of_birth,
        s1_0.email,
        s1_0.first_name,
        s1_0.last_name,
        s1_0.phone,
        s1_0.updated_at 
    from
        students s1_0 
    order by
        s1_0.id 
    limit
        ?, ?
2026-09-25T00:47:29.861+05:30 DEBUG 1303 --- [student-management-system] [http-nio-8080-exec-10] org.hibernate.SQL                        : 
    select
        e1_0.id,
        e1_0.course_id,
        c1_0.id,
        c1_0.course_code,
        c1_0.course_name,
        c1_0.created_at,
        c1_0.description,
        c1_0.duration,
        c1_0.fees,
        c1_0.updated_at,
        e1_0.created_at,
        e1_0.enrollment_date,
        e1_0.status,
        e1_0.student_id,
        s1_0.id,
        s1_0.address,
        s1_0.created_at,
        s1_0.date_of_birth,
        s1_0.email,
        s1_0.first_name,
        s1_0.last_name,
        s1_0.phone,
        s1_0.updated_at,
        e1_0.updated_at 
    from
        enrollments e1_0 
    join
        courses c1_0 
            on c1_0.id=e1_0.course_id 
    join
        students s1_0 
            on s1_0.id=e1_0.student_id 
    limit
        ?, ?
2026-09-25T00:47:29.862+05:30 TRACE 1303 --- [student-management-system] [http-nio-8080-exec-10] org.hibernate.orm.jdbc.bind              : binding parameter (1:INTEGER) <- [0]
2026-09-25T00:47:29.862+05:30 TRACE 1303 --- [student-management-system] [http-nio-8080-exec-10] org.hibernate.orm.jdbc.bind              : binding parameter (2:INTEGER) <- [10]
2026-09-25T00:47:29.862+05:30 TRACE 1303 --- [student-management-system] [http-nio-8080-exec-9] org.hibernate.orm.jdbc.bind              : binding parameter (1:INTEGER) <- [0]
2026-09-25T00:47:29.862+05:30 TRACE 1303 --- [student-management-system] [http-nio-8080-exec-9] org.hibernate.orm.jdbc.bind              : binding parameter (2:INTEGER) <- [100]
2026-09-25T00:47:29.871+05:30 DEBUG 1303 --- [student-management-system] [http-nio-8080-exec-2] org.hibernate.SQL                        : 
    select
        c1_0.id,
        c1_0.course_code,
        c1_0.course_name,
        c1_0.created_at,
        c1_0.description,
        c1_0.duration,
        c1_0.fees,
        c1_0.updated_at 
    from
        courses c1_0 
    order by
        c1_0.id 
    limit
        ?, ?
2026-09-25T00:47:29.872+05:30 TRACE 1303 --- [student-management-system] [http-nio-8080-exec-2] org.hibernate.orm.jdbc.bind              : binding parameter (1:INTEGER) <- [0]
2026-09-25T00:47:29.872+05:30 TRACE 1303 --- [student-management-system] [http-nio-8080-exec-2] org.hibernate.orm.jdbc.bind              : binding parameter (2:INTEGER) <- [100]
2026-09-25T00:47:29.883+05:30 DEBUG 1303 --- [student-management-system] [http-nio-8080-exec-1] org.hibernate.SQL                        : 
    select
        u1_0.id,
        u1_0.created_at,
        u1_0.password,
        u1_0.role,
        u1_0.updated_at,
        u1_0.username 
    from
        users u1_0 
    where
        u1_0.username=?
2026-09-25T00:47:29.883+05:30 TRACE 1303 --- [student-management-system] [http-nio-8080-exec-1] org.hibernate.orm.jdbc.bind              : binding parameter (1:VARCHAR) <- [admin]
2026-09-25T00:47:29.883+05:30 DEBUG 1303 --- [student-management-system] [http-nio-8080-exec-6] org.hibernate.SQL                        : 
    select
        u1_0.id,
        u1_0.created_at,
        u1_0.password,
        u1_0.role,
        u1_0.updated_at,
        u1_0.username 
    from
        users u1_0 
    where
        u1_0.username=?
2026-09-25T00:47:29.883+05:30 TRACE 1303 --- [student-management-system] [http-nio-8080-exec-6] org.hibernate.orm.jdbc.bind              : binding parameter (1:VARCHAR) <- [admin]
2026-09-25T00:47:29.891+05:30 DEBUG 1303 --- [student-management-system] [http-nio-8080-exec-3] org.hibernate.SQL                        : 
    select
        u1_0.id,
        u1_0.created_at,
        u1_0.password,
        u1_0.role,
        u1_0.updated_at,
        u1_0.username 
    from
        users u1_0 
    where
        u1_0.username=?
2026-09-25T00:47:29.892+05:30 TRACE 1303 --- [student-management-system] [http-nio-8080-exec-3] org.hibernate.orm.jdbc.bind              : binding parameter (1:VARCHAR) <- [admin]
2026-09-25T00:47:29.896+05:30 DEBUG 1303 --- [student-management-system] [http-nio-8080-exec-6] org.hibernate.SQL                        : 
    select
        e1_0.id,
        e1_0.course_id,
        c1_0.id,
        c1_0.course_code,
        c1_0.course_name,
        c1_0.created_at,
        c1_0.description,
        c1_0.duration,
        c1_0.fees,
        c1_0.updated_at,
        e1_0.created_at,
        e1_0.enrollment_date,
        e1_0.status,
        e1_0.student_id,
        s1_0.id,
        s1_0.address,
        s1_0.created_at,
        s1_0.date_of_birth,
        s1_0.email,
        s1_0.first_name,
        s1_0.last_name,
        s1_0.phone,
        s1_0.updated_at,
        e1_0.updated_at 
    from
        enrollments e1_0 
    join
        courses c1_0 
            on c1_0.id=e1_0.course_id 
    join
        students s1_0 
            on s1_0.id=e1_0.student_id 
    limit
        ?, ?
2026-09-25T00:47:29.897+05:30 DEBUG 1303 --- [student-management-system] [http-nio-8080-exec-1] org.hibernate.SQL                        : 
    select
        s1_0.id,
        s1_0.address,
        s1_0.created_at,
        s1_0.date_of_birth,
        s1_0.email,
        s1_0.first_name,
        s1_0.last_name,
        s1_0.phone,
        s1_0.updated_at 
    from
        students s1_0 
    order by
        s1_0.id 
    limit
        ?, ?
2026-09-25T00:47:29.898+05:30 TRACE 1303 --- [student-management-system] [http-nio-8080-exec-6] org.hibernate.orm.jdbc.bind              : binding parameter (1:INTEGER) <- [0]
2026-09-25T00:47:29.898+05:30 TRACE 1303 --- [student-management-system] [http-nio-8080-exec-6] org.hibernate.orm.jdbc.bind              : binding parameter (2:INTEGER) <- [10]
2026-09-25T00:47:29.899+05:30 TRACE 1303 --- [student-management-system] [http-nio-8080-exec-1] org.hibernate.orm.jdbc.bind              : binding parameter (1:INTEGER) <- [0]
2026-09-25T00:47:29.899+05:30 TRACE 1303 --- [student-management-system] [http-nio-8080-exec-1] org.hibernate.orm.jdbc.bind              : binding parameter (2:INTEGER) <- [100]
2026-09-25T00:47:29.902+05:30 DEBUG 1303 --- [student-management-system] [http-nio-8080-exec-3] org.hibernate.SQL                        : 
    select
        c1_0.id,
        c1_0.course_code,
        c1_0.course_name,
        c1_0.created_at,
        c1_0.description,
        c1_0.duration,
        c1_0.fees,
        c1_0.updated_at 
    from
        courses c1_0 
    order by
        c1_0.id 
    limit
        ?, ?
2026-09-25T00:47:29.902+05:30 TRACE 1303 --- [student-management-system] [http-nio-8080-exec-3] org.hibernate.orm.jdbc.bind              : binding parameter (1:INTEGER) <- [0]
2026-09-25T00:47:29.902+05:30 TRACE 1303 --- [student-management-system] [http-nio-8080-exec-3] org.hibernate.orm.jdbc.bind              : binding parameter (2:INTEGER) <- [100]
2026-09-25T00:47:41.566+05:30 DEBUG 1303 --- [student-management-system] [http-nio-8080-exec-8] org.hibernate.SQL                        : 
    select
        u1_0.id,
        u1_0.created_at,
        u1_0.password,
        u1_0.role,
        u1_0.updated_at,
        u1_0.username 
    from
        users u1_0 
    where
        u1_0.username=?
2026-09-25T00:47:41.567+05:30 TRACE 1303 --- [student-management-system] [http-nio-8080-exec-8] org.hibernate.orm.jdbc.bind              : binding parameter (1:VARCHAR) <- [admin]
2026-09-25T00:47:41.598+05:30 DEBUG 1303 --- [student-management-system] [http-nio-8080-exec-8] org.hibernate.SQL                        : 
    select
        s1_0.id,
        s1_0.address,
        s1_0.created_at,
        s1_0.date_of_birth,
        s1_0.email,
        s1_0.first_name,
        s1_0.last_name,
        s1_0.phone,
        s1_0.updated_at 
    from
        students s1_0 
    where
        s1_0.id=?
2026-09-25T00:47:41.598+05:30 TRACE 1303 --- [student-management-system] [http-nio-8080-exec-8] org.hibernate.orm.jdbc.bind              : binding parameter (1:BIGINT) <- [4]
2026-09-25T00:47:41.600+05:30 DEBUG 1303 --- [student-management-system] [http-nio-8080-exec-8] org.hibernate.SQL                        : 
    select
        c1_0.id,
        c1_0.course_code,
        c1_0.course_name,
        c1_0.created_at,
        c1_0.description,
        c1_0.duration,
        c1_0.fees,
        c1_0.updated_at 
    from
        courses c1_0 
    where
        c1_0.id=?
2026-09-25T00:47:41.600+05:30 TRACE 1303 --- [student-management-system] [http-nio-8080-exec-8] org.hibernate.orm.jdbc.bind              : binding parameter (1:BIGINT) <- [3]
2026-09-25T00:47:41.604+05:30 DEBUG 1303 --- [student-management-system] [http-nio-8080-exec-8] org.hibernate.SQL                        : 
    select
        e1_0.id 
    from
        enrollments e1_0 
    where
        e1_0.student_id=? 
        and e1_0.course_id=? 
    limit
        ?
2026-09-25T00:47:41.604+05:30 TRACE 1303 --- [student-management-system] [http-nio-8080-exec-8] org.hibernate.orm.jdbc.bind              : binding parameter (1:BIGINT) <- [4]
2026-09-25T00:47:41.604+05:30 TRACE 1303 --- [student-management-system] [http-nio-8080-exec-8] org.hibernate.orm.jdbc.bind              : binding parameter (2:BIGINT) <- [3]
2026-09-25T00:47:41.604+05:30 TRACE 1303 --- [student-management-system] [http-nio-8080-exec-8] org.hibernate.orm.jdbc.bind              : binding parameter (3:INTEGER) <- [1]
2026-09-25T00:47:41.608+05:30 DEBUG 1303 --- [student-management-system] [http-nio-8080-exec-8] org.hibernate.SQL                        : 
    insert 
    into
        enrollments
        (course_id, created_at, enrollment_date, status, student_id, updated_at) 
    values
        (?, ?, ?, ?, ?, ?)
2026-09-25T00:47:41.608+05:30 TRACE 1303 --- [student-management-system] [http-nio-8080-exec-8] org.hibernate.orm.jdbc.bind              : binding parameter (1:BIGINT) <- [3]
2026-09-25T00:47:41.608+05:30 TRACE 1303 --- [student-management-system] [http-nio-8080-exec-8] org.hibernate.orm.jdbc.bind              : binding parameter (2:TIMESTAMP) <- [2026-09-25T00:47:41.606512]
2026-09-25T00:47:41.608+05:30 TRACE 1303 --- [student-management-system] [http-nio-8080-exec-8] org.hibernate.orm.jdbc.bind              : binding parameter (3:DATE) <- [2026-09-25]
2026-09-25T00:47:41.608+05:30 TRACE 1303 --- [student-management-system] [http-nio-8080-exec-8] org.hibernate.orm.jdbc.bind              : binding parameter (4:ENUM) <- [ACTIVE]
2026-09-25T00:47:41.608+05:30 TRACE 1303 --- [student-management-system] [http-nio-8080-exec-8] org.hibernate.orm.jdbc.bind              : binding parameter (5:BIGINT) <- [4]
2026-09-25T00:47:41.608+05:30 TRACE 1303 --- [student-management-system] [http-nio-8080-exec-8] org.hibernate.orm.jdbc.bind              : binding parameter (6:TIMESTAMP) <- [2026-09-25T00:47:41.606512]
2026-09-25T00:47:41.624+05:30 DEBUG 1303 --- [student-management-system] [http-nio-8080-exec-7] org.hibernate.SQL                        : 
    select
        u1_0.id,
        u1_0.created_at,
        u1_0.password,
        u1_0.role,
        u1_0.updated_at,
        u1_0.username 
    from
        users u1_0 
    where
        u1_0.username=?
2026-09-25T00:47:41.624+05:30 TRACE 1303 --- [student-management-system] [http-nio-8080-exec-7] org.hibernate.orm.jdbc.bind              : binding parameter (1:VARCHAR) <- [admin]
2026-09-25T00:47:41.630+05:30 DEBUG 1303 --- [student-management-system] [http-nio-8080-exec-7] org.hibernate.SQL                        : 
    select
        e1_0.id,
        e1_0.course_id,
        c1_0.id,
        c1_0.course_code,
        c1_0.course_name,
        c1_0.created_at,
        c1_0.description,
        c1_0.duration,
        c1_0.fees,
        c1_0.updated_at,
        e1_0.created_at,
        e1_0.enrollment_date,
        e1_0.status,
        e1_0.student_id,
        s1_0.id,
        s1_0.address,
        s1_0.created_at,
        s1_0.date_of_birth,
        s1_0.email,
        s1_0.first_name,
        s1_0.last_name,
        s1_0.phone,
        s1_0.updated_at,
        e1_0.updated_at 
    from
        enrollments e1_0 
    join
        courses c1_0 
            on c1_0.id=e1_0.course_id 
    join
        students s1_0 
            on s1_0.id=e1_0.student_id 
    limit
        ?, ?
2026-09-25T00:47:41.630+05:30 TRACE 1303 --- [student-management-system] [http-nio-8080-exec-7] org.hibernate.orm.jdbc.bind              : binding parameter (1:INTEGER) <- [0]
2026-09-25T00:47:41.630+05:30 TRACE 1303 --- [student-management-system] [http-nio-8080-exec-7] org.hibernate.orm.jdbc.bind              : binding parameter (2:INTEGER) <- [10]
2026-09-25T00:49:21.819+05:30 DEBUG 1303 --- [student-management-system] [http-nio-8080-exec-8] org.hibernate.SQL                        : 
    select
        u1_0.id,
        u1_0.created_at,
        u1_0.password,
        u1_0.role,
        u1_0.updated_at,
        u1_0.username 
    from
        users u1_0 
    where
        u1_0.username=?
2026-09-25T00:49:21.820+05:30 TRACE 1303 --- [student-management-system] [http-nio-8080-exec-8] org.hibernate.orm.jdbc.bind              : binding parameter (1:VARCHAR) <- [user]
2026-09-25T00:49:22.181+05:30 DEBUG 1303 --- [student-management-system] [http-nio-8080-exec-6] org.hibernate.SQL                        : 
    select
        u1_0.id,
        u1_0.created_at,
        u1_0.password,
        u1_0.role,
        u1_0.updated_at,
        u1_0.username 
    from
        users u1_0 
    where
        u1_0.username=?
2026-09-25T00:49:22.181+05:30 TRACE 1303 --- [student-management-system] [http-nio-8080-exec-6] org.hibernate.orm.jdbc.bind              : binding parameter (1:VARCHAR) <- [user]
2026-09-25T00:49:22.183+05:30 DEBUG 1303 --- [student-management-system] [http-nio-8080-exec-10] org.hibernate.SQL                        : 
    select
        u1_0.id,
        u1_0.created_at,
        u1_0.password,
        u1_0.role,
        u1_0.updated_at,
        u1_0.username 
    from
        users u1_0 
    where
        u1_0.username=?
2026-09-25T00:49:22.184+05:30 TRACE 1303 --- [student-management-system] [http-nio-8080-exec-10] org.hibernate.orm.jdbc.bind              : binding parameter (1:VARCHAR) <- [user]
2026-09-25T00:49:22.184+05:30 DEBUG 1303 --- [student-management-system] [http-nio-8080-exec-1] org.hibernate.SQL                        : 
    select
        u1_0.id,
        u1_0.created_at,
        u1_0.password,
        u1_0.role,
        u1_0.updated_at,
        u1_0.username 
    from
        users u1_0 
    where
        u1_0.username=?
2026-09-25T00:49:22.184+05:30 TRACE 1303 --- [student-management-system] [http-nio-8080-exec-1] org.hibernate.orm.jdbc.bind              : binding parameter (1:VARCHAR) <- [user]
2026-09-25T00:49:22.198+05:30 DEBUG 1303 --- [student-management-system] [http-nio-8080-exec-10] org.hibernate.SQL                        : 
    select
        c1_0.id,
        c1_0.course_code,
        c1_0.course_name,
        c1_0.created_at,
        c1_0.description,
        c1_0.duration,
        c1_0.fees,
        c1_0.updated_at 
    from
        courses c1_0 
    order by
        c1_0.id 
    limit
        ?, ?
2026-09-25T00:49:22.198+05:30 DEBUG 1303 --- [student-management-system] [http-nio-8080-exec-6] org.hibernate.SQL                        : 
    select
        e1_0.id,
        e1_0.course_id,
        c1_0.id,
        c1_0.course_code,
        c1_0.course_name,
        c1_0.created_at,
        c1_0.description,
        c1_0.duration,
        c1_0.fees,
        c1_0.updated_at,
        e1_0.created_at,
        e1_0.enrollment_date,
        e1_0.status,
        e1_0.student_id,
        s1_0.id,
        s1_0.address,
        s1_0.created_at,
        s1_0.date_of_birth,
        s1_0.email,
        s1_0.first_name,
        s1_0.last_name,
        s1_0.phone,
        s1_0.updated_at,
        e1_0.updated_at 
    from
        enrollments e1_0 
    join
        courses c1_0 
            on c1_0.id=e1_0.course_id 
    join
        students s1_0 
            on s1_0.id=e1_0.student_id 
    limit
        ?, ?
2026-09-25T00:49:22.199+05:30 TRACE 1303 --- [student-management-system] [http-nio-8080-exec-10] org.hibernate.orm.jdbc.bind              : binding parameter (1:INTEGER) <- [0]
2026-09-25T00:49:22.199+05:30 TRACE 1303 --- [student-management-system] [http-nio-8080-exec-6] org.hibernate.orm.jdbc.bind              : binding parameter (1:INTEGER) <- [0]
2026-09-25T00:49:22.199+05:30 TRACE 1303 --- [student-management-system] [http-nio-8080-exec-10] org.hibernate.orm.jdbc.bind              : binding parameter (2:INTEGER) <- [1]
2026-09-25T00:49:22.199+05:30 TRACE 1303 --- [student-management-system] [http-nio-8080-exec-6] org.hibernate.orm.jdbc.bind              : binding parameter (2:INTEGER) <- [100]
2026-09-25T00:49:22.200+05:30 DEBUG 1303 --- [student-management-system] [http-nio-8080-exec-1] org.hibernate.SQL                        : 
    select
        s1_0.id,
        s1_0.address,
        s1_0.created_at,
        s1_0.date_of_birth,
        s1_0.email,
        s1_0.first_name,
        s1_0.last_name,
        s1_0.phone,
        s1_0.updated_at 
    from
        students s1_0 
    order by
        s1_0.id 
    limit
        ?, ?
2026-09-25T00:49:22.200+05:30 TRACE 1303 --- [student-management-system] [http-nio-8080-exec-1] org.hibernate.orm.jdbc.bind              : binding parameter (1:INTEGER) <- [0]
2026-09-25T00:49:22.200+05:30 TRACE 1303 --- [student-management-system] [http-nio-8080-exec-1] org.hibernate.orm.jdbc.bind              : binding parameter (2:INTEGER) <- [1]
2026-09-25T00:49:22.202+05:30 DEBUG 1303 --- [student-management-system] [http-nio-8080-exec-1] org.hibernate.SQL                        : 
    select
        count(s1_0.id) 
    from
        students s1_0
2026-09-25T00:49:22.202+05:30 DEBUG 1303 --- [student-management-system] [http-nio-8080-exec-10] org.hibernate.SQL                        : 
    select
        count(c1_0.id) 
    from
        courses c1_0
2026-09-25T00:49:22.208+05:30 DEBUG 1303 --- [student-management-system] [http-nio-8080-exec-7] org.hibernate.SQL                        : 
    select
        u1_0.id,
        u1_0.created_at,
        u1_0.password,
        u1_0.role,
        u1_0.updated_at,
        u1_0.username 
    from
        users u1_0 
    where
        u1_0.username=?
2026-09-25T00:49:22.208+05:30 DEBUG 1303 --- [student-management-system] [http-nio-8080-exec-8] org.hibernate.SQL                        : 
    select
        u1_0.id,
        u1_0.created_at,
        u1_0.password,
        u1_0.role,
        u1_0.updated_at,
        u1_0.username 
    from
        users u1_0 
    where
        u1_0.username=?
2026-09-25T00:49:22.208+05:30 DEBUG 1303 --- [student-management-system] [http-nio-8080-exec-9] org.hibernate.SQL                        : 
    select
        u1_0.id,
        u1_0.created_at,
        u1_0.password,
        u1_0.role,
        u1_0.updated_at,
        u1_0.username 
    from
        users u1_0 
    where
        u1_0.username=?
2026-09-25T00:49:22.208+05:30 TRACE 1303 --- [student-management-system] [http-nio-8080-exec-7] org.hibernate.orm.jdbc.bind              : binding parameter (1:VARCHAR) <- [user]
2026-09-25T00:49:22.208+05:30 TRACE 1303 --- [student-management-system] [http-nio-8080-exec-8] org.hibernate.orm.jdbc.bind              : binding parameter (1:VARCHAR) <- [user]
2026-09-25T00:49:22.208+05:30 TRACE 1303 --- [student-management-system] [http-nio-8080-exec-9] org.hibernate.orm.jdbc.bind              : binding parameter (1:VARCHAR) <- [user]
2026-09-25T00:49:22.213+05:30 DEBUG 1303 --- [student-management-system] [http-nio-8080-exec-7] org.hibernate.SQL                        : 
    select
        s1_0.id,
        s1_0.address,
        s1_0.created_at,
        s1_0.date_of_birth,
        s1_0.email,
        s1_0.first_name,
        s1_0.last_name,
        s1_0.phone,
        s1_0.updated_at 
    from
        students s1_0 
    order by
        s1_0.id 
    limit
        ?, ?
2026-09-25T00:49:22.213+05:30 DEBUG 1303 --- [student-management-system] [http-nio-8080-exec-9] org.hibernate.SQL                        : 
    select
        c1_0.id,
        c1_0.course_code,
        c1_0.course_name,
        c1_0.created_at,
        c1_0.description,
        c1_0.duration,
        c1_0.fees,
        c1_0.updated_at 
    from
        courses c1_0 
    order by
        c1_0.id 
    limit
        ?, ?
2026-09-25T00:49:22.213+05:30 DEBUG 1303 --- [student-management-system] [http-nio-8080-exec-8] org.hibernate.SQL                        : 
    select
        e1_0.id,
        e1_0.course_id,
        c1_0.id,
        c1_0.course_code,
        c1_0.course_name,
        c1_0.created_at,
        c1_0.description,
        c1_0.duration,
        c1_0.fees,
        c1_0.updated_at,
        e1_0.created_at,
        e1_0.enrollment_date,
        e1_0.status,
        e1_0.student_id,
        s1_0.id,
        s1_0.address,
        s1_0.created_at,
        s1_0.date_of_birth,
        s1_0.email,
        s1_0.first_name,
        s1_0.last_name,
        s1_0.phone,
        s1_0.updated_at,
        e1_0.updated_at 
    from
        enrollments e1_0 
    join
        courses c1_0 
            on c1_0.id=e1_0.course_id 
    join
        students s1_0 
            on s1_0.id=e1_0.student_id 
    limit
        ?, ?
2026-09-25T00:49:22.213+05:30 TRACE 1303 --- [student-management-system] [http-nio-8080-exec-7] org.hibernate.orm.jdbc.bind              : binding parameter (1:INTEGER) <- [0]
2026-09-25T00:49:22.213+05:30 TRACE 1303 --- [student-management-system] [http-nio-8080-exec-7] org.hibernate.orm.jdbc.bind              : binding parameter (2:INTEGER) <- [1]
2026-09-25T00:49:22.213+05:30 TRACE 1303 --- [student-management-system] [http-nio-8080-exec-9] org.hibernate.orm.jdbc.bind              : binding parameter (1:INTEGER) <- [0]
2026-09-25T00:49:22.213+05:30 TRACE 1303 --- [student-management-system] [http-nio-8080-exec-9] org.hibernate.orm.jdbc.bind              : binding parameter (2:INTEGER) <- [1]
2026-09-25T00:49:22.213+05:30 TRACE 1303 --- [student-management-system] [http-nio-8080-exec-8] org.hibernate.orm.jdbc.bind              : binding parameter (1:INTEGER) <- [0]
2026-09-25T00:49:22.213+05:30 TRACE 1303 --- [student-management-system] [http-nio-8080-exec-8] org.hibernate.orm.jdbc.bind              : binding parameter (2:INTEGER) <- [100]
2026-09-25T00:49:22.215+05:30 DEBUG 1303 --- [student-management-system] [http-nio-8080-exec-7] org.hibernate.SQL                        : 
    select
        count(s1_0.id) 
    from
        students s1_0
2026-09-25T00:49:22.215+05:30 DEBUG 1303 --- [student-management-system] [http-nio-8080-exec-9] org.hibernate.SQL                        : 
    select
        count(c1_0.id) 
    from
        courses c1_0
2026-09-25T00:49:36.399+05:30 DEBUG 1303 --- [student-management-system] [http-nio-8080-exec-3] org.hibernate.SQL                        : 
    select
        u1_0.id,
        u1_0.created_at,
        u1_0.password,
        u1_0.role,
        u1_0.updated_at,
        u1_0.username 
    from
        users u1_0 
    where
        u1_0.username=?
2026-09-25T00:49:36.400+05:30 TRACE 1303 --- [student-management-system] [http-nio-8080-exec-3] org.hibernate.orm.jdbc.bind              : binding parameter (1:VARCHAR) <- [user]
2026-09-25T00:49:36.404+05:30 DEBUG 1303 --- [student-management-system] [http-nio-8080-exec-3] org.hibernate.SQL                        : 
    select
        s1_0.id,
        s1_0.address,
        s1_0.created_at,
        s1_0.date_of_birth,
        s1_0.email,
        s1_0.first_name,
        s1_0.last_name,
        s1_0.phone,
        s1_0.updated_at 
    from
        students s1_0 
    order by
        s1_0.id 
    limit
        ?, ?
2026-09-25T00:49:36.405+05:30 TRACE 1303 --- [student-management-system] [http-nio-8080-exec-3] org.hibernate.orm.jdbc.bind              : binding parameter (1:INTEGER) <- [0]
2026-09-25T00:49:36.405+05:30 TRACE 1303 --- [student-management-system] [http-nio-8080-exec-3] org.hibernate.orm.jdbc.bind              : binding parameter (2:INTEGER) <- [10]
2026-09-25T00:49:36.413+05:30 DEBUG 1303 --- [student-management-system] [http-nio-8080-exec-4] org.hibernate.SQL                        : 
    select
        u1_0.id,
        u1_0.created_at,
        u1_0.password,
        u1_0.role,
        u1_0.updated_at,
        u1_0.username 
    from
        users u1_0 
    where
        u1_0.username=?
2026-09-25T00:49:36.413+05:30 TRACE 1303 --- [student-management-system] [http-nio-8080-exec-4] org.hibernate.orm.jdbc.bind              : binding parameter (1:VARCHAR) <- [user]
2026-09-25T00:49:36.418+05:30 DEBUG 1303 --- [student-management-system] [http-nio-8080-exec-4] org.hibernate.SQL                        : 
    select
        s1_0.id,
        s1_0.address,
        s1_0.created_at,
        s1_0.date_of_birth,
        s1_0.email,
        s1_0.first_name,
        s1_0.last_name,
        s1_0.phone,
        s1_0.updated_at 
    from
        students s1_0 
    order by
        s1_0.id 
    limit
        ?, ?
2026-09-25T00:49:36.418+05:30 TRACE 1303 --- [student-management-system] [http-nio-8080-exec-4] org.hibernate.orm.jdbc.bind              : binding parameter (1:INTEGER) <- [0]
2026-09-25T00:49:36.418+05:30 TRACE 1303 --- [student-management-system] [http-nio-8080-exec-4] org.hibernate.orm.jdbc.bind              : binding parameter (2:INTEGER) <- [10]
2026-09-25T00:49:39.027+05:30 DEBUG 1303 --- [student-management-system] [http-nio-8080-exec-1] org.hibernate.SQL                        : 
    select
        u1_0.id,
        u1_0.created_at,
        u1_0.password,
        u1_0.role,
        u1_0.updated_at,
        u1_0.username 
    from
        users u1_0 
    where
        u1_0.username=?
2026-09-25T00:49:39.027+05:30 TRACE 1303 --- [student-management-system] [http-nio-8080-exec-1] org.hibernate.orm.jdbc.bind              : binding parameter (1:VARCHAR) <- [user]
2026-09-25T00:49:39.034+05:30 DEBUG 1303 --- [student-management-system] [http-nio-8080-exec-1] org.hibernate.SQL                        : 
    select
        c1_0.id,
        c1_0.course_code,
        c1_0.course_name,
        c1_0.created_at,
        c1_0.description,
        c1_0.duration,
        c1_0.fees,
        c1_0.updated_at 
    from
        courses c1_0 
    order by
        c1_0.id 
    limit
        ?, ?
2026-09-25T00:49:39.034+05:30 TRACE 1303 --- [student-management-system] [http-nio-8080-exec-1] org.hibernate.orm.jdbc.bind              : binding parameter (1:INTEGER) <- [0]
2026-09-25T00:49:39.035+05:30 TRACE 1303 --- [student-management-system] [http-nio-8080-exec-1] org.hibernate.orm.jdbc.bind              : binding parameter (2:INTEGER) <- [10]
2026-09-25T00:49:39.049+05:30 DEBUG 1303 --- [student-management-system] [http-nio-8080-exec-8] org.hibernate.SQL                        : 
    select
        u1_0.id,
        u1_0.created_at,
        u1_0.password,
        u1_0.role,
        u1_0.updated_at,
        u1_0.username 
    from
        users u1_0 
    where
        u1_0.username=?
2026-09-25T00:49:39.049+05:30 TRACE 1303 --- [student-management-system] [http-nio-8080-exec-8] org.hibernate.orm.jdbc.bind              : binding parameter (1:VARCHAR) <- [user]
2026-09-25T00:49:39.053+05:30 DEBUG 1303 --- [student-management-system] [http-nio-8080-exec-8] org.hibernate.SQL                        : 
    select
        c1_0.id,
        c1_0.course_code,
        c1_0.course_name,
        c1_0.created_at,
        c1_0.description,
        c1_0.duration,
        c1_0.fees,
        c1_0.updated_at 
    from
        courses c1_0 
    order by
        c1_0.id 
    limit
        ?, ?
2026-09-25T00:49:39.054+05:30 TRACE 1303 --- [student-management-system] [http-nio-8080-exec-8] org.hibernate.orm.jdbc.bind              : binding parameter (1:INTEGER) <- [0]
2026-09-25T00:49:39.054+05:30 TRACE 1303 --- [student-management-system] [http-nio-8080-exec-8] org.hibernate.orm.jdbc.bind              : binding parameter (2:INTEGER) <- [10]
2026-09-25T00:49:39.645+05:30 DEBUG 1303 --- [student-management-system] [http-nio-8080-exec-1] org.hibernate.SQL                        : 
    select
        u1_0.id,
        u1_0.created_at,
        u1_0.password,
        u1_0.role,
        u1_0.updated_at,
        u1_0.username 
    from
        users u1_0 
    where
        u1_0.username=?
2026-09-25T00:49:39.645+05:30 DEBUG 1303 --- [student-management-system] [http-nio-8080-exec-10] org.hibernate.SQL                        : 
    select
        u1_0.id,
        u1_0.created_at,
        u1_0.password,
        u1_0.role,
        u1_0.updated_at,
        u1_0.username 
    from
        users u1_0 
    where
        u1_0.username=?
2026-09-25T00:49:39.645+05:30 DEBUG 1303 --- [student-management-system] [http-nio-8080-exec-4] org.hibernate.SQL                        : 
    select
        u1_0.id,
        u1_0.created_at,
        u1_0.password,
        u1_0.role,
        u1_0.updated_at,
        u1_0.username 
    from
        users u1_0 
    where
        u1_0.username=?
2026-09-25T00:49:39.645+05:30 TRACE 1303 --- [student-management-system] [http-nio-8080-exec-10] org.hibernate.orm.jdbc.bind              : binding parameter (1:VARCHAR) <- [user]
2026-09-25T00:49:39.645+05:30 TRACE 1303 --- [student-management-system] [http-nio-8080-exec-4] org.hibernate.orm.jdbc.bind              : binding parameter (1:VARCHAR) <- [user]
2026-09-25T00:49:39.645+05:30 TRACE 1303 --- [student-management-system] [http-nio-8080-exec-1] org.hibernate.orm.jdbc.bind              : binding parameter (1:VARCHAR) <- [user]
2026-09-25T00:49:39.657+05:30 DEBUG 1303 --- [student-management-system] [http-nio-8080-exec-4] org.hibernate.SQL                        : 
    select
        s1_0.id,
        s1_0.address,
        s1_0.created_at,
        s1_0.date_of_birth,
        s1_0.email,
        s1_0.first_name,
        s1_0.last_name,
        s1_0.phone,
        s1_0.updated_at 
    from
        students s1_0 
    order by
        s1_0.id 
    limit
        ?, ?
2026-09-25T00:49:39.657+05:30 TRACE 1303 --- [student-management-system] [http-nio-8080-exec-4] org.hibernate.orm.jdbc.bind              : binding parameter (1:INTEGER) <- [0]
2026-09-25T00:49:39.658+05:30 TRACE 1303 --- [student-management-system] [http-nio-8080-exec-4] org.hibernate.orm.jdbc.bind              : binding parameter (2:INTEGER) <- [100]
2026-09-25T00:49:39.658+05:30 DEBUG 1303 --- [student-management-system] [http-nio-8080-exec-1] org.hibernate.SQL                        : 
    select
        e1_0.id,
        e1_0.course_id,
        c1_0.id,
        c1_0.course_code,
        c1_0.course_name,
        c1_0.created_at,
        c1_0.description,
        c1_0.duration,
        c1_0.fees,
        c1_0.updated_at,
        e1_0.created_at,
        e1_0.enrollment_date,
        e1_0.status,
        e1_0.student_id,
        s1_0.id,
        s1_0.address,
        s1_0.created_at,
        s1_0.date_of_birth,
        s1_0.email,
        s1_0.first_name,
        s1_0.last_name,
        s1_0.phone,
        s1_0.updated_at,
        e1_0.updated_at 
    from
        enrollments e1_0 
    join
        courses c1_0 
            on c1_0.id=e1_0.course_id 
    join
        students s1_0 
            on s1_0.id=e1_0.student_id 
    limit
        ?, ?
2026-09-25T00:49:39.658+05:30 TRACE 1303 --- [student-management-system] [http-nio-8080-exec-1] org.hibernate.orm.jdbc.bind              : binding parameter (1:INTEGER) <- [0]
2026-09-25T00:49:39.658+05:30 TRACE 1303 --- [student-management-system] [http-nio-8080-exec-1] org.hibernate.orm.jdbc.bind              : binding parameter (2:INTEGER) <- [10]
2026-09-25T00:49:39.664+05:30 DEBUG 1303 --- [student-management-system] [http-nio-8080-exec-10] org.hibernate.SQL                        : 
    select
        c1_0.id,
        c1_0.course_code,
        c1_0.course_name,
        c1_0.created_at,
        c1_0.description,
        c1_0.duration,
        c1_0.fees,
        c1_0.updated_at 
    from
        courses c1_0 
    order by
        c1_0.id 
    limit
        ?, ?
2026-09-25T00:49:39.664+05:30 TRACE 1303 --- [student-management-system] [http-nio-8080-exec-10] org.hibernate.orm.jdbc.bind              : binding parameter (1:INTEGER) <- [0]
2026-09-25T00:49:39.664+05:30 TRACE 1303 --- [student-management-system] [http-nio-8080-exec-10] org.hibernate.orm.jdbc.bind              : binding parameter (2:INTEGER) <- [100]
2026-09-25T00:49:39.667+05:30 DEBUG 1303 --- [student-management-system] [http-nio-8080-exec-8] org.hibernate.SQL                        : 
    select
        u1_0.id,
        u1_0.created_at,
        u1_0.password,
        u1_0.role,
        u1_0.updated_at,
        u1_0.username 
    from
        users u1_0 
    where
        u1_0.username=?
2026-09-25T00:49:39.667+05:30 TRACE 1303 --- [student-management-system] [http-nio-8080-exec-8] org.hibernate.orm.jdbc.bind              : binding parameter (1:VARCHAR) <- [user]
2026-09-25T00:49:39.668+05:30 DEBUG 1303 --- [student-management-system] [http-nio-8080-exec-9] org.hibernate.SQL                        : 
    select
        u1_0.id,
        u1_0.created_at,
        u1_0.password,
        u1_0.role,
        u1_0.updated_at,
        u1_0.username 
    from
        users u1_0 
    where
        u1_0.username=?
2026-09-25T00:49:39.669+05:30 TRACE 1303 --- [student-management-system] [http-nio-8080-exec-9] org.hibernate.orm.jdbc.bind              : binding parameter (1:VARCHAR) <- [user]
2026-09-25T00:49:39.673+05:30 DEBUG 1303 --- [student-management-system] [http-nio-8080-exec-7] org.hibernate.SQL                        : 
    select
        u1_0.id,
        u1_0.created_at,
        u1_0.password,
        u1_0.role,
        u1_0.updated_at,
        u1_0.username 
    from
        users u1_0 
    where
        u1_0.username=?
2026-09-25T00:49:39.673+05:30 TRACE 1303 --- [student-management-system] [http-nio-8080-exec-7] org.hibernate.orm.jdbc.bind              : binding parameter (1:VARCHAR) <- [user]
2026-09-25T00:49:39.675+05:30 DEBUG 1303 --- [student-management-system] [http-nio-8080-exec-8] org.hibernate.SQL                        : 
    select
        s1_0.id,
        s1_0.address,
        s1_0.created_at,
        s1_0.date_of_birth,
        s1_0.email,
        s1_0.first_name,
        s1_0.last_name,
        s1_0.phone,
        s1_0.updated_at 
    from
        students s1_0 
    order by
        s1_0.id 
    limit
        ?, ?
2026-09-25T00:49:39.675+05:30 TRACE 1303 --- [student-management-system] [http-nio-8080-exec-8] org.hibernate.orm.jdbc.bind              : binding parameter (1:INTEGER) <- [0]
2026-09-25T00:49:39.676+05:30 TRACE 1303 --- [student-management-system] [http-nio-8080-exec-8] org.hibernate.orm.jdbc.bind              : binding parameter (2:INTEGER) <- [100]
2026-09-25T00:49:39.678+05:30 DEBUG 1303 --- [student-management-system] [http-nio-8080-exec-9] org.hibernate.SQL                        : 
    select
        e1_0.id,
        e1_0.course_id,
        c1_0.id,
        c1_0.course_code,
        c1_0.course_name,
        c1_0.created_at,
        c1_0.description,
        c1_0.duration,
        c1_0.fees,
        c1_0.updated_at,
        e1_0.created_at,
        e1_0.enrollment_date,
        e1_0.status,
        e1_0.student_id,
        s1_0.id,
        s1_0.address,
        s1_0.created_at,
        s1_0.date_of_birth,
        s1_0.email,
        s1_0.first_name,
        s1_0.last_name,
        s1_0.phone,
        s1_0.updated_at,
        e1_0.updated_at 
    from
        enrollments e1_0 
    join
        courses c1_0 
            on c1_0.id=e1_0.course_id 
    join
        students s1_0 
            on s1_0.id=e1_0.student_id 
    limit
        ?, ?
2026-09-25T00:49:39.678+05:30 TRACE 1303 --- [student-management-system] [http-nio-8080-exec-9] org.hibernate.orm.jdbc.bind              : binding parameter (1:INTEGER) <- [0]
2026-09-25T00:49:39.679+05:30 TRACE 1303 --- [student-management-system] [http-nio-8080-exec-9] org.hibernate.orm.jdbc.bind              : binding parameter (2:INTEGER) <- [10]
2026-09-25T00:49:39.680+05:30 DEBUG 1303 --- [student-management-system] [http-nio-8080-exec-7] org.hibernate.SQL                        : 
    select
        c1_0.id,
        c1_0.course_code,
        c1_0.course_name,
        c1_0.created_at,
        c1_0.description,
        c1_0.duration,
        c1_0.fees,
        c1_0.updated_at 
    from
        courses c1_0 
    order by
        c1_0.id 
    limit
        ?, ?
2026-09-25T00:49:39.680+05:30 TRACE 1303 --- [student-management-system] [http-nio-8080-exec-7] org.hibernate.orm.jdbc.bind              : binding parameter (1:INTEGER) <- [0]
2026-09-25T00:49:39.681+05:30 TRACE 1303 --- [student-management-system] [http-nio-8080-exec-7] org.hibernate.orm.jdbc.bind              : binding parameter (2:INTEGER) <- [100]
2026-09-25T00:49:42.859+05:30 DEBUG 1303 --- [student-management-system] [http-nio-8080-exec-3] org.hibernate.SQL                        : 
    select
        u1_0.id,
        u1_0.created_at,
        u1_0.password,
        u1_0.role,
        u1_0.updated_at,
        u1_0.username 
    from
        users u1_0 
    where
        u1_0.username=?
2026-09-25T00:49:42.860+05:30 TRACE 1303 --- [student-management-system] [http-nio-8080-exec-3] org.hibernate.orm.jdbc.bind              : binding parameter (1:VARCHAR) <- [user]
2026-09-25T00:49:42.868+05:30 DEBUG 1303 --- [student-management-system] [http-nio-8080-exec-3] org.hibernate.SQL                        : 
    select
        s1_0.id,
        s1_0.address,
        s1_0.created_at,
        s1_0.date_of_birth,
        s1_0.email,
        s1_0.first_name,
        s1_0.last_name,
        s1_0.phone,
        s1_0.updated_at 
    from
        students s1_0 
    order by
        s1_0.id 
    limit
        ?, ?
2026-09-25T00:49:42.868+05:30 TRACE 1303 --- [student-management-system] [http-nio-8080-exec-3] org.hibernate.orm.jdbc.bind              : binding parameter (1:INTEGER) <- [0]
2026-09-25T00:49:42.868+05:30 TRACE 1303 --- [student-management-system] [http-nio-8080-exec-3] org.hibernate.orm.jdbc.bind              : binding parameter (2:INTEGER) <- [10]
2026-09-25T00:49:42.882+05:30 DEBUG 1303 --- [student-management-system] [http-nio-8080-exec-2] org.hibernate.SQL                        : 
    select
        u1_0.id,
        u1_0.created_at,
        u1_0.password,
        u1_0.role,
        u1_0.updated_at,
        u1_0.username 
    from
        users u1_0 
    where
        u1_0.username=?
2026-09-25T00:49:42.882+05:30 TRACE 1303 --- [student-management-system] [http-nio-8080-exec-2] org.hibernate.orm.jdbc.bind              : binding parameter (1:VARCHAR) <- [user]
2026-09-25T00:49:42.887+05:30 DEBUG 1303 --- [student-management-system] [http-nio-8080-exec-2] org.hibernate.SQL                        : 
    select
        s1_0.id,
        s1_0.address,
        s1_0.created_at,
        s1_0.date_of_birth,
        s1_0.email,
        s1_0.first_name,
        s1_0.last_name,
        s1_0.phone,
        s1_0.updated_at 
    from
        students s1_0 
    order by
        s1_0.id 
    limit
        ?, ?
2026-09-25T00:49:42.887+05:30 TRACE 1303 --- [student-management-system] [http-nio-8080-exec-2] org.hibernate.orm.jdbc.bind              : binding parameter (1:INTEGER) <- [0]
2026-09-25T00:49:42.887+05:30 TRACE 1303 --- [student-management-system] [http-nio-8080-exec-2] org.hibernate.orm.jdbc.bind              : binding parameter (2:INTEGER) <- [10]
2026-09-25T00:53:52.384+05:30  INFO 1303 --- [student-management-system] [RMI TCP Connection(20)-127.0.0.1] inMXBeanRegistrar$SpringApplicationAdmin : Application shutdown requested.
2026-09-25T00:53:52.396+05:30  INFO 1303 --- [student-management-system] [RMI TCP Connection(20)-127.0.0.1] o.s.boot.tomcat.GracefulShutdown         : Commencing graceful shutdown. Waiting for active requests to complete
2026-09-25T00:53:52.399+05:30  INFO 1303 --- [student-management-system] [tomcat-shutdown] o.s.boot.tomcat.GracefulShutdown         : Graceful shutdown complete
2026-09-25T00:53:52.416+05:30  INFO 1303 --- [student-management-system] [RMI TCP Connection(20)-127.0.0.1] j.LocalContainerEntityManagerFactoryBean : Closing JPA EntityManagerFactory for persistence unit 'default'
2026-09-25T00:53:52.422+05:30  INFO 1303 --- [student-management-system] [RMI TCP Connection(20)-127.0.0.1] com.zaxxer.hikari.HikariDataSource       : HikariPool-1 - Shutdown initiated...
2026-09-25T00:53:52.427+05:30  INFO 1303 --- [student-management-system] [RMI TCP Connection(20)-127.0.0.1] com.zaxxer.hikari.HikariDataSource       : HikariPool-1 - Shutdown completed.
